timestamp,datetime,open,high,low,close,volume
1763328000000,2025-11-16 23:20:00,0.0002711,0.0002715,0.000271,0.0002711,339240.0
1763328300000,2025-11-16 23:25:00,0.0002711,0.0002711,0.0002705,0.0002705,477240.0
1763328600000,2025-11-16 23:30:00,0.0002705,0.0002715,0.0002705,0.0002715,1582860.0
1763328900000,2025-11-16 23:35:00,0.0002715,0.0002716,0.0002709,0.0002713,6737640.0
1763329200000,2025-11-16 23:40:00,0.0002713,0.0002721,0.0002711,0.0002719,1085160.0
1763329500000,2025-11-16 23:45:00,0.0002719,0.0002728,0.0002719,0.0002727,10976540.0
1763329800000,2025-11-16 23:50:00,0.0002727,0.0002738,0.0002727,0.0002733,24176220.0
1763330100000,2025-11-16 23:55:00,0.0002733,0.000274,0.0002733,0.000274,155420.0
1763330400000,2025-11-17 00:00:00,0.000274,0.000274,0.000272,0.000272,4385120.0
1763330700000,2025-11-17 00:05:00,0.000272,0.0002723,0.0002717,0.0002721,2047090.0
1763331000000,2025-11-17 00:10:00,0.0002721,0.0002746,0.0002713,0.0002746,5914580.0
1763331300000,2025-11-17 00:15:00,0.0002746,0.0002746,0.0002729,0.0002742,1656430.0
1763331600000,2025-11-17 00:20:00,0.0002742,0.0002745,0.0002738,0.0002738,1076100.0
1763331900000,2025-11-17 00:25:00,0.0002738,0.0002747,0.0002736,0.0002744,10991890.0
1763332200000,2025-11-17 00:30:00,0.0002744,0.0002745,0.0002738,0.000274,8423120.0
1763332500000,2025-11-17 00:35:00,0.000274,0.0002744,0.0002739,0.0002739,916060.0
1763332800000,2025-11-17 00:40:00,0.0002739,0.0002739,0.0002737,0.0002739,668090.0
1763333100000,2025-11-17 00:45:00,0.0002739,0.0002747,0.0002729,0.0002747,6969040.0
1763333400000,2025-11-17 00:50:00,0.0002747,0.0002764,0.0002747,0.0002763,5837290.0
1763333700000,2025-11-17 00:55:00,0.0002763,0.0002764,0.0002755,0.0002755,774610.0
1763334000000,2025-11-17 01:00:00,0.0002755,0.0002755,0.0002705,0.0002714,11478620.0
1763334300000,2025-11-17 01:05:00,0.0002714,0.0002738,0.0002709,0.0002733,2217800.0
1763334600000,2025-11-17 01:10:00,0.0002733,0.0002763,0.0002733,0.000276,2675850.0
1763334900000,2025-11-17 01:15:00,0.000276,0.0002769,0.0002743,0.0002746,8067780.0
1763335200000,2025-11-17 01:20:00,0.0002746,0.0002772,0.0002746,0.0002772,1227910.0
1763335500000,2025-11-17 01:25:00,0.0002772,0.0002773,0.0002764,0.0002773,1914570.0
1763335800000,2025-11-17 01:30:00,0.0002773,0.0002776,0.0002767,0.0002767,4873250.0
1763336100000,2025-11-17 01:35:00,0.0002767,0.0002784,0.0002767,0.0002777,738770.0
1763336400000,2025-11-17 01:40:00,0.0002777,0.000278,0.0002775,0.0002775,2571060.0
1763336700000,2025-11-17 01:45:00,0.0002775,0.0002777,0.000277,0.000277,846070.0
1763337000000,2025-11-17 01:50:00,0.000277,0.0002773,0.000277,0.0002772,839240.0
1763337300000,2025-11-17 01:55:00,0.0002772,0.0002772,0.0002763,0.0002767,303220.0
1763337600000,2025-11-17 02:00:00,0.0002767,0.0002768,0.0002762,0.0002768,1938330.0
1763337900000,2025-11-17 02:05:00,0.0002768,0.0002773,0.0002765,0.0002771,904950.0
1763338200000,2025-11-17 02:10:00,0.0002771,0.0002775,0.0002769,0.0002775,471660.0
1763338500000,2025-11-17 02:15:00,0.0002775,0.0002775,0.0002746,0.0002752,2378370.0
1763338800000,2025-11-17 02:20:00,0.0002752,0.0002755,0.0002746,0.0002755,2063380.0
1763339100000,2025-11-17 02:25:00,0.0002755,0.0002785,0.0002755,0.0002785,2395440.0
1763339400000,2025-11-17 02:30:00,0.0002785,0.0002801,0.0002785,0.0002801,3773130.0
1763339700000,2025-11-17 02:35:00,0.0002801,0.0002824,0.0002798,0.000282,21644530.0
1763340000000,2025-11-17 02:40:00,0.000282,0.000282,0.0002803,0.0002804,1061210.0
1763340300000,2025-11-17 02:45:00,0.0002804,0.0002804,0.0002797,0.0002797,375140.0
1763340600000,2025-11-17 02:50:00,0.0002797,0.0002807,0.0002797,0.0002807,919730.0
1763340900000,2025-11-17 02:55:00,0.0002807,0.0002811,0.0002801,0.0002801,1056270.0
1763341200000,2025-11-17 03:00:00,0.0002801,0.0002806,0.0002799,0.0002803,2027130.0
1763341500000,2025-11-17 03:05:00,0.0002803,0.0002803,0.0002794,0.0002795,518510.0
1763341800000,2025-11-17 03:10:00,0.0002795,0.0002798,0.0002793,0.0002795,1437770.0
1763342100000,2025-11-17 03:15:00,0.0002795,0.0002795,0.0002789,0.0002789,1177140.0
1763342400000,2025-11-17 03:20:00,0.0002789,0.0002791,0.0002785,0.0002785,1038170.0
1763342700000,2025-11-17 03:25:00,0.0002785,0.00028,0.0002785,0.0002797,6806640.0
1763343000000,2025-11-17 03:30:00,0.0002797,0.0002797,0.0002792,0.0002792,1328620.0
1763343300000,2025-11-17 03:35:00,0.0002792,0.0002798,0.0002792,0.0002798,277590.0
1763343600000,2025-11-17 03:40:00,0.0002798,0.0002798,0.0002784,0.0002787,765890.0
1763343900000,2025-11-17 03:45:00,0.0002787,0.0002792,0.0002787,0.000279,616150.0
1763344200000,2025-11-17 03:50:00,0.000279,0.000279,0.0002782,0.0002782,947160.0
1763344500000,2025-11-17 03:55:00,0.0002782,0.0002782,0.000278,0.0002782,663870.0
1763344800000,2025-11-17 04:00:00,0.0002782,0.000279,0.0002781,0.000279,4219830.0
1763345100000,2025-11-17 04:05:00,0.000279,0.0002795,0.0002785,0.0002785,404250.0
1763345400000,2025-11-17 04:10:00,0.0002785,0.000281,0.0002782,0.0002806,13480710.0
1763345700000,2025-11-17 04:15:00,0.0002806,0.0002807,0.0002799,0.0002799,787010.0
1763346000000,2025-11-17 04:20:00,0.0002799,0.0002806,0.0002799,0.0002804,830380.0
1763346300000,2025-11-17 04:25:00,0.0002804,0.0002804,0.0002796,0.0002799,1925860.0
1763346600000,2025-11-17 04:30:00,0.0002799,0.0002801,0.0002799,0.0002801,324930.0
1763346900000,2025-11-17 04:35:00,0.0002801,0.0002802,0.0002798,0.0002798,325860.0
1763347200000,2025-11-17 04:40:00,0.0002798,0.0002799,0.0002797,0.0002797,352630.0
1763347500000,2025-11-17 04:45:00,0.0002797,0.0002799,0.0002797,0.0002799,276100.0
1763347800000,2025-11-17 04:50:00,0.0002799,0.0002802,0.0002799,0.0002802,266740.0
1763348100000,2025-11-17 04:55:00,0.0002802,0.0002802,0.0002801,0.0002801,46190.0
1763348400000,2025-11-17 05:00:00,0.0002801,0.0002807,0.0002801,0.0002807,920770.0
1763348700000,2025-11-17 05:05:00,0.0002807,0.0002809,0.0002804,0.0002808,1356400.0
1763349000000,2025-11-17 05:10:00,0.0002808,0.0002815,0.0002808,0.0002815,3570030.0
1763349300000,2025-11-17 05:15:00,0.0002815,0.000282,0.0002815,0.0002819,549820.0
1763349600000,2025-11-17 05:20:00,0.0002819,0.0002822,0.0002814,0.000282,502910.0
1763349900000,2025-11-17 05:25:00,0.000282,0.0002821,0.0002816,0.0002816,744790.0
1763350200000,2025-11-17 05:30:00,0.0002816,0.000282,0.0002816,0.000282,109790.0
1763350500000,2025-11-17 05:35:00,0.000282,0.0002821,0.000282,0.0002821,104670.0
1763350800000,2025-11-17 05:40:00,0.0002821,0.0002822,0.0002819,0.0002822,1034380.0
1763351100000,2025-11-17 05:45:00,0.0002822,0.0002822,0.0002821,0.0002821,509930.0
1763351400000,2025-11-17 05:50:00,0.0002821,0.0002824,0.0002821,0.0002824,164610.0
1763351700000,2025-11-17 05:55:00,0.0002824,0.0002824,0.0002823,0.0002823,82640.0
1763352000000,2025-11-17 06:00:00,0.0002823,0.0002832,0.0002823,0.000283,4538720.0
1763352300000,2025-11-17 06:05:00,0.000283,0.000283,0.0002823,0.0002825,423530.0
1763352600000,2025-11-17 06:10:00,0.0002825,0.0002825,0.0002822,0.0002824,773780.0
1763352900000,2025-11-17 06:15:00,0.0002824,0.0002824,0.0002823,0.0002823,122780.0
1763353200000,2025-11-17 06:20:00,0.0002823,0.0002826,0.0002821,0.0002826,479890.0
1763353500000,2025-11-17 06:25:00,0.0002826,0.0002836,0.0002825,0.0002834,626760.0
1763353800000,2025-11-17 06:30:00,0.0002834,0.0002834,0.000282,0.0002821,1551290.0
1763354100000,2025-11-17 06:35:00,0.0002821,0.0002822,0.0002821,0.0002822,764130.0
1763354400000,2025-11-17 06:40:00,0.0002822,0.0002831,0.0002822,0.0002831,124100.0
1763354700000,2025-11-17 06:45:00,0.0002831,0.0002831,0.0002824,0.0002825,154420.0
1763355000000,2025-11-17 06:50:00,0.0002825,0.0002826,0.0002825,0.0002826,666360.0
1763355300000,2025-11-17 06:55:00,0.0002826,0.0002826,0.0002821,0.0002821,573620.0
1763355600000,2025-11-17 07:00:00,0.0002821,0.0002824,0.0002821,0.0002822,2003940.0
1763355900000,2025-11-17 07:05:00,0.0002822,0.0002825,0.0002819,0.000282,869590.0
1763356200000,2025-11-17 07:10:00,0.000282,0.000282,0.0002812,0.0002816,1896820.0
1763356500000,2025-11-17 07:15:00,0.0002816,0.0002818,0.0002815,0.0002816,1067530.0
1763356800000,2025-11-17 07:20:00,0.0002816,0.0002822,0.0002816,0.0002817,2896120.0
1763357100000,2025-11-17 07:25:00,0.0002817,0.0002821,0.0002817,0.0002821,514440.0
1763357400000,2025-11-17 07:30:00,0.0002821,0.0002821,0.0002817,0.0002817,80270.0
1763357700000,2025-11-17 07:35:00,0.0002817,0.0002819,0.000281,0.000281,1748110.0
1763358000000,2025-11-17 07:40:00,0.000281,0.0002814,0.000281,0.0002814,244490.0
1763358300000,2025-11-17 07:45:00,0.0002814,0.0002822,0.0002814,0.0002821,749430.0
1763358600000,2025-11-17 07:50:00,0.0002821,0.0002824,0.0002818,0.000282,1246120.0
1763358900000,2025-11-17 07:55:00,0.000282,0.000282,0.0002817,0.0002817,270990.0
1763359200000,2025-11-17 08:00:00,0.0002817,0.000282,0.0002814,0.000282,4821120.0
1763359500000,2025-11-17 08:05:00,0.000282,0.0002821,0.0002816,0.0002816,4657090.0
1763359800000,2025-11-17 08:10:00,0.0002816,0.0002816,0.0002805,0.0002805,3734650.0
1763360100000,2025-11-17 08:15:00,0.0002805,0.0002819,0.0002805,0.0002817,432000.0
1763360400000,2025-11-17 08:20:00,0.0002817,0.0002818,0.0002813,0.0002813,139660.0
1763360700000,2025-11-17 08:25:00,0.0002813,0.0002815,0.0002813,0.0002815,268730.0
1763361000000,2025-11-17 08:30:00,0.0002815,0.0002817,0.0002813,0.0002813,393630.0
1763361300000,2025-11-17 08:35:00,0.0002813,0.0002814,0.0002813,0.0002813,117780.0
1763361600000,2025-11-17 08:40:00,0.0002813,0.0002813,0.000281,0.000281,305690.0
1763361900000,2025-11-17 08:45:00,0.000281,0.0002812,0.0002808,0.0002812,3520900.0
1763362200000,2025-11-17 08:50:00,0.0002812,0.0002819,0.0002811,0.0002818,2251400.0
1763362500000,2025-11-17 08:55:00,0.0002818,0.0002824,0.0002818,0.0002823,344250.0
1763362800000,2025-11-17 09:00:00,0.0002823,0.0002825,0.0002822,0.0002824,4273770.0
1763363100000,2025-11-17 09:05:00,0.0002824,0.0002831,0.0002824,0.0002828,4974370.0
1763363400000,2025-11-17 09:10:00,0.0002828,0.000283,0.0002824,0.0002825,507420.0
1763363700000,2025-11-17 09:15:00,0.0002825,0.0002833,0.0002825,0.000283,775900.0
1763364000000,2025-11-17 09:20:00,0.000283,0.0002833,0.000283,0.0002833,250540.0
1763364300000,2025-11-17 09:25:00,0.0002833,0.0002833,0.0002828,0.0002828,494550.0
1763364600000,2025-11-17 09:30:00,0.0002828,0.0002833,0.0002827,0.0002827,2001530.0
1763364900000,2025-11-17 09:35:00,0.0002827,0.0002828,0.0002826,0.0002827,350830.0
1763365200000,2025-11-17 09:40:00,0.0002827,0.000283,0.0002827,0.0002828,447410.0
1763365500000,2025-11-17 09:45:00,0.0002828,0.0002831,0.0002827,0.0002827,493660.0
1763365800000,2025-11-17 09:50:00,0.0002827,0.0002829,0.0002823,0.0002823,643940.0
1763366100000,2025-11-17 09:55:00,0.0002823,0.0002824,0.0002823,0.0002824,50050.0
1763366400000,2025-11-17 10:00:00,0.0002824,0.0002828,0.0002824,0.0002826,1174780.0
1763366700000,2025-11-17 10:05:00,0.0002826,0.0002828,0.0002825,0.0002825,213760.0
1763367000000,2025-11-17 10:10:00,0.0002825,0.0002828,0.0002823,0.0002828,4135090.0
1763367300000,2025-11-17 10:15:00,0.0002828,0.0002831,0.0002824,0.0002825,6877550.0
1763367600000,2025-11-17 10:20:00,0.0002825,0.0002831,0.0002825,0.0002831,656740.0
1763367900000,2025-11-17 10:25:00,0.0002831,0.0002831,0.0002827,0.0002827,501010.0
1763368200000,2025-11-17 10:30:00,0.0002827,0.0002827,0.0002819,0.0002819,515490.0
1763368500000,2025-11-17 10:35:00,0.0002819,0.0002823,0.0002819,0.0002823,1108590.0
1763368800000,2025-11-17 10:40:00,0.0002823,0.0002823,0.0002818,0.0002818,20940.0
1763369100000,2025-11-17 10:45:00,0.0002818,0.0002819,0.0002817,0.0002817,2648790.0
1763369400000,2025-11-17 10:50:00,0.0002817,0.0002817,0.0002814,0.0002815,258550.0
1763369700000,2025-11-17 10:55:00,0.0002815,0.0002815,0.0002815,0.0002815,351910.0
1763370000000,2025-11-17 11:00:00,0.0002815,0.0002815,0.000281,0.0002811,3830020.0
1763370300000,2025-11-17 11:05:00,0.0002811,0.0002816,0.0002811,0.0002815,472470.0
1763370600000,2025-11-17 11:10:00,0.0002815,0.0002823,0.0002815,0.0002819,300870.0
1763370900000,2025-11-17 11:15:00,0.0002819,0.000283,0.0002817,0.0002829,9449000.0
1763371200000,2025-11-17 11:20:00,0.0002829,0.000283,0.0002826,0.000283,624060.0
1763371500000,2025-11-17 11:25:00,0.000283,0.0002831,0.0002826,0.0002826,370790.0
1763371800000,2025-11-17 11:30:00,0.0002826,0.0002826,0.0002825,0.0002825,250580.0
1763372100000,2025-11-17 11:35:00,0.0002825,0.0002825,0.0002821,0.0002821,39160.0
1763372400000,2025-11-17 11:40:00,0.0002821,0.0002826,0.0002821,0.0002826,298480.0
1763372700000,2025-11-17 11:45:00,0.0002826,0.0002827,0.0002826,0.0002827,115490.0
1763373000000,2025-11-17 11:50:00,0.0002827,0.0002827,0.0002821,0.0002821,3368600.0
1763373300000,2025-11-17 11:55:00,0.0002821,0.0002821,0.000282,0.0002821,632550.0
1763373600000,2025-11-17 12:00:00,0.0002821,0.0002822,0.0002819,0.0002819,2511030.0
1763373900000,2025-11-17 12:05:00,0.0002819,0.000282,0.0002819,0.000282,664910.0
1763374200000,2025-11-17 12:10:00,0.000282,0.0002827,0.000282,0.0002827,789650.0
1763374500000,2025-11-17 12:15:00,0.0002827,0.0002828,0.0002827,0.0002827,319840.0
1763374800000,2025-11-17 12:20:00,0.0002827,0.0002827,0.0002822,0.0002823,296570.0
1763375100000,2025-11-17 12:25:00,0.0002823,0.0002825,0.0002804,0.0002814,25404620.0
1763375400000,2025-11-17 12:30:00,0.0002814,0.0002814,0.0002797,0.0002802,27395860.0
1763375700000,2025-11-17 12:35:00,0.0002802,0.0002805,0.0002802,0.0002803,20889960.0
1763376000000,2025-11-17 12:40:00,0.0002803,0.0002804,0.0002803,0.0002804,325790.0
1763376300000,2025-11-17 12:45:00,0.0002804,0.0002804,0.0002796,0.0002796,4659880.0
1763376600000,2025-11-17 12:50:00,0.0002796,0.0002801,0.0002791,0.0002796,8920490.0
1763376900000,2025-11-17 12:55:00,0.0002796,0.0002797,0.0002795,0.0002797,20518240.0
1763377200000,2025-11-17 13:00:00,0.0002797,0.0002802,0.0002797,0.00028,6320150.0
1763377500000,2025-11-17 13:05:00,0.00028,0.0002802,0.00028,0.0002802,1280570.0
1763377800000,2025-11-17 13:10:00,0.0002802,0.0002804,0.0002797,0.0002802,13688720.0
1763378100000,2025-11-17 13:15:00,0.0002802,0.0002806,0.0002802,0.0002806,3278660.0
1763378400000,2025-11-17 13:20:00,0.0002806,0.0002806,0.0002801,0.0002801,2071280.0
1763378700000,2025-11-17 13:25:00,0.0002801,0.0002805,0.0002798,0.0002803,20866540.0
1763379000000,2025-11-17 13:30:00,0.0002803,0.0002825,0.0002803,0.0002819,9904360.0
1763379300000,2025-11-17 13:35:00,0.0002819,0.0002819,0.0002816,0.0002817,696040.0
1763379600000,2025-11-17 13:40:00,0.0002817,0.0002817,0.0002808,0.0002808,1855170.0
1763379900000,2025-11-17 13:45:00,0.0002808,0.0002808,0.00028,0.00028,499960.0
1763380200000,2025-11-17 13:50:00,0.00028,0.0002807,0.0002799,0.0002803,9140080.0
1763380500000,2025-11-17 13:55:00,0.0002803,0.0002804,0.0002803,0.0002804,416440.0
1763380800000,2025-11-17 14:00:00,0.0002804,0.0002808,0.0002804,0.0002806,1797280.0
1763381100000,2025-11-17 14:05:00,0.0002806,0.0002808,0.0002805,0.0002805,1009890.0
1763381400000,2025-11-17 14:10:00,0.0002805,0.0002806,0.0002805,0.0002806,485640.0
1763381700000,2025-11-17 14:15:00,0.0002806,0.0002812,0.0002806,0.0002812,614380.0
1763382000000,2025-11-17 14:20:00,0.0002812,0.0002812,0.000281,0.000281,268570.0
1763382300000,2025-11-17 14:25:00,0.000281,0.0002815,0.000281,0.0002814,1376540.0
1763382600000,2025-11-17 14:30:00,0.0002814,0.0002816,0.0002812,0.0002812,333060.0
1763382900000,2025-11-17 14:35:00,0.0002812,0.0002813,0.0002806,0.0002808,886150.0
1763383200000,2025-11-17 14:40:00,0.0002808,0.0002814,0.0002808,0.000281,862270.0
1763383500000,2025-11-17 14:45:00,0.000281,0.0002812,0.0002807,0.0002808,228200.0
1763383800000,2025-11-17 14:50:00,0.0002808,0.0002808,0.0002806,0.0002806,115850.0
1763384100000,2025-11-17 14:55:00,0.0002806,0.000281,0.0002806,0.0002808,189410.0
1763384400000,2025-11-17 15:00:00,0.0002808,0.0002809,0.0002799,0.0002799,1432370.0
1763384700000,2025-11-17 15:05:00,0.0002799,0.0002803,0.0002795,0.0002795,20363090.0
1763385000000,2025-11-17 15:10:00,0.0002795,0.0002795,0.0002783,0.0002784,4233890.0
1763385300000,2025-11-17 15:15:00,0.0002784,0.000279,0.0002784,0.0002788,799350.0
1763385600000,2025-11-17 15:20:00,0.0002788,0.000279,0.0002786,0.000279,1402330.0
1763385900000,2025-11-17 15:25:00,0.000279,0.000279,0.0002769,0.0002781,25609630.0
1763386200000,2025-11-17 15:30:00,0.0002781,0.0002788,0.0002773,0.0002773,7600910.0
1763386500000,2025-11-17 15:35:00,0.0002773,0.0002778,0.0002764,0.0002765,9426360.0
1763386800000,2025-11-17 15:40:00,0.0002765,0.0002769,0.0002756,0.0002757,3028620.0
1763387100000,2025-11-17 15:45:00,0.0002757,0.0002759,0.000275,0.000275,1966180.0
1763387400000,2025-11-17 15:50:00,0.000275,0.000275,0.0002735,0.0002736,22604620.0
1763387700000,2025-11-17 15:55:00,0.0002736,0.0002753,0.000273,0.0002751,2714960.0
1763388000000,2025-11-17 16:00:00,0.0002751,0.000276,0.0002741,0.0002759,5774390.0
1763388300000,2025-11-17 16:05:00,0.0002759,0.0002759,0.0002733,0.0002737,4508730.0
1763388600000,2025-11-17 16:10:00,0.0002737,0.0002746,0.0002736,0.0002745,1961030.0
1763388900000,2025-11-17 16:15:00,0.0002745,0.0002772,0.0002745,0.0002771,3796040.0
1763389200000,2025-11-17 16:20:00,0.0002771,0.0002771,0.0002751,0.0002751,1218930.0
1763389500000,2025-11-17 16:25:00,0.0002751,0.0002755,0.0002746,0.0002755,11119370.0
1763389800000,2025-11-17 16:30:00,0.0002755,0.0002789,0.0002742,0.0002788,8919390.0
1763390100000,2025-11-17 16:35:00,0.0002788,0.0002846,0.0002787,0.0002818,13427450.0
1763390400000,2025-11-17 16:40:00,0.0002818,0.0002819,0.0002796,0.00028,8023170.0
1763390700000,2025-11-17 16:45:00,0.00028,0.0002815,0.0002799,0.0002806,611100.0
1763391000000,2025-11-17 16:50:00,0.0002806,0.000282,0.000279,0.0002792,6679640.0
1763391300000,2025-11-17 16:55:00,0.0002792,0.0002792,0.0002783,0.0002788,5772840.0
1763391600000,2025-11-17 17:00:00,0.0002788,0.0002801,0.0002781,0.0002781,7063700.0
1763391900000,2025-11-17 17:05:00,0.0002781,0.0002803,0.0002767,0.0002773,11611570.0
1763392200000,2025-11-17 17:10:00,0.0002773,0.0002786,0.0002771,0.0002779,5138220.0
1763392500000,2025-11-17 17:15:00,0.0002779,0.0002786,0.0002754,0.0002754,7082940.0
1763392800000,2025-11-17 17:20:00,0.0002754,0.0002775,0.0002754,0.000277,1354530.0
1763393100000,2025-11-17 17:25:00,0.000277,0.0002802,0.0002768,0.0002794,6655080.0
1763393400000,2025-11-17 17:30:00,0.0002794,0.0002795,0.0002772,0.0002774,5497710.0
1763393700000,2025-11-17 17:35:00,0.0002774,0.0002774,0.0002763,0.0002763,2949860.0
1763394000000,2025-11-17 17:40:00,0.0002763,0.000277,0.0002759,0.000277,831080.0
1763394300000,2025-11-17 17:45:00,0.000277,0.0002778,0.0002761,0.0002761,2859370.0
1763394600000,2025-11-17 17:50:00,0.0002761,0.0002767,0.0002756,0.0002764,2252690.0
1763394900000,2025-11-17 17:55:00,0.0002764,0.0002764,0.0002759,0.0002762,356180.0
1763395200000,2025-11-17 18:00:00,0.0002762,0.0002763,0.0002737,0.000274,3120660.0
1763395500000,2025-11-17 18:05:00,0.000274,0.0002743,0.0002732,0.0002742,5008410.0
1763395800000,2025-11-17 18:10:00,0.0002742,0.0002746,0.0002734,0.0002736,4450790.0
1763396100000,2025-11-17 18:15:00,0.0002736,0.0002736,0.0002718,0.0002726,3506100.0
1763396400000,2025-11-17 18:20:00,0.0002726,0.0002758,0.0002723,0.0002751,9330840.0
1763396700000,2025-11-17 18:25:00,0.0002751,0.0002758,0.0002741,0.0002758,2635050.0
1763397000000,2025-11-17 18:30:00,0.0002758,0.0002773,0.0002753,0.0002756,5975260.0
1763397300000,2025-11-17 18:35:00,0.0002756,0.0002769,0.0002756,0.0002769,813050.0
1763397600000,2025-11-17 18:40:00,0.0002769,0.0002778,0.0002766,0.0002766,2352160.0
1763397900000,2025-11-17 18:45:00,0.0002766,0.0002771,0.0002761,0.0002765,2923370.0
1763398200000,2025-11-17 18:50:00,0.0002765,0.0002794,0.0002765,0.0002793,4300470.0
1763398500000,2025-11-17 18:55:00,0.0002793,0.0002798,0.000279,0.0002796,1009810.0
1763398800000,2025-11-17 19:00:00,0.0002796,0.0002796,0.0002784,0.0002785,610740.0
1763399100000,2025-11-17 19:05:00,0.0002785,0.0002791,0.0002784,0.0002786,1418000.0
1763399400000,2025-11-17 19:10:00,0.0002786,0.0002787,0.0002779,0.0002781,1516740.0
1763399700000,2025-11-17 19:15:00,0.0002781,0.0002781,0.0002772,0.0002779,2026770.0
1763400000000,2025-11-17 19:20:00,0.0002779,0.0002779,0.0002765,0.0002765,1679670.0
1763400300000,2025-11-17 19:25:00,0.0002765,0.0002765,0.0002752,0.0002752,3849720.0
1763400600000,2025-11-17 19:30:00,0.0002752,0.0002752,0.0002744,0.0002749,3143170.0
1763400900000,2025-11-17 19:35:00,0.0002749,0.0002751,0.0002731,0.0002738,11272430.0
1763401200000,2025-11-17 19:40:00,0.0002738,0.0002739,0.000272,0.0002721,8232660.0
1763401500000,2025-11-17 19:45:00,0.0002721,0.0002725,0.0002714,0.0002725,2353140.0
1763401800000,2025-11-17 19:50:00,0.0002725,0.0002725,0.0002716,0.0002716,23787180.0
1763402100000,2025-11-17 19:55:00,0.0002716,0.0002726,0.0002716,0.0002725,1501990.0
1763402400000,2025-11-17 20:00:00,0.0002725,0.0002726,0.0002713,0.0002723,6354250.0
1763402700000,2025-11-17 20:05:00,0.0002723,0.0002733,0.0002723,0.0002728,4721070.0
1763403000000,2025-11-17 20:10:00,0.0002728,0.0002741,0.0002714,0.0002719,4445710.0
1763403300000,2025-11-17 20:15:00,0.0002719,0.0002721,0.000271,0.0002719,2865060.0
1763403600000,2025-11-17 20:20:00,0.0002719,0.0002722,0.0002707,0.0002711,10166840.0
1763403900000,2025-11-17 20:25:00,0.0002711,0.0002714,0.0002705,0.0002709,2120910.0
1763404200000,2025-11-17 20:30:00,0.0002709,0.0002709,0.0002696,0.0002702,3507160.0
1763404500000,2025-11-17 20:35:00,0.0002702,0.0002713,0.0002698,0.0002713,6341140.0
1763404800000,2025-11-17 20:40:00,0.0002713,0.0002714,0.0002705,0.0002706,3219200.0
1763405100000,2025-11-17 20:45:00,0.0002706,0.0002733,0.0002706,0.0002717,13269970.0
1763405400000,2025-11-17 20:50:00,0.0002717,0.0002717,0.0002707,0.0002708,1514830.0
1763405700000,2025-11-17 20:55:00,0.0002708,0.0002708,0.0002701,0.0002703,2293990.0
1763406000000,2025-11-17 21:00:00,0.0002703,0.0002708,0.0002697,0.0002699,1241310.0
1763406300000,2025-11-17 21:05:00,0.0002699,0.0002714,0.0002697,0.0002711,1637460.0
1763406600000,2025-11-17 21:10:00,0.0002711,0.0002713,0.0002701,0.0002703,1475010.0
1763406900000,2025-11-17 21:15:00,0.0002703,0.0002708,0.0002696,0.0002696,4683300.0
1763407200000,2025-11-17 21:20:00,0.0002696,0.0002705,0.0002696,0.00027,1645050.0
1763407500000,2025-11-17 21:25:00,0.00027,0.00027,0.000269,0.0002693,2069330.0
1763407800000,2025-11-17 21:30:00,0.0002693,0.0002698,0.000268,0.0002696,3272280.0
1763408100000,2025-11-17 21:35:00,0.0002696,0.0002719,0.000269,0.000269,13858090.0
1763408400000,2025-11-17 21:40:00,0.000269,0.0002695,0.0002689,0.0002695,1326430.0
1763408700000,2025-11-17 21:45:00,0.0002695,0.0002695,0.0002674,0.0002682,12683650.0
1763409000000,2025-11-17 21:50:00,0.0002682,0.0002693,0.0002682,0.0002692,13993930.0
1763409300000,2025-11-17 21:55:00,0.0002692,0.0002692,0.0002678,0.0002683,12938180.0
1763409600000,2025-11-17 22:00:00,0.0002683,0.0002683,0.000266,0.000268,15512620.0
1763409900000,2025-11-17 22:05:00,0.000268,0.0002692,0.0002672,0.0002676,8199500.0
1763410200000,2025-11-17 22:10:00,0.0002676,0.0002678,0.0002673,0.0002675,528670.0
1763410500000,2025-11-17 22:15:00,0.0002675,0.000269,0.0002673,0.0002682,8785570.0
1763410800000,2025-11-17 22:20:00,0.0002682,0.0002685,0.0002677,0.0002683,1687510.0
1763411100000,2025-11-17 22:25:00,0.0002683,0.0002686,0.0002674,0.0002674,1577740.0
1763411400000,2025-11-17 22:30:00,0.0002674,0.0002678,0.0002662,0.0002666,6760640.0
1763411700000,2025-11-17 22:35:00,0.0002666,0.0002677,0.0002659,0.000266,5137230.0
1763412000000,2025-11-17 22:40:00,0.000266,0.0002666,0.0002657,0.000266,6328360.0
1763412300000,2025-11-17 22:45:00,0.000266,0.0002681,0.000266,0.000268,10539280.0
1763412600000,2025-11-17 22:50:00,0.000268,0.0002693,0.0002677,0.0002678,9299560.0
1763412900000,2025-11-17 22:55:00,0.0002678,0.0002689,0.0002678,0.0002688,5062710.0
1763413200000,2025-11-17 23:00:00,0.0002688,0.0002705,0.0002688,0.0002696,2443070.0
1763413500000,2025-11-17 23:05:00,0.0002696,0.0002703,0.0002696,0.0002698,2232440.0
1763413800000,2025-11-17 23:10:00,0.0002698,0.0002702,0.0002689,0.0002692,2709970.0
1763414100000,2025-11-17 23:15:00,0.0002692,0.0002692,0.0002685,0.0002685,1658550.0
1763414400000,2025-11-17 23:20:00,0.0002685,0.0002685,0.0002674,0.000268,6908540.0
1763414700000,2025-11-17 23:25:00,0.000268,0.0002683,0.0002676,0.0002683,2561600.0
1763415000000,2025-11-17 23:30:00,0.0002683,0.0002683,0.0002676,0.0002679,207560.0
1763415300000,2025-11-17 23:35:00,0.0002679,0.0002683,0.0002672,0.0002683,4991110.0
1763415600000,2025-11-17 23:40:00,0.0002683,0.000269,0.0002682,0.0002682,753360.0
1763415900000,2025-11-17 23:45:00,0.0002682,0.0002682,0.0002673,0.0002674,1797790.0
1763416200000,2025-11-17 23:50:00,0.0002674,0.0002683,0.0002673,0.0002682,1175070.0
1763416500000,2025-11-17 23:55:00,0.0002682,0.0002698,0.0002682,0.0002694,10595910.0
1763416800000,2025-11-18 00:00:00,0.0002694,0.0002694,0.0002688,0.0002689,2313310.0
1763417100000,2025-11-18 00:05:00,0.0002689,0.0002703,0.0002689,0.0002703,2373380.0
1763417400000,2025-11-18 00:10:00,0.0002703,0.0002706,0.0002697,0.0002698,21856150.0
1763417700000,2025-11-18 00:15:00,0.0002698,0.0002705,0.0002697,0.0002701,1678160.0
1763418000000,2025-11-18 00:20:00,0.0002701,0.0002715,0.0002701,0.0002709,5046830.0
1763418300000,2025-11-18 00:25:00,0.0002709,0.0002714,0.0002705,0.0002714,3634140.0
1763418600000,2025-11-18 00:30:00,0.0002714,0.0002719,0.000271,0.0002717,6730030.0
1763418900000,2025-11-18 00:35:00,0.0002717,0.0002717,0.0002708,0.0002714,7637430.0
1763419200000,2025-11-18 00:40:00,0.0002714,0.0002718,0.0002709,0.0002717,4562630.0
1763419500000,2025-11-18 00:45:00,0.0002717,0.0002717,0.0002714,0.0002714,363770.0
1763419800000,2025-11-18 00:50:00,0.0002714,0.0002715,0.0002711,0.0002711,5521850.0
1763420100000,2025-11-18 00:55:00,0.0002711,0.0002711,0.0002706,0.0002707,5359890.0
1763420400000,2025-11-18 01:00:00,0.0002707,0.0002713,0.0002703,0.0002713,1852140.0
1763420700000,2025-11-18 01:05:00,0.0002713,0.0002713,0.0002703,0.0002708,260410.0
1763421000000,2025-11-18 01:10:00,0.0002708,0.000271,0.0002704,0.0002705,2684970.0
1763421300000,2025-11-18 01:15:00,0.0002705,0.0002708,0.0002698,0.0002698,831940.0
1763421600000,2025-11-18 01:20:00,0.0002698,0.0002706,0.0002696,0.0002696,283520.0
1763421900000,2025-11-18 01:25:00,0.0002696,0.00027,0.0002694,0.0002694,202550.0
1763422200000,2025-11-18 01:30:00,0.0002694,0.0002701,0.0002694,0.00027,1339580.0
1763422500000,2025-11-18 01:35:00,0.00027,0.0002701,0.0002696,0.00027,1105830.0
1763422800000,2025-11-18 01:40:00,0.00027,0.0002703,0.0002699,0.0002702,1553980.0
1763423100000,2025-11-18 01:45:00,0.0002702,0.0002704,0.0002702,0.0002703,130230.0
1763423400000,2025-11-18 01:50:00,0.0002703,0.0002708,0.0002703,0.0002708,181680.0
1763423700000,2025-11-18 01:55:00,0.0002708,0.000271,0.0002706,0.0002706,180560.0
1763424000000,2025-11-18 02:00:00,0.0002706,0.0002706,0.0002701,0.0002701,36300.0
1763424300000,2025-11-18 02:05:00,0.0002701,0.0002703,0.0002696,0.00027,1260490.0
1763424600000,2025-11-18 02:10:00,0.00027,0.0002708,0.0002699,0.0002702,1561400.0
1763424900000,2025-11-18 02:15:00,0.0002702,0.0002702,0.0002693,0.0002693,1150340.0
1763425200000,2025-11-18 02:20:00,0.0002693,0.0002705,0.0002693,0.0002705,1604120.0
1763425500000,2025-11-18 02:25:00,0.0002705,0.0002705,0.0002689,0.0002691,780380.0
1763425800000,2025-11-18 02:30:00,0.0002691,0.0002691,0.000268,0.000268,2908750.0
1763426100000,2025-11-18 02:35:00,0.000268,0.0002683,0.0002675,0.0002675,2760830.0
1763426400000,2025-11-18 02:40:00,0.0002675,0.0002677,0.0002663,0.0002665,2915350.0
1763426700000,2025-11-18 02:45:00,0.0002665,0.0002702,0.0002657,0.0002697,14056050.0
1763427000000,2025-11-18 02:50:00,0.0002697,0.0002713,0.0002697,0.0002706,2935870.0
1763427300000,2025-11-18 02:55:00,0.0002706,0.000271,0.0002698,0.0002708,1548770.0
1763427600000,2025-11-18 03:00:00,0.0002708,0.0002714,0.0002705,0.0002707,9892280.0
1763427900000,2025-11-18 03:05:00,0.0002707,0.0002722,0.0002707,0.0002719,484920.0
1763428200000,2025-11-18 03:10:00,0.0002719,0.0002722,0.0002713,0.0002715,2332620.0
1763428500000,2025-11-18 03:15:00,0.0002715,0.0002727,0.0002715,0.0002727,3900920.0
1763428800000,2025-11-18 03:20:00,0.0002727,0.0002727,0.0002716,0.0002716,1210210.0
1763429100000,2025-11-18 03:25:00,0.0002716,0.0002716,0.0002708,0.0002711,3049270.0
1763429400000,2025-11-18 03:30:00,0.0002711,0.000272,0.0002711,0.000272,3905340.0
1763429700000,2025-11-18 03:35:00,0.000272,0.0002722,0.0002713,0.0002713,2704800.0
1763430000000,2025-11-18 03:40:00,0.0002713,0.0002713,0.0002712,0.0002712,489740.0
1763430300000,2025-11-18 03:45:00,0.0002712,0.0002715,0.0002707,0.0002707,762520.0
1763430600000,2025-11-18 03:50:00,0.0002707,0.0002708,0.0002706,0.0002707,482440.0
1763430900000,2025-11-18 03:55:00,0.0002707,0.000271,0.0002707,0.0002709,59960.0
1763431200000,2025-11-18 04:00:00,0.0002709,0.0002709,0.0002697,0.0002697,3803950.0
1763431500000,2025-11-18 04:05:00,0.0002697,0.0002713,0.0002697,0.0002713,4376160.0
1763431800000,2025-11-18 04:10:00,0.0002713,0.0002713,0.0002702,0.0002709,1665740.0
1763432100000,2025-11-18 04:15:00,0.0002709,0.0002709,0.0002679,0.0002693,9880700.0
1763432400000,2025-11-18 04:20:00,0.0002693,0.0002724,0.0002693,0.0002724,3180320.0
1763432700000,2025-11-18 04:25:00,0.0002724,0.0002732,0.000272,0.0002732,1626490.0
1763433000000,2025-11-18 04:30:00,0.0002732,0.0002743,0.0002731,0.0002734,7954650.0
1763433300000,2025-11-18 04:35:00,0.0002734,0.0002734,0.000272,0.0002725,1085020.0
1763433600000,2025-11-18 04:40:00,0.0002725,0.000273,0.0002724,0.0002725,521070.0
1763433900000,2025-11-18 04:45:00,0.0002725,0.0002728,0.0002713,0.0002716,6893970.0
1763434200000,2025-11-18 04:50:00,0.0002716,0.0002716,0.00027,0.0002706,3420560.0
1763434500000,2025-11-18 04:55:00,0.0002706,0.0002707,0.000269,0.0002694,12265350.0
1763434800000,2025-11-18 05:00:00,0.0002694,0.0002697,0.000266,0.0002677,33295580.0
1763435100000,2025-11-18 05:05:00,0.0002677,0.0002693,0.0002677,0.0002684,15778440.0
1763435400000,2025-11-18 05:10:00,0.0002684,0.0002696,0.0002684,0.0002693,4994120.0
1763435700000,2025-11-18 05:15:00,0.0002693,0.0002707,0.0002691,0.0002705,1452550.0
1763436000000,2025-11-18 05:20:00,0.0002705,0.0002708,0.0002701,0.0002704,863010.0
1763436300000,2025-11-18 05:25:00,0.0002704,0.0002705,0.0002694,0.0002695,3803790.0
1763436600000,2025-11-18 05:30:00,0.0002695,0.0002704,0.0002683,0.0002694,11561200.0
1763436900000,2025-11-18 05:35:00,0.0002694,0.0002727,0.0002694,0.0002725,3353710.0
1763437200000,2025-11-18 05:40:00,0.0002725,0.0002739,0.0002725,0.0002738,7602540.0
1763437500000,2025-11-18 05:45:00,0.0002738,0.000274,0.000273,0.000273,892070.0
1763437800000,2025-11-18 05:50:00,0.000273,0.0002733,0.0002728,0.0002728,3602680.0
1763438100000,2025-11-18 05:55:00,0.0002728,0.0002734,0.0002726,0.0002732,654520.0
1763438400000,2025-11-18 06:00:00,0.0002732,0.0002736,0.0002729,0.000273,1590930.0
1763438700000,2025-11-18 06:05:00,0.000273,0.000273,0.000272,0.0002721,7002440.0
1763439000000,2025-11-18 06:10:00,0.0002721,0.0002721,0.0002715,0.000272,302530.0
1763439300000,2025-11-18 06:15:00,0.000272,0.000272,0.0002711,0.0002717,590570.0
1763439600000,2025-11-18 06:20:00,0.0002717,0.0002724,0.0002713,0.0002717,840830.0
1763439900000,2025-11-18 06:25:00,0.0002717,0.0002718,0.0002708,0.0002708,6337250.0
1763440200000,2025-11-18 06:30:00,0.0002708,0.0002713,0.0002703,0.000271,3373000.0
1763440500000,2025-11-18 06:35:00,0.000271,0.0002719,0.000271,0.0002716,986960.0
1763440800000,2025-11-18 06:40:00,0.0002716,0.0002716,0.0002703,0.0002704,1037730.0
1763441100000,2025-11-18 06:45:00,0.0002704,0.0002716,0.0002691,0.0002716,4512900.0
1763441400000,2025-11-18 06:50:00,0.0002716,0.0002723,0.0002706,0.0002717,2092870.0
1763441700000,2025-11-18 06:55:00,0.0002717,0.0002745,0.0002715,0.0002741,45298640.0
1763442000000,2025-11-18 07:00:00,0.0002741,0.0002741,0.000272,0.0002726,5031970.0
1763442300000,2025-11-18 07:05:00,0.0002726,0.000274,0.0002726,0.0002731,2771660.0
1763442600000,2025-11-18 07:10:00,0.0002731,0.000274,0.0002729,0.000274,5945010.0
1763442900000,2025-11-18 07:15:00,0.000274,0.0002745,0.0002737,0.0002741,1830420.0
1763443200000,2025-11-18 07:20:00,0.0002741,0.000275,0.0002741,0.0002744,2222300.0
1763443500000,2025-11-18 07:25:00,0.0002744,0.0002744,0.0002736,0.0002737,8606960.0
1763443800000,2025-11-18 07:30:00,0.0002737,0.0002741,0.0002736,0.0002741,2466530.0
1763444100000,2025-11-18 07:35:00,0.0002741,0.0002741,0.0002728,0.0002728,1052780.0
1763444400000,2025-11-18 07:40:00,0.0002728,0.0002729,0.0002721,0.0002721,731340.0
1763444700000,2025-11-18 07:45:00,0.0002721,0.0002732,0.0002721,0.0002732,325390.0
1763445000000,2025-11-18 07:50:00,0.0002732,0.0002732,0.000272,0.000272,2751510.0
1763445300000,2025-11-18 07:55:00,0.000272,0.0002721,0.0002719,0.0002721,1381280.0
1763445600000,2025-11-18 08:00:00,0.0002721,0.0002721,0.0002714,0.0002716,555560.0
1763445900000,2025-11-18 08:05:00,0.0002716,0.0002726,0.0002715,0.0002726,694130.0
1763446200000,2025-11-18 08:10:00,0.0002726,0.0002729,0.0002724,0.0002728,1621870.0
1763446500000,2025-11-18 08:15:00,0.0002728,0.0002728,0.0002725,0.0002727,191700.0
1763446800000,2025-11-18 08:20:00,0.0002727,0.0002728,0.0002724,0.0002727,949080.0
1763447100000,2025-11-18 08:25:00,0.0002727,0.0002727,0.0002721,0.0002721,1124450.0
1763447400000,2025-11-18 08:30:00,0.0002721,0.0002723,0.0002711,0.0002711,2586700.0
1763447700000,2025-11-18 08:35:00,0.0002711,0.0002711,0.0002702,0.0002704,520490.0
1763448000000,2025-11-18 08:40:00,0.0002704,0.0002708,0.0002703,0.0002703,175110.0
1763448300000,2025-11-18 08:45:00,0.0002703,0.0002707,0.0002699,0.0002699,778620.0
1763448600000,2025-11-18 08:50:00,0.0002699,0.00027,0.0002694,0.00027,884990.0
1763448900000,2025-11-18 08:55:00,0.00027,0.0002711,0.0002697,0.0002699,1092580.0
1763449200000,2025-11-18 09:00:00,0.0002699,0.0002699,0.0002689,0.0002689,5883920.0
1763449500000,2025-11-18 09:05:00,0.0002689,0.0002704,0.0002689,0.0002704,3678910.0
1763449800000,2025-11-18 09:10:00,0.0002704,0.000271,0.0002704,0.000271,1780310.0
1763450100000,2025-11-18 09:15:00,0.000271,0.000271,0.0002689,0.0002689,538730.0
1763450400000,2025-11-18 09:20:00,0.0002689,0.0002697,0.0002689,0.0002697,709830.0
1763450700000,2025-11-18 09:25:00,0.0002697,0.0002711,0.0002697,0.0002704,1466140.0
1763451000000,2025-11-18 09:30:00,0.0002704,0.0002712,0.00027,0.0002712,2491560.0
1763451300000,2025-11-18 09:35:00,0.0002712,0.0002715,0.0002705,0.0002715,3486170.0
1763451600000,2025-11-18 09:40:00,0.0002715,0.0002718,0.0002709,0.0002709,1193110.0
1763451900000,2025-11-18 09:45:00,0.0002709,0.0002736,0.0002709,0.0002735,18163700.0
1763452200000,2025-11-18 09:50:00,0.0002735,0.0002736,0.0002706,0.000271,16502490.0
1763452500000,2025-11-18 09:55:00,0.000271,0.0002723,0.0002706,0.0002713,2882340.0
1763452800000,2025-11-18 10:00:00,0.0002713,0.0002721,0.0002712,0.0002721,1492910.0
1763453100000,2025-11-18 10:05:00,0.0002721,0.0002728,0.0002717,0.0002725,2082030.0
1763453400000,2025-11-18 10:10:00,0.0002725,0.0002725,0.0002717,0.0002717,4625050.0
1763453700000,2025-11-18 10:15:00,0.0002717,0.0002735,0.0002716,0.0002731,3155580.0
1763454000000,2025-11-18 10:20:00,0.0002731,0.0002731,0.0002718,0.000272,906300.0
1763454300000,2025-11-18 10:25:00,0.000272,0.000272,0.0002716,0.0002719,738370.0
1763454600000,2025-11-18 10:30:00,0.0002719,0.0002736,0.0002719,0.0002736,3564390.0
1763454900000,2025-11-18 10:35:00,0.0002736,0.0002746,0.0002736,0.0002745,6319280.0
1763455200000,2025-11-18 10:40:00,0.0002745,0.0002746,0.000274,0.0002743,1117280.0
1763455500000,2025-11-18 10:45:00,0.0002743,0.0002743,0.0002739,0.000274,681360.0
1763455800000,2025-11-18 10:50:00,0.000274,0.0002741,0.0002735,0.0002738,15406160.0
1763456100000,2025-11-18 10:55:00,0.0002738,0.0002741,0.0002738,0.000274,1146000.0
1763456400000,2025-11-18 11:00:00,0.000274,0.0002743,0.0002736,0.0002737,4571570.0
1763456700000,2025-11-18 11:05:00,0.0002737,0.0002737,0.000273,0.0002733,580190.0
1763457000000,2025-11-18 11:10:00,0.0002733,0.0002733,0.0002727,0.0002728,1320370.0
1763457300000,2025-11-18 11:15:00,0.0002728,0.0002739,0.0002728,0.0002737,288710.0
1763457600000,2025-11-18 11:20:00,0.0002737,0.0002737,0.0002723,0.0002723,266800.0
1763457900000,2025-11-18 11:25:00,0.0002723,0.0002723,0.0002716,0.0002718,416460.0
1763458200000,2025-11-18 11:30:00,0.0002718,0.0002724,0.0002718,0.0002723,824560.0
1763458500000,2025-11-18 11:35:00,0.0002723,0.0002726,0.0002723,0.0002725,1219280.0
1763458800000,2025-11-18 11:40:00,0.0002725,0.0002729,0.0002725,0.0002727,681510.0
1763459100000,2025-11-18 11:45:00,0.0002727,0.0002734,0.0002726,0.0002731,431710.0
1763459400000,2025-11-18 11:50:00,0.0002731,0.0002734,0.0002728,0.000273,3859270.0
1763459700000,2025-11-18 11:55:00,0.000273,0.0002733,0.0002728,0.000273,673080.0
1763460000000,2025-11-18 12:00:00,0.000273,0.0002737,0.000273,0.0002732,1225020.0
1763460300000,2025-11-18 12:05:00,0.0002732,0.0002733,0.0002726,0.0002726,786210.0
1763460600000,2025-11-18 12:10:00,0.0002726,0.0002731,0.0002726,0.0002731,259810.0
1763460900000,2025-11-18 12:15:00,0.0002731,0.0002733,0.0002729,0.0002731,1466090.0
1763461200000,2025-11-18 12:20:00,0.0002731,0.0002731,0.0002725,0.000273,1151930.0
1763461500000,2025-11-18 12:25:00,0.000273,0.000273,0.0002727,0.0002727,96030.0
1763461800000,2025-11-18 12:30:00,0.0002727,0.000274,0.0002727,0.0002739,211530.0
1763462100000,2025-11-18 12:35:00,0.0002739,0.0002739,0.0002733,0.0002735,1364800.0
1763462400000,2025-11-18 12:40:00,0.0002735,0.0002735,0.0002733,0.0002734,117910.0
1763462700000,2025-11-18 12:45:00,0.0002734,0.0002734,0.0002729,0.000273,1637200.0
1763463000000,2025-11-18 12:50:00,0.000273,0.0002732,0.0002727,0.0002732,371960.0
1763463300000,2025-11-18 12:55:00,0.0002732,0.0002732,0.000273,0.0002731,990970.0
1763463600000,2025-11-18 13:00:00,0.0002731,0.0002733,0.0002729,0.0002733,1175810.0
1763463900000,2025-11-18 13:05:00,0.0002733,0.0002733,0.0002731,0.0002731,376660.0
1763464200000,2025-11-18 13:10:00,0.0002731,0.0002734,0.0002725,0.0002726,4115650.0
1763464500000,2025-11-18 13:15:00,0.0002726,0.0002726,0.0002718,0.0002718,998630.0
1763464800000,2025-11-18 13:20:00,0.0002718,0.000273,0.0002718,0.0002728,2256420.0
1763465100000,2025-11-18 13:25:00,0.0002728,0.0002728,0.0002721,0.0002723,3186730.0
1763465400000,2025-11-18 13:30:00,0.0002723,0.0002723,0.0002711,0.0002711,3278370.0
1763465700000,2025-11-18 13:35:00,0.0002711,0.0002716,0.0002711,0.0002713,3977020.0
1763466000000,2025-11-18 13:40:00,0.0002713,0.0002719,0.0002713,0.0002716,2687560.0
1763466300000,2025-11-18 13:45:00,0.0002716,0.0002721,0.0002716,0.0002721,372890.0
1763466600000,2025-11-18 13:50:00,0.0002721,0.0002722,0.0002717,0.0002717,417600.0
1763466900000,2025-11-18 13:55:00,0.0002717,0.0002717,0.0002713,0.0002713,625530.0
1763467200000,2025-11-18 14:00:00,0.0002713,0.0002714,0.0002702,0.0002703,1057980.0
1763467500000,2025-11-18 14:05:00,0.0002703,0.0002707,0.0002702,0.0002706,1206330.0
1763467800000,2025-11-18 14:10:00,0.0002706,0.0002707,0.0002696,0.0002701,3873900.0
1763468100000,2025-11-18 14:15:00,0.0002701,0.0002711,0.0002699,0.0002711,414850.0
1763468400000,2025-11-18 14:20:00,0.0002711,0.0002715,0.0002706,0.0002707,908620.0
1763468700000,2025-11-18 14:25:00,0.0002707,0.0002709,0.0002703,0.0002707,689080.0
1763469000000,2025-11-18 14:30:00,0.0002707,0.000271,0.0002706,0.000271,1197040.0
1763469300000,2025-11-18 14:35:00,0.000271,0.0002716,0.000271,0.0002716,100970.0
1763469600000,2025-11-18 14:40:00,0.0002716,0.0002722,0.0002713,0.0002722,573920.0
1763469900000,2025-11-18 14:45:00,0.0002722,0.0002725,0.000272,0.000272,2032560.0
1763470200000,2025-11-18 14:50:00,0.000272,0.000272,0.0002719,0.0002719,704390.0
1763470500000,2025-11-18 14:55:00,0.0002719,0.0002722,0.0002717,0.0002721,859260.0
1763470800000,2025-11-18 15:00:00,0.0002721,0.0002723,0.0002715,0.0002716,4111870.0
1763471100000,2025-11-18 15:05:00,0.0002716,0.0002716,0.0002709,0.000271,377740.0
1763471400000,2025-11-18 15:10:00,0.000271,0.0002713,0.000271,0.0002713,1702780.0
1763471700000,2025-11-18 15:15:00,0.0002713,0.0002715,0.0002712,0.0002714,452150.0
1763472000000,2025-11-18 15:20:00,0.0002714,0.0002714,0.0002705,0.0002707,389630.0
1763472300000,2025-11-18 15:25:00,0.0002707,0.0002707,0.0002705,0.0002706,442820.0
1763472600000,2025-11-18 15:30:00,0.0002706,0.0002711,0.0002705,0.0002711,1012310.0
1763472900000,2025-11-18 15:35:00,0.0002711,0.0002711,0.0002696,0.00027,2829960.0
1763473200000,2025-11-18 15:40:00,0.00027,0.0002719,0.00027,0.0002705,1591830.0
1763473500000,2025-11-18 15:45:00,0.0002705,0.0002712,0.0002705,0.0002705,425610.0
1763473800000,2025-11-18 15:50:00,0.0002705,0.0002713,0.0002705,0.0002713,356870.0
1763474100000,2025-11-18 15:55:00,0.0002713,0.0002715,0.0002712,0.0002713,279550.0
1763474400000,2025-11-18 16:00:00,0.0002713,0.0002716,0.000271,0.0002713,2810880.0
1763474700000,2025-11-18 16:05:00,0.0002713,0.0002718,0.0002711,0.0002718,1280780.0
1763475000000,2025-11-18 16:10:00,0.0002718,0.0002724,0.0002713,0.0002714,881510.0
1763475300000,2025-11-18 16:15:00,0.0002714,0.0002721,0.0002714,0.000272,771760.0
1763475600000,2025-11-18 16:20:00,0.000272,0.0002723,0.0002714,0.0002723,2445490.0
1763475900000,2025-11-18 16:25:00,0.0002723,0.0002736,0.0002723,0.000273,1839810.0
1763476200000,2025-11-18 16:30:00,0.000273,0.0002754,0.0002713,0.0002745,11452590.0
1763476500000,2025-11-18 16:35:00,0.0002745,0.0002758,0.0002742,0.0002743,9188780.0
1763476800000,2025-11-18 16:40:00,0.0002743,0.0002748,0.0002721,0.0002721,5386920.0
1763477100000,2025-11-18 16:45:00,0.0002721,0.0002732,0.0002719,0.0002726,475720.0
1763477400000,2025-11-18 16:50:00,0.0002726,0.0002728,0.0002715,0.0002721,5060020.0
1763477700000,2025-11-18 16:55:00,0.0002721,0.0002723,0.0002713,0.0002713,1195010.0
1763478000000,2025-11-18 17:00:00,0.0002713,0.0002715,0.0002697,0.0002698,2404250.0
1763478300000,2025-11-18 17:05:00,0.0002698,0.0002729,0.0002698,0.0002729,6935330.0
1763478600000,2025-11-18 17:10:00,0.0002729,0.0002748,0.0002728,0.0002742,2542120.0
1763478900000,2025-11-18 17:15:00,0.0002742,0.0002753,0.0002737,0.0002753,1336380.0
1763479200000,2025-11-18 17:20:00,0.0002753,0.0002767,0.0002749,0.0002764,10199130.0
1763479500000,2025-11-18 17:25:00,0.0002764,0.0002772,0.0002762,0.0002765,2974150.0
1763479800000,2025-11-18 17:30:00,0.0002765,0.0002772,0.0002759,0.0002761,12812750.0
1763480100000,2025-11-18 17:35:00,0.0002761,0.0002764,0.0002754,0.0002762,6374330.0
1763480400000,2025-11-18 17:40:00,0.0002762,0.0002762,0.0002745,0.0002752,4181940.0
1763480700000,2025-11-18 17:45:00,0.0002752,0.0002759,0.0002746,0.0002748,3780870.0
1763481000000,2025-11-18 17:50:00,0.0002748,0.0002761,0.0002745,0.0002757,7476720.0
1763481300000,2025-11-18 17:55:00,0.0002757,0.0002764,0.0002756,0.0002758,2407880.0
1763481600000,2025-11-18 18:00:00,0.0002758,0.0002763,0.0002756,0.0002757,3483850.0
1763481900000,2025-11-18 18:05:00,0.0002757,0.0002779,0.0002754,0.0002779,4265120.0
1763482200000,2025-11-18 18:10:00,0.0002779,0.0002779,0.0002766,0.0002769,1017830.0
1763482500000,2025-11-18 18:15:00,0.0002769,0.0002784,0.0002768,0.0002784,2172370.0
1763482800000,2025-11-18 18:20:00,0.0002784,0.0002793,0.0002784,0.0002787,3727300.0
1763483100000,2025-11-18 18:25:00,0.0002787,0.0002794,0.0002787,0.0002793,1622700.0
1763483400000,2025-11-18 18:30:00,0.0002793,0.0002799,0.0002791,0.0002796,1887240.0
1763483700000,2025-11-18 18:35:00,0.0002796,0.0002798,0.0002789,0.0002789,674630.0
1763484000000,2025-11-18 18:40:00,0.0002789,0.0002791,0.0002785,0.0002785,3098850.0
1763484300000,2025-11-18 18:45:00,0.0002785,0.0002793,0.0002784,0.0002793,5788880.0
1763484600000,2025-11-18 18:50:00,0.0002793,0.0002793,0.000278,0.0002782,1846690.0
1763484900000,2025-11-18 18:55:00,0.0002782,0.0002786,0.0002782,0.0002784,2097010.0
1763485200000,2025-11-18 19:00:00,0.0002784,0.0002787,0.0002784,0.0002784,1199940.0
1763485500000,2025-11-18 19:05:00,0.0002784,0.0002785,0.0002782,0.0002783,2508270.0
1763485800000,2025-11-18 19:10:00,0.0002783,0.0002787,0.0002781,0.0002781,3220480.0
1763486100000,2025-11-18 19:15:00,0.0002781,0.0002787,0.0002781,0.0002784,2243120.0
1763486400000,2025-11-18 19:20:00,0.0002784,0.0002787,0.0002782,0.0002784,708770.0
1763486700000,2025-11-18 19:25:00,0.0002784,0.0002784,0.0002769,0.0002769,36755920.0
1763487000000,2025-11-18 19:30:00,0.0002769,0.0002769,0.0002764,0.0002766,2763630.0
1763487300000,2025-11-18 19:35:00,0.0002766,0.0002774,0.0002766,0.0002774,920630.0
1763487600000,2025-11-18 19:40:00,0.0002774,0.0002779,0.0002774,0.0002778,841800.0
1763487900000,2025-11-18 19:45:00,0.0002778,0.0002782,0.0002775,0.0002777,676900.0
1763488200000,2025-11-18 19:50:00,0.0002777,0.0002777,0.0002773,0.0002776,13911030.0
1763488500000,2025-11-18 19:55:00,0.0002776,0.0002776,0.0002773,0.0002773,2005260.0
1763488800000,2025-11-18 20:00:00,0.0002773,0.000278,0.0002773,0.000278,8311210.0
1763489100000,2025-11-18 20:05:00,0.000278,0.0002786,0.000278,0.0002786,1760800.0
1763489400000,2025-11-18 20:10:00,0.0002786,0.0002791,0.0002786,0.0002786,7543880.0
1763489700000,2025-11-18 20:15:00,0.0002786,0.0002787,0.0002785,0.0002787,2302060.0
1763490000000,2025-11-18 20:20:00,0.0002787,0.0002787,0.0002784,0.0002784,569810.0
1763490300000,2025-11-18 20:25:00,0.0002784,0.0002787,0.0002783,0.0002783,671490.0
1763490600000,2025-11-18 20:30:00,0.0002783,0.0002788,0.0002783,0.0002786,336730.0
1763490900000,2025-11-18 20:35:00,0.0002786,0.0002787,0.000278,0.0002784,1336960.0
1763491200000,2025-11-18 20:40:00,0.0002784,0.0002786,0.0002781,0.0002782,967580.0
1763491500000,2025-11-18 20:45:00,0.0002782,0.0002787,0.0002782,0.0002786,669200.0
1763491800000,2025-11-18 20:50:00,0.0002786,0.0002795,0.0002786,0.0002789,8057410.0
1763492100000,2025-11-18 20:55:00,0.0002789,0.0002789,0.0002783,0.0002783,139910.0
1763492400000,2025-11-18 21:00:00,0.0002783,0.0002786,0.0002777,0.0002777,2608940.0
1763492700000,2025-11-18 21:05:00,0.0002777,0.0002781,0.0002777,0.0002781,2434330.0
1763493000000,2025-11-18 21:10:00,0.0002781,0.0002786,0.0002781,0.0002786,334710.0
1763493300000,2025-11-18 21:15:00,0.0002786,0.0002786,0.0002784,0.0002786,520930.0
1763493600000,2025-11-18 21:20:00,0.0002786,0.000279,0.0002786,0.0002787,355580.0
1763493900000,2025-11-18 21:25:00,0.0002787,0.0002788,0.0002787,0.0002788,80860.0
1763494200000,2025-11-18 21:30:00,0.0002788,0.0002788,0.0002783,0.0002783,2426780.0
1763494500000,2025-11-18 21:35:00,0.0002783,0.000279,0.0002783,0.000279,5871580.0
1763494800000,2025-11-18 21:40:00,0.000279,0.000279,0.0002777,0.0002777,1404610.0
1763495100000,2025-11-18 21:45:00,0.0002777,0.0002778,0.0002774,0.0002774,919590.0
1763495400000,2025-11-18 21:50:00,0.0002774,0.0002774,0.0002768,0.0002768,3122870.0
1763495700000,2025-11-18 21:55:00,0.0002768,0.0002773,0.0002765,0.0002773,1275940.0
1763496000000,2025-11-18 22:00:00,0.0002773,0.0002776,0.0002769,0.0002773,1193300.0
1763496300000,2025-11-18 22:05:00,0.0002773,0.0002775,0.0002773,0.0002774,1512720.0
1763496600000,2025-11-18 22:10:00,0.0002774,0.0002774,0.000277,0.0002772,666560.0
1763496900000,2025-11-18 22:15:00,0.0002772,0.0002778,0.0002772,0.0002776,3366570.0
1763497200000,2025-11-18 22:20:00,0.0002776,0.0002777,0.0002776,0.0002777,731480.0
1763497500000,2025-11-18 22:25:00,0.0002777,0.0002777,0.0002773,0.0002777,2201600.0
1763497800000,2025-11-18 22:30:00,0.0002777,0.0002778,0.0002769,0.0002769,1267330.0
1763498100000,2025-11-18 22:35:00,0.0002769,0.0002774,0.0002769,0.0002774,1762920.0
1763498400000,2025-11-18 22:40:00,0.0002774,0.0002774,0.0002771,0.0002771,353800.0
1763498700000,2025-11-18 22:45:00,0.0002771,0.0002771,0.0002766,0.0002766,338440.0
1763499000000,2025-11-18 22:50:00,0.0002766,0.0002771,0.0002766,0.0002771,467810.0
1763499300000,2025-11-18 22:55:00,0.0002771,0.0002771,0.0002768,0.0002768,463880.0
1763499600000,2025-11-18 23:00:00,0.0002768,0.0002769,0.0002762,0.0002766,4454500.0
1763499900000,2025-11-18 23:05:00,0.0002766,0.0002768,0.0002765,0.0002768,1369120.0
1763500200000,2025-11-18 23:10:00,0.0002768,0.0002776,0.0002768,0.0002776,2685110.0
1763500500000,2025-11-18 23:15:00,0.0002776,0.0002776,0.0002769,0.0002769,544680.0
1763500800000,2025-11-18 23:20:00,0.0002769,0.0002773,0.0002769,0.0002771,992760.0
1763501100000,2025-11-18 23:25:00,0.0002771,0.0002773,0.0002769,0.0002769,116200.0
1763501400000,2025-11-18 23:30:00,0.0002769,0.0002769,0.0002755,0.0002757,2344940.0
1763501700000,2025-11-18 23:35:00,0.0002757,0.0002762,0.0002757,0.000276,123420.0
1763502000000,2025-11-18 23:40:00,0.000276,0.0002762,0.0002757,0.0002757,893930.0
1763502300000,2025-11-18 23:45:00,0.0002757,0.0002757,0.0002749,0.0002752,3331820.0
1763502600000,2025-11-18 23:50:00,0.0002752,0.0002752,0.0002748,0.0002748,2672240.0
1763502900000,2025-11-18 23:55:00,0.0002748,0.0002748,0.0002745,0.0002747,916050.0
1763503200000,2025-11-19 00:00:00,0.0002747,0.0002751,0.0002747,0.000275,683700.0
1763503500000,2025-11-19 00:05:00,0.000275,0.000276,0.000275,0.000276,529120.0
1763503800000,2025-11-19 00:10:00,0.000276,0.0002766,0.000276,0.0002766,895540.0
1763504100000,2025-11-19 00:15:00,0.0002766,0.0002767,0.0002764,0.0002767,274080.0
1763504400000,2025-11-19 00:20:00,0.0002767,0.0002769,0.0002767,0.0002769,223990.0
1763504700000,2025-11-19 00:25:00,0.0002769,0.0002772,0.0002769,0.0002772,39150.0
1763505000000,2025-11-19 00:30:00,0.0002772,0.0002778,0.0002772,0.0002778,2059080.0
1763505300000,2025-11-19 00:35:00,0.0002778,0.0002779,0.0002775,0.0002775,1011510.0
1763505600000,2025-11-19 00:40:00,0.0002775,0.0002775,0.0002766,0.0002766,3974770.0
1763505900000,2025-11-19 00:45:00,0.0002766,0.000277,0.0002766,0.000277,154100.0
1763506200000,2025-11-19 00:50:00,0.000277,0.000277,0.0002768,0.0002768,143860.0
1763506500000,2025-11-19 00:55:00,0.0002768,0.0002768,0.0002766,0.0002768,881790.0
1763506800000,2025-11-19 01:00:00,0.0002768,0.0002772,0.0002768,0.0002772,642040.0
1763507100000,2025-11-19 01:05:00,0.0002772,0.0002773,0.0002769,0.0002769,3196050.0
1763507400000,2025-11-19 01:10:00,0.0002769,0.0002769,0.0002764,0.0002764,85610.0
1763507700000,2025-11-19 01:15:00,0.0002764,0.0002764,0.0002762,0.0002762,388590.0
1763508000000,2025-11-19 01:20:00,0.0002762,0.0002763,0.0002762,0.0002763,60000.0
1763508300000,2025-11-19 01:25:00,0.0002763,0.0002763,0.0002761,0.0002762,154770.0
1763508600000,2025-11-19 01:30:00,0.0002762,0.0002764,0.0002761,0.0002764,858590.0
1763508900000,2025-11-19 01:35:00,0.0002764,0.0002767,0.0002764,0.0002766,403260.0
1763509200000,2025-11-19 01:40:00,0.0002766,0.0002766,0.0002766,0.0002766,363670.0
1763509500000,2025-11-19 01:45:00,0.0002766,0.0002766,0.0002759,0.0002761,302660.0
1763509800000,2025-11-19 01:50:00,0.0002761,0.0002762,0.0002761,0.0002762,301810.0
1763510100000,2025-11-19 01:55:00,0.0002762,0.0002766,0.0002762,0.0002766,303340.0
1763510400000,2025-11-19 02:00:00,0.0002766,0.0002768,0.0002755,0.0002758,2602370.0
1763510700000,2025-11-19 02:05:00,0.0002758,0.0002758,0.0002754,0.0002756,1894780.0
1763511000000,2025-11-19 02:10:00,0.0002756,0.0002759,0.0002752,0.0002752,889620.0
1763511300000,2025-11-19 02:15:00,0.0002752,0.0002752,0.0002732,0.0002732,1326830.0
1763511600000,2025-11-19 02:20:00,0.0002732,0.0002747,0.0002732,0.0002746,7788450.0
1763511900000,2025-11-19 02:25:00,0.0002746,0.0002754,0.0002745,0.0002754,455520.0
1763512200000,2025-11-19 02:30:00,0.0002754,0.000276,0.0002753,0.0002753,1082660.0
1763512500000,2025-11-19 02:35:00,0.0002753,0.0002756,0.000275,0.0002755,186820.0
1763512800000,2025-11-19 02:40:00,0.0002755,0.0002764,0.0002755,0.0002764,1245250.0
1763513100000,2025-11-19 02:45:00,0.0002764,0.0002764,0.0002761,0.0002764,1504920.0
1763513400000,2025-11-19 02:50:00,0.0002764,0.0002767,0.0002764,0.0002764,1601120.0
1763513700000,2025-11-19 02:55:00,0.0002764,0.0002765,0.0002764,0.0002764,118370.0
1763514000000,2025-11-19 03:00:00,0.0002764,0.0002764,0.0002757,0.0002758,2686590.0
1763514300000,2025-11-19 03:05:00,0.0002758,0.0002763,0.0002756,0.0002756,3054560.0
1763514600000,2025-11-19 03:10:00,0.0002756,0.000276,0.0002755,0.0002758,863670.0
1763514900000,2025-11-19 03:15:00,0.0002758,0.0002761,0.0002752,0.0002761,2445890.0
1763515200000,2025-11-19 03:20:00,0.0002761,0.0002783,0.0002761,0.0002773,1751020.0
1763515500000,2025-11-19 03:25:00,0.0002773,0.0002777,0.0002773,0.0002776,1018840.0
1763515800000,2025-11-19 03:30:00,0.0002776,0.0002776,0.0002765,0.0002766,1816480.0
1763516100000,2025-11-19 03:35:00,0.0002766,0.000277,0.0002765,0.0002767,705760.0
1763516400000,2025-11-19 03:40:00,0.0002767,0.0002768,0.0002762,0.0002764,181300.0
1763516700000,2025-11-19 03:45:00,0.0002764,0.0002768,0.0002759,0.0002759,1337270.0
1763517000000,2025-11-19 03:50:00,0.0002759,0.0002771,0.0002759,0.000277,4734730.0
1763517300000,2025-11-19 03:55:00,0.000277,0.000277,0.0002763,0.000277,154840.0
1763517600000,2025-11-19 04:00:00,0.000277,0.0002775,0.0002767,0.0002768,1882130.0
1763517900000,2025-11-19 04:05:00,0.0002768,0.0002777,0.0002768,0.0002776,18402550.0
1763518200000,2025-11-19 04:10:00,0.0002776,0.0002777,0.0002775,0.0002777,2442270.0
1763518500000,2025-11-19 04:15:00,0.0002777,0.000278,0.0002773,0.0002773,18912770.0
1763518800000,2025-11-19 04:20:00,0.0002773,0.0002773,0.0002762,0.0002768,221410.0
1763519100000,2025-11-19 04:25:00,0.0002768,0.0002774,0.0002768,0.000277,430040.0
1763519400000,2025-11-19 04:30:00,0.000277,0.0002777,0.000277,0.0002776,1085110.0
1763519700000,2025-11-19 04:35:00,0.0002776,0.0002779,0.0002773,0.0002779,35890.0
1763520000000,2025-11-19 04:40:00,0.0002779,0.0002779,0.0002769,0.0002772,897250.0
1763520300000,2025-11-19 04:45:00,0.0002772,0.0002775,0.0002772,0.0002775,26190.0
1763520600000,2025-11-19 04:50:00,0.0002775,0.0002777,0.0002773,0.0002776,1997670.0
1763520900000,2025-11-19 04:55:00,0.0002776,0.0002777,0.0002769,0.0002769,271730.0
1763521200000,2025-11-19 05:00:00,0.0002769,0.0002772,0.0002767,0.0002772,1328100.0
1763521500000,2025-11-19 05:05:00,0.0002772,0.0002772,0.0002764,0.0002768,976410.0
1763521800000,2025-11-19 05:10:00,0.0002768,0.0002769,0.0002768,0.0002769,340.0
1763522100000,2025-11-19 05:15:00,0.0002769,0.0002769,0.0002755,0.000276,1197260.0
1763522400000,2025-11-19 05:20:00,0.000276,0.000276,0.0002756,0.0002759,62900.0
1763522700000,2025-11-19 05:25:00,0.0002759,0.0002759,0.0002756,0.0002758,242650.0
1763523000000,2025-11-19 05:30:00,0.0002758,0.0002759,0.0002751,0.0002752,2849740.0
1763523300000,2025-11-19 05:35:00,0.0002752,0.0002752,0.0002742,0.0002747,2425340.0
1763523600000,2025-11-19 05:40:00,0.0002747,0.0002748,0.0002747,0.0002747,99120.0
1763523900000,2025-11-19 05:45:00,0.0002747,0.0002747,0.0002737,0.0002739,40750.0
1763524200000,2025-11-19 05:50:00,0.0002739,0.0002744,0.0002739,0.0002742,3193470.0
1763524500000,2025-11-19 05:55:00,0.0002742,0.0002743,0.000274,0.0002743,502630.0
1763524800000,2025-11-19 06:00:00,0.0002743,0.0002745,0.0002737,0.0002737,3309570.0
1763525100000,2025-11-19 06:05:00,0.0002737,0.0002742,0.0002734,0.0002734,3619230.0
1763525400000,2025-11-19 06:10:00,0.0002734,0.0002738,0.0002734,0.0002738,1859560.0
1763525700000,2025-11-19 06:15:00,0.0002738,0.0002743,0.0002735,0.0002739,1076050.0
1763526000000,2025-11-19 06:20:00,0.0002739,0.0002742,0.0002739,0.0002742,20733010.0
1763526300000,2025-11-19 06:25:00,0.0002742,0.0002742,0.0002739,0.0002742,17045520.0
1763526600000,2025-11-19 06:30:00,0.0002742,0.0002742,0.0002735,0.0002736,1258660.0
1763526900000,2025-11-19 06:35:00,0.0002736,0.0002737,0.0002733,0.0002736,511330.0
1763527200000,2025-11-19 06:40:00,0.0002736,0.0002736,0.0002733,0.0002733,300060.0
1763527500000,2025-11-19 06:45:00,0.0002733,0.0002733,0.0002722,0.0002732,8701000.0
1763527800000,2025-11-19 06:50:00,0.0002732,0.0002735,0.0002732,0.0002735,1382060.0
1763528100000,2025-11-19 06:55:00,0.0002735,0.0002735,0.0002729,0.0002729,403080.0
1763528400000,2025-11-19 07:00:00,0.0002729,0.0002733,0.0002729,0.0002729,2242770.0
1763528700000,2025-11-19 07:05:00,0.0002729,0.0002729,0.000272,0.0002721,803580.0
1763529000000,2025-11-19 07:10:00,0.0002721,0.0002721,0.0002719,0.0002719,1231280.0
1763529300000,2025-11-19 07:15:00,0.0002719,0.0002722,0.0002714,0.0002722,833930.0
1763529600000,2025-11-19 07:20:00,0.0002722,0.0002724,0.0002715,0.0002716,1071140.0
1763529900000,2025-11-19 07:25:00,0.0002716,0.0002716,0.0002709,0.0002712,411950.0
1763530200000,2025-11-19 07:30:00,0.0002712,0.0002712,0.0002703,0.0002703,1585680.0
1763530500000,2025-11-19 07:35:00,0.0002703,0.0002703,0.0002686,0.0002689,2284090.0
1763530800000,2025-11-19 07:40:00,0.0002689,0.0002689,0.0002683,0.0002685,1119170.0
1763531100000,2025-11-19 07:45:00,0.0002685,0.0002687,0.0002674,0.0002684,376330.0
1763531400000,2025-11-19 07:50:00,0.0002684,0.0002694,0.0002682,0.0002693,41089140.0
1763531700000,2025-11-19 07:55:00,0.0002693,0.0002693,0.0002687,0.0002689,764550.0
1763532000000,2025-11-19 08:00:00,0.0002689,0.0002693,0.0002684,0.0002691,5925100.0
1763532300000,2025-11-19 08:05:00,0.0002691,0.0002702,0.0002683,0.0002702,667740.0
1763532600000,2025-11-19 08:10:00,0.0002702,0.0002702,0.000269,0.0002697,1082810.0
1763532900000,2025-11-19 08:15:00,0.0002697,0.00027,0.0002693,0.0002697,2217700.0
1763533200000,2025-11-19 08:20:00,0.0002697,0.0002697,0.0002689,0.0002693,42429060.0
1763533500000,2025-11-19 08:25:00,0.0002693,0.00027,0.0002693,0.00027,379030.0
1763533800000,2025-11-19 08:30:00,0.00027,0.0002705,0.0002699,0.0002705,1687900.0
1763534100000,2025-11-19 08:35:00,0.0002705,0.0002712,0.0002705,0.0002708,1710330.0
1763534400000,2025-11-19 08:40:00,0.0002708,0.0002712,0.0002708,0.000271,761270.0
1763534700000,2025-11-19 08:45:00,0.000271,0.0002711,0.0002708,0.0002711,211100.0
1763535000000,2025-11-19 08:50:00,0.0002711,0.0002713,0.0002711,0.0002713,12040.0
1763535300000,2025-11-19 08:55:00,0.0002713,0.0002713,0.0002711,0.0002711,1204220.0
1763535600000,2025-11-19 09:00:00,0.0002711,0.0002714,0.0002708,0.0002712,2774130.0
1763535900000,2025-11-19 09:05:00,0.0002712,0.0002722,0.0002712,0.0002721,39606120.0
1763536200000,2025-11-19 09:10:00,0.0002721,0.0002721,0.0002713,0.0002716,736660.0
1763536500000,2025-11-19 09:15:00,0.0002716,0.0002717,0.0002712,0.0002713,1172430.0
1763536800000,2025-11-19 09:20:00,0.0002713,0.000272,0.0002713,0.0002719,690120.0
1763537100000,2025-11-19 09:25:00,0.0002719,0.0002719,0.0002714,0.0002719,1268670.0
1763537400000,2025-11-19 09:30:00,0.0002719,0.0002725,0.0002715,0.0002725,863610.0
1763537700000,2025-11-19 09:35:00,0.0002725,0.0002732,0.0002725,0.0002732,1397850.0
1763538000000,2025-11-19 09:40:00,0.0002732,0.0002732,0.0002731,0.0002732,2126620.0
1763538300000,2025-11-19 09:45:00,0.0002732,0.0002737,0.000273,0.0002737,1674260.0
1763538600000,2025-11-19 09:50:00,0.0002737,0.0002738,0.0002735,0.0002735,818190.0
1763538900000,2025-11-19 09:55:00,0.0002735,0.0002736,0.0002735,0.0002735,2318620.0
1763539200000,2025-11-19 10:00:00,0.0002735,0.0002738,0.0002734,0.0002734,2453740.0
1763539500000,2025-11-19 10:05:00,0.0002734,0.0002734,0.0002729,0.0002732,1949060.0
1763539800000,2025-11-19 10:10:00,0.0002732,0.0002732,0.000273,0.0002731,391440.0
1763540100000,2025-11-19 10:15:00,0.0002731,0.0002732,0.0002729,0.0002729,165790.0
1763540400000,2025-11-19 10:20:00,0.0002729,0.0002733,0.0002724,0.0002733,769010.0
1763540700000,2025-11-19 10:25:00,0.0002733,0.000274,0.0002733,0.000274,481620.0
1763541000000,2025-11-19 10:30:00,0.000274,0.000274,0.0002739,0.0002739,532860.0
1763541300000,2025-11-19 10:35:00,0.0002739,0.0002739,0.0002735,0.0002735,450390.0
1763541600000,2025-11-19 10:40:00,0.0002735,0.0002735,0.0002727,0.0002728,1035550.0
1763541900000,2025-11-19 10:45:00,0.0002728,0.0002728,0.0002727,0.0002727,140140.0
1763542200000,2025-11-19 10:50:00,0.0002727,0.0002727,0.0002724,0.0002724,3193940.0
1763542500000,2025-11-19 10:55:00,0.0002724,0.0002727,0.0002724,0.0002726,155800.0
1763542800000,2025-11-19 11:00:00,0.0002726,0.0002729,0.0002716,0.0002716,2505360.0
1763543100000,2025-11-19 11:05:00,0.0002716,0.0002719,0.0002712,0.0002719,431640.0
1763543400000,2025-11-19 11:10:00,0.0002719,0.000272,0.0002713,0.000272,3624520.0
1763543700000,2025-11-19 11:15:00,0.000272,0.000272,0.0002715,0.0002715,251980.0
1763544000000,2025-11-19 11:20:00,0.0002715,0.0002716,0.0002709,0.000271,1222530.0
1763544300000,2025-11-19 11:25:00,0.000271,0.0002713,0.0002709,0.0002713,191830.0
1763544600000,2025-11-19 11:30:00,0.0002713,0.000272,0.0002713,0.0002717,319330.0
1763544900000,2025-11-19 11:35:00,0.0002717,0.0002717,0.0002716,0.0002716,387400.0
1763545200000,2025-11-19 11:40:00,0.0002716,0.0002717,0.0002716,0.0002717,15260.0
1763545500000,2025-11-19 11:45:00,0.0002717,0.0002718,0.0002706,0.0002714,2635390.0
1763545800000,2025-11-19 11:50:00,0.0002714,0.0002718,0.0002712,0.0002718,144660.0
1763546100000,2025-11-19 11:55:00,0.0002718,0.000272,0.0002717,0.0002717,6730.0
1763546400000,2025-11-19 12:00:00,0.0002717,0.0002721,0.0002717,0.0002719,841630.0
1763546700000,2025-11-19 12:05:00,0.0002719,0.0002733,0.0002719,0.0002732,2393890.0
1763547000000,2025-11-19 12:10:00,0.0002732,0.0002732,0.0002727,0.0002728,284720.0
1763547300000,2025-11-19 12:15:00,0.0002728,0.000273,0.0002727,0.0002727,121480.0
1763547600000,2025-11-19 12:20:00,0.0002727,0.0002728,0.0002726,0.0002726,453720.0
1763547900000,2025-11-19 12:25:00,0.0002726,0.000273,0.0002726,0.000273,235830.0
1763548200000,2025-11-19 12:30:00,0.000273,0.000273,0.0002718,0.0002718,1532900.0
1763548500000,2025-11-19 12:35:00,0.0002718,0.0002721,0.0002718,0.0002721,697630.0
1763548800000,2025-11-19 12:40:00,0.0002721,0.0002724,0.0002721,0.0002723,217750.0
1763549100000,2025-11-19 12:45:00,0.0002723,0.0002723,0.0002713,0.0002714,1175900.0
1763549400000,2025-11-19 12:50:00,0.0002714,0.0002715,0.0002714,0.0002715,20220.0
1763549700000,2025-11-19 12:55:00,0.0002715,0.0002716,0.0002715,0.0002716,103710.0
1763550000000,2025-11-19 13:00:00,0.0002716,0.0002716,0.0002712,0.0002713,786480.0
1763550300000,2025-11-19 13:05:00,0.0002713,0.0002718,0.0002713,0.0002718,48800.0
1763550600000,2025-11-19 13:10:00,0.0002718,0.0002722,0.0002718,0.0002722,865340.0
1763550900000,2025-11-19 13:15:00,0.0002722,0.0002723,0.0002719,0.0002719,729290.0
1763551200000,2025-11-19 13:20:00,0.0002719,0.0002721,0.0002718,0.0002718,397280.0
1763551500000,2025-11-19 13:25:00,0.0002718,0.0002719,0.0002716,0.0002716,122330.0
1763551800000,2025-11-19 13:30:00,0.0002716,0.000272,0.0002715,0.0002718,680910.0
1763552100000,2025-11-19 13:35:00,0.0002718,0.000272,0.0002718,0.0002719,57690.0
1763552400000,2025-11-19 13:40:00,0.0002719,0.0002722,0.0002719,0.0002721,691800.0
1763552700000,2025-11-19 13:45:00,0.0002721,0.0002723,0.0002717,0.0002719,2180160.0
1763553000000,2025-11-19 13:50:00,0.0002719,0.0002719,0.0002716,0.0002716,41260.0
1763553300000,2025-11-19 13:55:00,0.0002716,0.0002716,0.0002712,0.0002716,373930.0
1763553600000,2025-11-19 14:00:00,0.0002716,0.0002718,0.0002714,0.0002718,1101860.0
1763553900000,2025-11-19 14:05:00,0.0002718,0.0002724,0.0002718,0.0002724,7380.0
1763554200000,2025-11-19 14:10:00,0.0002724,0.0002724,0.000272,0.0002721,666980.0
1763554500000,2025-11-19 14:15:00,0.0002721,0.0002721,0.0002721,0.0002721,77890.0
1763554800000,2025-11-19 14:20:00,0.0002721,0.0002722,0.0002717,0.0002722,94360.0
1763555100000,2025-11-19 14:25:00,0.0002722,0.0002722,0.0002721,0.0002722,873280.0
1763555400000,2025-11-19 14:30:00,0.0002722,0.0002725,0.0002721,0.0002725,624650.0
1763555700000,2025-11-19 14:35:00,0.0002725,0.0002725,0.000272,0.0002722,1397820.0
1763556000000,2025-11-19 14:40:00,0.0002722,0.0002725,0.000272,0.0002725,189960.0
1763556300000,2025-11-19 14:45:00,0.0002725,0.0002728,0.0002725,0.0002727,147090.0
1763556600000,2025-11-19 14:50:00,0.0002727,0.0002731,0.0002727,0.0002727,566310.0
1763556900000,2025-11-19 14:55:00,0.0002727,0.0002732,0.0002727,0.0002731,308850.0
1763557200000,2025-11-19 15:00:00,0.0002731,0.0002734,0.0002728,0.0002731,2066760.0
1763557500000,2025-11-19 15:05:00,0.0002731,0.0002738,0.000273,0.0002738,1891240.0
1763557800000,2025-11-19 15:10:00,0.0002738,0.0002739,0.0002733,0.0002735,2063780.0
1763558100000,2025-11-19 15:15:00,0.0002735,0.0002737,0.0002734,0.0002736,776840.0
1763558400000,2025-11-19 15:20:00,0.0002736,0.0002739,0.0002733,0.0002738,2737280.0
1763558700000,2025-11-19 15:25:00,0.0002738,0.0002747,0.0002738,0.0002742,3495620.0
1763559000000,2025-11-19 15:30:00,0.0002742,0.0002745,0.0002726,0.0002726,3101130.0
1763559300000,2025-11-19 15:35:00,0.0002726,0.0002727,0.0002719,0.0002727,4015730.0
1763559600000,2025-11-19 15:40:00,0.0002727,0.0002727,0.0002723,0.0002723,538300.0
1763559900000,2025-11-19 15:45:00,0.0002723,0.0002725,0.0002721,0.0002721,811210.0
1763560200000,2025-11-19 15:50:00,0.0002721,0.0002723,0.0002713,0.0002714,4273500.0
1763560500000,2025-11-19 15:55:00,0.0002714,0.0002719,0.0002714,0.0002717,5630550.0
1763560800000,2025-11-19 16:00:00,0.0002717,0.000272,0.0002709,0.0002709,4989330.0
1763561100000,2025-11-19 16:05:00,0.0002709,0.0002713,0.0002704,0.0002704,3072900.0
1763561400000,2025-11-19 16:10:00,0.0002704,0.0002718,0.0002704,0.0002718,2635150.0
1763561700000,2025-11-19 16:15:00,0.0002718,0.0002718,0.0002708,0.0002708,6088300.0
1763562000000,2025-11-19 16:20:00,0.0002708,0.0002709,0.00027,0.00027,2811500.0
1763562300000,2025-11-19 16:25:00,0.00027,0.00027,0.0002691,0.0002692,747910.0
1763562600000,2025-11-19 16:30:00,0.0002692,0.0002718,0.0002689,0.000271,9094100.0
1763562900000,2025-11-19 16:35:00,0.000271,0.0002719,0.0002704,0.0002712,7936110.0
1763563200000,2025-11-19 16:40:00,0.0002712,0.0002729,0.0002706,0.0002726,1184420.0
1763563500000,2025-11-19 16:45:00,0.0002726,0.0002732,0.0002718,0.0002729,3422880.0
1763563800000,2025-11-19 16:50:00,0.0002729,0.0002732,0.000272,0.000273,3237500.0
1763564100000,2025-11-19 16:55:00,0.000273,0.000273,0.0002722,0.000273,405750.0
1763564400000,2025-11-19 17:00:00,0.000273,0.0002746,0.0002729,0.0002746,404340.0
1763564700000,2025-11-19 17:05:00,0.0002746,0.0002756,0.0002743,0.0002754,1857990.0
1763565000000,2025-11-19 17:10:00,0.0002754,0.0002754,0.0002741,0.0002742,3631780.0
1763565300000,2025-11-19 17:15:00,0.0002742,0.0002753,0.0002738,0.0002741,6349140.0
1763565600000,2025-11-19 17:20:00,0.0002741,0.0002741,0.000271,0.0002716,2812080.0
1763565900000,2025-11-19 17:25:00,0.0002716,0.0002716,0.0002702,0.0002711,2502100.0
1763566200000,2025-11-19 17:30:00,0.0002711,0.0002711,0.0002688,0.0002699,9833190.0
1763566500000,2025-11-19 17:35:00,0.0002699,0.0002704,0.0002696,0.0002703,1297230.0
1763566800000,2025-11-19 17:40:00,0.0002703,0.0002703,0.0002691,0.0002698,3625180.0
1763567100000,2025-11-19 17:45:00,0.0002698,0.0002698,0.0002682,0.0002682,1832110.0
1763567400000,2025-11-19 17:50:00,0.0002682,0.0002682,0.000267,0.0002678,4381700.0
1763567700000,2025-11-19 17:55:00,0.0002678,0.0002678,0.0002667,0.0002671,1927770.0
1763568000000,2025-11-19 18:00:00,0.0002671,0.0002681,0.0002669,0.0002673,2720540.0
1763568300000,2025-11-19 18:05:00,0.0002673,0.0002684,0.0002665,0.0002666,15945660.0
1763568600000,2025-11-19 18:10:00,0.0002666,0.0002683,0.0002663,0.0002683,24925120.0
1763568900000,2025-11-19 18:15:00,0.0002683,0.0002683,0.0002668,0.0002668,2680660.0
1763569200000,2025-11-19 18:20:00,0.0002668,0.0002669,0.0002654,0.0002654,6395160.0
1763569500000,2025-11-19 18:25:00,0.0002654,0.0002663,0.0002654,0.000266,1554480.0
1763569800000,2025-11-19 18:30:00,0.000266,0.0002665,0.000265,0.0002651,986030.0
1763570100000,2025-11-19 18:35:00,0.0002651,0.0002651,0.0002639,0.0002647,3075900.0
1763570400000,2025-11-19 18:40:00,0.0002647,0.0002652,0.0002641,0.0002651,13147520.0
1763570700000,2025-11-19 18:45:00,0.0002651,0.0002657,0.000263,0.0002641,21804080.0
1763571000000,2025-11-19 18:50:00,0.0002641,0.0002643,0.0002635,0.0002643,4539410.0
1763571300000,2025-11-19 18:55:00,0.0002643,0.0002643,0.0002634,0.0002642,1972360.0
1763571600000,2025-11-19 19:00:00,0.0002642,0.0002651,0.000263,0.0002633,3753460.0
1763571900000,2025-11-19 19:05:00,0.0002633,0.0002635,0.0002626,0.0002629,571770.0
1763572200000,2025-11-19 19:10:00,0.0002629,0.0002629,0.0002622,0.0002624,2771570.0
1763572500000,2025-11-19 19:15:00,0.0002624,0.0002635,0.0002624,0.0002631,353920.0
1763572800000,2025-11-19 19:20:00,0.0002631,0.0002644,0.0002628,0.0002644,7509590.0
1763573100000,2025-11-19 19:25:00,0.0002644,0.0002644,0.0002623,0.0002634,576230.0
1763573400000,2025-11-19 19:30:00,0.0002634,0.0002634,0.0002618,0.0002618,3224830.0
1763573700000,2025-11-19 19:35:00,0.0002618,0.0002618,0.0002591,0.0002608,3890350.0
1763574000000,2025-11-19 19:40:00,0.0002608,0.0002639,0.0002605,0.0002632,816730.0
1763574300000,2025-11-19 19:45:00,0.0002632,0.0002632,0.0002619,0.0002625,3613880.0
1763574600000,2025-11-19 19:50:00,0.0002625,0.0002644,0.0002625,0.0002636,1734070.0
1763574900000,2025-11-19 19:55:00,0.0002636,0.0002642,0.0002634,0.0002642,593390.0
1763575200000,2025-11-19 20:00:00,0.0002642,0.0002645,0.0002637,0.0002642,748600.0
1763575500000,2025-11-19 20:05:00,0.0002642,0.0002645,0.000263,0.0002634,2216640.0
1763575800000,2025-11-19 20:10:00,0.0002634,0.0002651,0.0002631,0.0002649,2097890.0
1763576100000,2025-11-19 20:15:00,0.0002649,0.000265,0.0002626,0.0002626,1480030.0
1763576400000,2025-11-19 20:20:00,0.0002626,0.0002634,0.0002616,0.0002616,2335300.0
1763576700000,2025-11-19 20:25:00,0.0002616,0.0002616,0.0002602,0.0002607,3308340.0
1763577000000,2025-11-19 20:30:00,0.0002607,0.0002618,0.0002606,0.0002618,933680.0
1763577300000,2025-11-19 20:35:00,0.0002618,0.0002623,0.0002614,0.000262,549180.0
1763577600000,2025-11-19 20:40:00,0.000262,0.000262,0.0002598,0.0002606,10527840.0
1763577900000,2025-11-19 20:45:00,0.0002606,0.000261,0.0002601,0.000261,2085130.0
1763578200000,2025-11-19 20:50:00,0.000261,0.0002616,0.0002602,0.0002602,525970.0
1763578500000,2025-11-19 20:55:00,0.0002602,0.0002619,0.0002602,0.0002617,1501160.0
1763578800000,2025-11-19 21:00:00,0.0002617,0.0002623,0.000261,0.0002623,3787100.0
1763579100000,2025-11-19 21:05:00,0.0002623,0.0002635,0.0002617,0.0002633,1742920.0
1763579400000,2025-11-19 21:10:00,0.0002633,0.0002633,0.0002619,0.0002626,902400.0
1763579700000,2025-11-19 21:15:00,0.0002626,0.000263,0.0002616,0.000263,999790.0
1763580000000,2025-11-19 21:20:00,0.000263,0.000263,0.0002619,0.0002623,487970.0
1763580300000,2025-11-19 21:25:00,0.0002623,0.0002625,0.0002621,0.0002623,232770.0
1763580600000,2025-11-19 21:30:00,0.0002623,0.0002626,0.0002621,0.0002623,530440.0
1763580900000,2025-11-19 21:35:00,0.0002623,0.0002626,0.0002617,0.0002618,771430.0
1763581200000,2025-11-19 21:40:00,0.0002618,0.0002634,0.0002618,0.0002634,2593030.0
1763581500000,2025-11-19 21:45:00,0.0002634,0.0002636,0.0002631,0.0002636,693460.0
1763581800000,2025-11-19 21:50:00,0.0002636,0.0002647,0.0002636,0.0002644,1048840.0
1763582100000,2025-11-19 21:55:00,0.0002644,0.0002647,0.0002636,0.0002636,1900660.0
1763582400000,2025-11-19 22:00:00,0.0002636,0.000264,0.0002632,0.0002634,5837770.0
1763582700000,2025-11-19 22:05:00,0.0002634,0.0002639,0.0002634,0.0002634,6940670.0
1763583000000,2025-11-19 22:10:00,0.0002634,0.0002641,0.0002633,0.0002639,6194700.0
1763583300000,2025-11-19 22:15:00,0.0002639,0.000264,0.0002636,0.000264,3262290.0
1763583600000,2025-11-19 22:20:00,0.000264,0.000265,0.0002634,0.0002641,4735350.0
1763583900000,2025-11-19 22:25:00,0.0002641,0.000265,0.0002641,0.000265,4067950.0
1763584200000,2025-11-19 22:30:00,0.000265,0.0002654,0.0002645,0.0002654,1904380.0
1763584500000,2025-11-19 22:35:00,0.0002654,0.0002667,0.0002654,0.0002656,938340.0
1763584800000,2025-11-19 22:40:00,0.0002656,0.0002656,0.0002648,0.0002653,1030800.0
1763585100000,2025-11-19 22:45:00,0.0002653,0.0002657,0.0002653,0.0002656,386030.0
1763585400000,2025-11-19 22:50:00,0.0002656,0.0002671,0.0002656,0.0002671,5013150.0
1763585700000,2025-11-19 22:55:00,0.0002671,0.0002682,0.0002671,0.0002676,623840.0
1763586000000,2025-11-19 23:00:00,0.0002676,0.0002683,0.0002672,0.000268,5348720.0
1763586300000,2025-11-19 23:05:00,0.000268,0.0002695,0.000268,0.0002683,12570360.0
1763586600000,2025-11-19 23:10:00,0.0002683,0.0002684,0.0002677,0.0002683,8580930.0
1763586900000,2025-11-19 23:15:00,0.0002683,0.0002696,0.0002683,0.0002687,2341100.0
1763587200000,2025-11-19 23:20:00,0.0002687,0.0002732,0.0002687,0.0002728,16515210.0
1763587500000,2025-11-19 23:25:00,0.0002728,0.0002729,0.0002709,0.0002709,2829880.0
1763587800000,2025-11-19 23:30:00,0.0002709,0.0002731,0.0002709,0.0002728,6136520.0
1763588100000,2025-11-19 23:35:00,0.0002728,0.0002728,0.0002719,0.0002721,636650.0
1763588400000,2025-11-19 23:40:00,0.0002721,0.0002722,0.0002715,0.0002721,504380.0
1763588700000,2025-11-19 23:45:00,0.0002721,0.0002728,0.0002721,0.0002723,474740.0
1763589000000,2025-11-19 23:50:00,0.0002723,0.0002731,0.0002723,0.000273,225180.0
1763589300000,2025-11-19 23:55:00,0.000273,0.000273,0.0002722,0.0002723,4211110.0
1763589600000,2025-11-20 00:00:00,0.0002723,0.0002725,0.0002718,0.0002725,4655520.0
1763589900000,2025-11-20 00:05:00,0.0002725,0.0002725,0.000272,0.0002724,1429850.0
1763590200000,2025-11-20 00:10:00,0.0002724,0.0002724,0.0002712,0.0002712,3057500.0
1763590500000,2025-11-20 00:15:00,0.0002712,0.0002717,0.0002709,0.0002717,807270.0
1763590800000,2025-11-20 00:20:00,0.0002717,0.0002717,0.0002707,0.0002712,146150.0
1763591100000,2025-11-20 00:25:00,0.0002712,0.0002724,0.0002712,0.0002723,2285660.0
1763591400000,2025-11-20 00:30:00,0.0002723,0.0002724,0.0002715,0.0002721,749080.0
1763591700000,2025-11-20 00:35:00,0.0002721,0.0002721,0.0002718,0.0002719,4138380.0
1763592000000,2025-11-20 00:40:00,0.0002719,0.0002725,0.0002719,0.0002725,7007150.0
1763592300000,2025-11-20 00:45:00,0.0002725,0.0002725,0.000272,0.000272,935310.0
1763592600000,2025-11-20 00:50:00,0.000272,0.0002722,0.0002719,0.0002722,288000.0
1763592900000,2025-11-20 00:55:00,0.0002722,0.0002724,0.0002721,0.0002722,1211200.0
1763593200000,2025-11-20 01:00:00,0.0002722,0.0002735,0.0002722,0.000273,1469520.0
1763593500000,2025-11-20 01:05:00,0.000273,0.0002751,0.000273,0.0002751,4041680.0
1763593800000,2025-11-20 01:10:00,0.0002751,0.0002752,0.0002744,0.0002752,4345410.0
1763594100000,2025-11-20 01:15:00,0.0002752,0.0002755,0.0002745,0.0002745,1228640.0
1763594400000,2025-11-20 01:20:00,0.0002745,0.0002749,0.0002745,0.0002749,488280.0
1763594700000,2025-11-20 01:25:00,0.0002749,0.0002751,0.0002746,0.0002748,512550.0
1763595000000,2025-11-20 01:30:00,0.0002748,0.0002748,0.0002745,0.0002746,636620.0
1763595300000,2025-11-20 01:35:00,0.0002746,0.0002751,0.0002746,0.0002749,1016510.0
1763595600000,2025-11-20 01:40:00,0.0002749,0.0002749,0.0002745,0.0002749,464760.0
1763595900000,2025-11-20 01:45:00,0.0002749,0.0002755,0.0002749,0.0002753,687930.0
1763596200000,2025-11-20 01:50:00,0.0002753,0.0002754,0.0002752,0.0002754,198500.0
1763596500000,2025-11-20 01:55:00,0.0002754,0.0002755,0.0002754,0.0002755,220890.0
1763596800000,2025-11-20 02:00:00,0.0002755,0.0002759,0.000275,0.000275,3978100.0
1763597100000,2025-11-20 02:05:00,0.000275,0.000275,0.0002743,0.0002743,1305090.0
1763597400000,2025-11-20 02:10:00,0.0002743,0.0002743,0.0002738,0.000274,976920.0
1763597700000,2025-11-20 02:15:00,0.000274,0.0002747,0.000274,0.0002746,783040.0
1763598000000,2025-11-20 02:20:00,0.0002746,0.0002748,0.0002742,0.0002748,762620.0
1763598300000,2025-11-20 02:25:00,0.0002748,0.0002748,0.0002746,0.0002746,664880.0
1763598600000,2025-11-20 02:30:00,0.0002746,0.0002756,0.0002746,0.0002754,2464740.0
1763598900000,2025-11-20 02:35:00,0.0002754,0.0002757,0.0002746,0.0002746,1784860.0
1763599200000,2025-11-20 02:40:00,0.0002746,0.000275,0.0002746,0.000275,113130.0
1763599500000,2025-11-20 02:45:00,0.000275,0.0002751,0.000275,0.000275,342820.0
1763599800000,2025-11-20 02:50:00,0.000275,0.000275,0.0002743,0.0002744,585960.0
1763600100000,2025-11-20 02:55:00,0.0002744,0.0002745,0.0002743,0.0002745,139890.0
1763600400000,2025-11-20 03:00:00,0.0002745,0.000275,0.0002745,0.000275,480150.0
1763600700000,2025-11-20 03:05:00,0.000275,0.0002758,0.000275,0.0002757,1551450.0
1763601000000,2025-11-20 03:10:00,0.0002757,0.0002758,0.0002755,0.0002755,66160.0
1763601300000,2025-11-20 03:15:00,0.0002755,0.0002755,0.0002751,0.0002753,404220.0
1763601600000,2025-11-20 03:20:00,0.0002753,0.0002756,0.0002752,0.0002754,1671900.0
1763601900000,2025-11-20 03:25:00,0.0002754,0.0002756,0.0002752,0.0002752,154670.0
1763602200000,2025-11-20 03:30:00,0.0002752,0.000276,0.0002752,0.000276,115640.0
1763602500000,2025-11-20 03:35:00,0.000276,0.000276,0.000276,0.000276,622170.0
1763602800000,2025-11-20 03:40:00,0.000276,0.0002763,0.0002759,0.0002763,814810.0
1763603100000,2025-11-20 03:45:00,0.0002763,0.0002763,0.0002756,0.0002761,4806410.0
1763603400000,2025-11-20 03:50:00,0.0002761,0.0002765,0.0002761,0.0002765,847630.0
1763603700000,2025-11-20 03:55:00,0.0002765,0.0002765,0.0002761,0.0002763,226000.0
1763604000000,2025-11-20 04:00:00,0.0002763,0.0002778,0.0002763,0.0002777,3354720.0
1763604300000,2025-11-20 04:05:00,0.0002777,0.0002782,0.0002765,0.0002765,4065180.0
1763604600000,2025-11-20 04:10:00,0.0002765,0.000277,0.0002761,0.0002766,2665330.0
1763604900000,2025-11-20 04:15:00,0.0002766,0.0002766,0.0002757,0.0002757,392410.0
1763605200000,2025-11-20 04:20:00,0.0002757,0.0002759,0.0002757,0.0002757,185650.0
1763605500000,2025-11-20 04:25:00,0.0002757,0.0002757,0.0002757,0.0002757,44150.0
1763605800000,2025-11-20 04:30:00,0.0002757,0.0002764,0.0002757,0.0002764,1440920.0
1763606100000,2025-11-20 04:35:00,0.0002764,0.0002766,0.0002763,0.0002763,927000.0
1763606400000,2025-11-20 04:40:00,0.0002763,0.0002765,0.0002759,0.0002759,1354260.0
1763606700000,2025-11-20 04:45:00,0.0002759,0.0002763,0.0002759,0.0002763,123530.0
1763607000000,2025-11-20 04:50:00,0.0002763,0.0002766,0.0002763,0.0002765,336120.0
1763607300000,2025-11-20 04:55:00,0.0002765,0.0002765,0.0002763,0.0002763,74200.0
1763607600000,2025-11-20 05:00:00,0.0002763,0.0002769,0.0002763,0.0002765,751170.0
1763607900000,2025-11-20 05:05:00,0.0002765,0.0002766,0.0002765,0.0002766,752780.0
1763608200000,2025-11-20 05:10:00,0.0002766,0.0002766,0.0002761,0.0002766,389300.0
1763608500000,2025-11-20 05:15:00,0.0002766,0.0002768,0.0002766,0.0002768,43610.0
1763608800000,2025-11-20 05:20:00,0.0002768,0.0002773,0.0002768,0.0002773,50380.0
1763609100000,2025-11-20 05:25:00,0.0002773,0.0002773,0.0002767,0.0002768,2344700.0
1763609400000,2025-11-20 05:30:00,0.0002768,0.0002773,0.0002768,0.0002773,2711590.0
1763609700000,2025-11-20 05:35:00,0.0002773,0.0002774,0.0002768,0.0002768,762890.0
1763610000000,2025-11-20 05:40:00,0.0002768,0.000277,0.0002768,0.000277,367290.0
1763610300000,2025-11-20 05:45:00,0.000277,0.0002771,0.0002765,0.000277,532690.0
1763610600000,2025-11-20 05:50:00,0.000277,0.0002772,0.0002769,0.000277,125260.0
1763610900000,2025-11-20 05:55:00,0.000277,0.000277,0.0002769,0.0002769,88190.0
1763611200000,2025-11-20 06:00:00,0.0002769,0.0002773,0.0002769,0.0002773,1478770.0
1763611500000,2025-11-20 06:05:00,0.0002773,0.0002773,0.0002769,0.000277,1867320.0
1763611800000,2025-11-20 06:10:00,0.000277,0.0002773,0.000277,0.0002772,1113320.0
1763612100000,2025-11-20 06:15:00,0.0002772,0.0002772,0.0002763,0.0002763,118370.0
1763612400000,2025-11-20 06:20:00,0.0002763,0.0002764,0.0002763,0.0002763,369930.0
1763612700000,2025-11-20 06:25:00,0.0002763,0.0002766,0.0002763,0.0002766,162750.0
1763613000000,2025-11-20 06:30:00,0.0002766,0.0002769,0.0002766,0.0002769,157570.0
1763613300000,2025-11-20 06:35:00,0.0002769,0.0002769,0.0002766,0.0002766,2492880.0
1763613600000,2025-11-20 06:40:00,0.0002766,0.0002769,0.0002765,0.0002769,726900.0
1763613900000,2025-11-20 06:45:00,0.0002769,0.0002774,0.0002769,0.0002773,699270.0
1763614200000,2025-11-20 06:50:00,0.0002773,0.0002775,0.0002772,0.0002773,553810.0
1763614500000,2025-11-20 06:55:00,0.0002773,0.0002781,0.0002773,0.0002781,173040.0
1763614800000,2025-11-20 07:00:00,0.0002781,0.0002782,0.0002778,0.0002778,1365070.0
1763615100000,2025-11-20 07:05:00,0.0002778,0.0002785,0.0002778,0.0002782,2169320.0
1763615400000,2025-11-20 07:10:00,0.0002782,0.0002782,0.0002774,0.0002777,416060.0
1763615700000,2025-11-20 07:15:00,0.0002777,0.0002778,0.0002776,0.0002776,451520.0
1763616000000,2025-11-20 07:20:00,0.0002776,0.0002776,0.0002773,0.0002775,277490.0
1763616300000,2025-11-20 07:25:00,0.0002775,0.0002775,0.0002774,0.0002774,265780.0
1763616600000,2025-11-20 07:30:00,0.0002774,0.0002774,0.000277,0.0002772,137160.0
1763616900000,2025-11-20 07:35:00,0.0002772,0.0002773,0.000277,0.0002773,939240.0
1763617200000,2025-11-20 07:40:00,0.0002773,0.0002773,0.0002772,0.0002772,80010.0
1763617500000,2025-11-20 07:45:00,0.0002772,0.0002773,0.0002771,0.0002773,150640.0
1763617800000,2025-11-20 07:50:00,0.0002773,0.0002773,0.0002773,0.0002773,0.0
1763618100000,2025-11-20 07:55:00,0.0002773,0.0002775,0.0002773,0.0002774,332570.0
1763618400000,2025-11-20 08:00:00,0.0002774,0.0002779,0.0002774,0.0002779,1485610.0
1763618700000,2025-11-20 08:05:00,0.0002779,0.0002779,0.0002777,0.0002779,1353090.0
1763619000000,2025-11-20 08:10:00,0.0002779,0.000278,0.0002777,0.0002777,425550.0
1763619300000,2025-11-20 08:15:00,0.0002777,0.0002779,0.0002777,0.0002779,212700.0
1763619600000,2025-11-20 08:20:00,0.0002779,0.0002779,0.0002778,0.0002778,48520.0
1763619900000,2025-11-20 08:25:00,0.0002778,0.0002781,0.0002778,0.0002781,190450.0
1763620200000,2025-11-20 08:30:00,0.0002781,0.0002784,0.0002781,0.0002782,2578840.0
1763620500000,2025-11-20 08:35:00,0.0002782,0.0002782,0.000278,0.0002781,641210.0
1763620800000,2025-11-20 08:40:00,0.0002781,0.0002783,0.0002772,0.0002772,4268960.0
1763621100000,2025-11-20 08:45:00,0.0002772,0.0002772,0.0002768,0.0002769,1218960.0
1763621400000,2025-11-20 08:50:00,0.0002769,0.0002774,0.0002764,0.0002774,1365450.0
1763621700000,2025-11-20 08:55:00,0.0002774,0.0002776,0.0002774,0.0002776,80450.0
1763622000000,2025-11-20 09:00:00,0.0002776,0.0002777,0.0002774,0.0002774,3678040.0
1763622300000,2025-11-20 09:05:00,0.0002774,0.0002778,0.0002774,0.0002778,508980.0
1763622600000,2025-11-20 09:10:00,0.0002778,0.0002782,0.0002777,0.0002777,2326280.0
1763622900000,2025-11-20 09:15:00,0.0002777,0.0002778,0.0002777,0.0002777,433060.0
1763623200000,2025-11-20 09:20:00,0.0002777,0.0002778,0.0002777,0.0002778,1920.0
1763623500000,2025-11-20 09:25:00,0.0002778,0.0002779,0.0002776,0.0002777,3047860.0
1763623800000,2025-11-20 09:30:00,0.0002777,0.0002785,0.0002777,0.0002785,2018920.0
1763624100000,2025-11-20 09:35:00,0.0002785,0.0002785,0.0002783,0.0002784,506490.0
1763624400000,2025-11-20 09:40:00,0.0002784,0.0002785,0.0002784,0.0002784,120100.0
1763624700000,2025-11-20 09:45:00,0.0002784,0.0002792,0.0002784,0.0002791,859440.0
1763625000000,2025-11-20 09:50:00,0.0002791,0.0002791,0.0002789,0.0002789,8200.0
1763625300000,2025-11-20 09:55:00,0.0002789,0.0002789,0.0002789,0.0002789,44640.0
1763625600000,2025-11-20 10:00:00,0.0002789,0.0002792,0.0002775,0.0002781,4644810.0
1763625900000,2025-11-20 10:05:00,0.0002781,0.0002786,0.000278,0.0002782,274890.0
1763626200000,2025-11-20 10:10:00,0.0002782,0.0002782,0.0002779,0.0002779,166490.0
1763626500000,2025-11-20 10:15:00,0.0002779,0.000278,0.0002776,0.0002778,1208820.0
1763626800000,2025-11-20 10:20:00,0.0002778,0.000278,0.0002777,0.0002779,231660.0
1763627100000,2025-11-20 10:25:00,0.0002779,0.0002781,0.0002777,0.0002781,68520.0
1763627400000,2025-11-20 10:30:00,0.0002781,0.0002781,0.0002776,0.0002778,339610.0
1763627700000,2025-11-20 10:35:00,0.0002778,0.0002781,0.0002777,0.000278,553940.0
1763628000000,2025-11-20 10:40:00,0.000278,0.0002781,0.0002777,0.0002777,621230.0
1763628300000,2025-11-20 10:45:00,0.0002777,0.0002778,0.0002777,0.0002777,919810.0
1763628600000,2025-11-20 10:50:00,0.0002777,0.0002794,0.0002776,0.000279,4631300.0
1763628900000,2025-11-20 10:55:00,0.000279,0.000279,0.0002784,0.0002784,242150.0
1763629200000,2025-11-20 11:00:00,0.0002784,0.0002784,0.000277,0.000277,5208780.0
1763629500000,2025-11-20 11:05:00,0.000277,0.0002774,0.000277,0.0002774,1116470.0
1763629800000,2025-11-20 11:10:00,0.0002774,0.0002777,0.0002774,0.0002777,440980.0
1763630100000,2025-11-20 11:15:00,0.0002777,0.000278,0.0002772,0.000278,428240.0
1763630400000,2025-11-20 11:20:00,0.000278,0.0002783,0.0002779,0.0002779,1208030.0
1763630700000,2025-11-20 11:25:00,0.0002779,0.0002782,0.0002777,0.0002777,696030.0
1763631000000,2025-11-20 11:30:00,0.0002777,0.0002783,0.0002775,0.0002783,571200.0
1763631300000,2025-11-20 11:35:00,0.0002783,0.0002784,0.0002782,0.0002782,616920.0
1763631600000,2025-11-20 11:40:00,0.0002782,0.0002782,0.0002778,0.0002779,503870.0
1763631900000,2025-11-20 11:45:00,0.0002779,0.0002779,0.0002766,0.0002766,2356070.0
1763632200000,2025-11-20 11:50:00,0.0002766,0.0002774,0.0002763,0.0002774,7079480.0
1763632500000,2025-11-20 11:55:00,0.0002774,0.0002775,0.0002769,0.0002769,663520.0
1763632800000,2025-11-20 12:00:00,0.0002769,0.0002772,0.0002767,0.0002767,1548780.0
1763633100000,2025-11-20 12:05:00,0.0002767,0.000277,0.0002749,0.0002751,4891240.0
1763633400000,2025-11-20 12:10:00,0.0002751,0.0002755,0.0002751,0.0002754,1248020.0
1763633700000,2025-11-20 12:15:00,0.0002754,0.000276,0.0002754,0.000276,354720.0
1763634000000,2025-11-20 12:20:00,0.000276,0.0002763,0.000276,0.0002761,4230760.0
1763634300000,2025-11-20 12:25:00,0.0002761,0.0002763,0.000276,0.0002762,323050.0
1763634600000,2025-11-20 12:30:00,0.0002762,0.0002764,0.000276,0.000276,431700.0
1763634900000,2025-11-20 12:35:00,0.000276,0.0002762,0.0002756,0.0002756,1360120.0
1763635200000,2025-11-20 12:40:00,0.0002756,0.0002764,0.0002756,0.0002764,657430.0
1763635500000,2025-11-20 12:45:00,0.0002764,0.0002764,0.0002762,0.0002762,41020.0
1763635800000,2025-11-20 12:50:00,0.0002762,0.0002766,0.0002762,0.0002766,46200.0
1763636100000,2025-11-20 12:55:00,0.0002766,0.0002766,0.0002766,0.0002766,0.0
1763636400000,2025-11-20 13:00:00,0.0002766,0.0002766,0.0002766,0.0002766,682900.0
1763636700000,2025-11-20 13:05:00,0.0002766,0.0002771,0.0002766,0.0002771,1949560.0
1763637000000,2025-11-20 13:10:00,0.0002771,0.0002771,0.000277,0.000277,99210.0
1763637300000,2025-11-20 13:15:00,0.000277,0.000277,0.0002766,0.000277,2255920.0
1763637600000,2025-11-20 13:20:00,0.000277,0.000277,0.0002769,0.0002769,46220.0
1763637900000,2025-11-20 13:25:00,0.0002769,0.0002769,0.0002765,0.0002765,80550.0
1763638200000,2025-11-20 13:30:00,0.0002765,0.0002766,0.0002761,0.0002761,3007880.0
1763638500000,2025-11-20 13:35:00,0.0002761,0.0002766,0.0002761,0.0002766,641510.0
1763638800000,2025-11-20 13:40:00,0.0002766,0.0002773,0.0002766,0.0002771,610870.0
1763639100000,2025-11-20 13:45:00,0.0002771,0.0002776,0.0002771,0.0002776,103020.0
1763639400000,2025-11-20 13:50:00,0.0002776,0.0002783,0.0002776,0.0002781,687550.0
1763639700000,2025-11-20 13:55:00,0.0002781,0.0002781,0.0002779,0.0002779,348440.0
1763640000000,2025-11-20 14:00:00,0.0002779,0.0002779,0.0002775,0.0002778,777220.0
1763640300000,2025-11-20 14:05:00,0.0002778,0.0002783,0.0002778,0.0002782,1638260.0
1763640600000,2025-11-20 14:10:00,0.0002782,0.000279,0.0002782,0.0002783,776000.0
1763640900000,2025-11-20 14:15:00,0.0002783,0.0002793,0.0002781,0.0002793,2695280.0
1763641200000,2025-11-20 14:20:00,0.0002793,0.0002802,0.0002793,0.0002799,1949020.0
1763641500000,2025-11-20 14:25:00,0.0002799,0.0002807,0.0002799,0.0002805,1613390.0
1763641800000,2025-11-20 14:30:00,0.0002805,0.0002817,0.0002805,0.0002817,3278900.0
1763642100000,2025-11-20 14:35:00,0.0002817,0.000282,0.000281,0.0002811,1392470.0
1763642400000,2025-11-20 14:40:00,0.0002811,0.0002816,0.000281,0.0002813,787560.0
1763642700000,2025-11-20 14:45:00,0.0002813,0.0002824,0.0002813,0.0002823,3949320.0
1763643000000,2025-11-20 14:50:00,0.0002823,0.0002835,0.000282,0.0002835,5296770.0
1763643300000,2025-11-20 14:55:00,0.0002835,0.0002835,0.0002828,0.0002834,772320.0
1763643600000,2025-11-20 15:00:00,0.0002834,0.0002838,0.000282,0.0002821,7424680.0
1763643900000,2025-11-20 15:05:00,0.0002821,0.000283,0.0002819,0.0002827,4955080.0
1763644200000,2025-11-20 15:10:00,0.0002827,0.0002827,0.000282,0.0002825,1674500.0
1763644500000,2025-11-20 15:15:00,0.0002825,0.0002828,0.0002823,0.0002824,297810.0
1763644800000,2025-11-20 15:20:00,0.0002824,0.0002824,0.0002817,0.0002821,4501220.0
1763645100000,2025-11-20 15:25:00,0.0002821,0.0002821,0.0002809,0.0002821,3586180.0
1763645400000,2025-11-20 15:30:00,0.0002821,0.0002841,0.0002818,0.0002822,6266190.0
1763645700000,2025-11-20 15:35:00,0.0002822,0.0002829,0.0002814,0.0002829,1916670.0
1763646000000,2025-11-20 15:40:00,0.0002829,0.000283,0.0002823,0.0002826,777830.0
1763646300000,2025-11-20 15:45:00,0.0002826,0.000283,0.0002819,0.0002829,233250.0
1763646600000,2025-11-20 15:50:00,0.0002829,0.0002838,0.0002829,0.0002833,641910.0
1763646900000,2025-11-20 15:55:00,0.0002833,0.0002839,0.0002822,0.0002822,3587160.0
1763647200000,2025-11-20 16:00:00,0.0002822,0.0002823,0.0002809,0.0002809,4036130.0
1763647500000,2025-11-20 16:05:00,0.0002809,0.0002809,0.000278,0.0002782,13576130.0
1763647800000,2025-11-20 16:10:00,0.0002782,0.0002801,0.0002782,0.0002796,8629850.0
1763648100000,2025-11-20 16:15:00,0.0002796,0.0002827,0.0002792,0.0002817,4943980.0
1763648400000,2025-11-20 16:20:00,0.0002817,0.0002827,0.0002817,0.000282,1285130.0
1763648700000,2025-11-20 16:25:00,0.000282,0.0002828,0.000282,0.0002825,7548730.0
1763649000000,2025-11-20 16:30:00,0.0002825,0.0002832,0.0002815,0.0002815,4070000.0
1763649300000,2025-11-20 16:35:00,0.0002815,0.0002825,0.0002812,0.0002812,646150.0
1763649600000,2025-11-20 16:40:00,0.0002812,0.0002815,0.0002796,0.0002803,2643510.0
1763649900000,2025-11-20 16:45:00,0.0002803,0.0002806,0.0002793,0.0002795,1007040.0
1763650200000,2025-11-20 16:50:00,0.0002795,0.0002809,0.0002795,0.0002809,913060.0
1763650500000,2025-11-20 16:55:00,0.0002809,0.0002813,0.0002809,0.0002811,3908610.0
1763650800000,2025-11-20 17:00:00,0.0002811,0.0002811,0.0002788,0.0002796,1144410.0
1763651100000,2025-11-20 17:05:00,0.0002796,0.0002796,0.0002774,0.0002792,5688230.0
1763651400000,2025-11-20 17:10:00,0.0002792,0.0002794,0.0002773,0.0002775,3003900.0
1763651700000,2025-11-20 17:15:00,0.0002775,0.0002787,0.0002773,0.000278,1355290.0
1763652000000,2025-11-20 17:20:00,0.000278,0.0002787,0.000278,0.0002784,2283100.0
1763652300000,2025-11-20 17:25:00,0.0002784,0.0002789,0.0002782,0.0002789,2321490.0
1763652600000,2025-11-20 17:30:00,0.0002789,0.0002791,0.0002776,0.0002776,1358840.0
1763652900000,2025-11-20 17:35:00,0.0002776,0.0002789,0.0002776,0.0002784,1436060.0
1763653200000,2025-11-20 17:40:00,0.0002784,0.0002787,0.0002778,0.0002783,283010.0
1763653500000,2025-11-20 17:45:00,0.0002783,0.0002783,0.0002767,0.0002772,738470.0
1763653800000,2025-11-20 17:50:00,0.0002772,0.0002772,0.0002759,0.0002764,3803400.0
1763654100000,2025-11-20 17:55:00,0.0002764,0.0002768,0.0002754,0.0002754,481790.0
1763654400000,2025-11-20 18:00:00,0.0002754,0.0002758,0.0002724,0.0002734,12879990.0
1763654700000,2025-11-20 18:05:00,0.0002734,0.0002734,0.0002691,0.0002707,10296430.0
1763655000000,2025-11-20 18:10:00,0.0002707,0.0002712,0.0002677,0.0002689,15141550.0
1763655300000,2025-11-20 18:15:00,0.0002689,0.0002697,0.0002669,0.0002683,8701520.0
1763655600000,2025-11-20 18:20:00,0.0002683,0.000269,0.0002648,0.0002676,11101430.0
1763655900000,2025-11-20 18:25:00,0.0002676,0.0002709,0.0002674,0.0002678,4360940.0
1763656200000,2025-11-20 18:30:00,0.0002678,0.0002682,0.0002667,0.0002674,3376860.0
1763656500000,2025-11-20 18:35:00,0.0002674,0.0002674,0.000266,0.0002669,1257170.0
1763656800000,2025-11-20 18:40:00,0.0002669,0.0002671,0.0002658,0.000266,717660.0
1763657100000,2025-11-20 18:45:00,0.000266,0.0002665,0.0002648,0.0002648,1303350.0
1763657400000,2025-11-20 18:50:00,0.0002648,0.0002667,0.000264,0.0002641,4720490.0
1763657700000,2025-11-20 18:55:00,0.0002641,0.0002654,0.0002641,0.0002654,8331420.0
1763658000000,2025-11-20 19:00:00,0.0002654,0.0002669,0.0002647,0.0002657,4671760.0
1763658300000,2025-11-20 19:05:00,0.0002657,0.000266,0.000263,0.0002651,3992480.0
1763658600000,2025-11-20 19:10:00,0.0002651,0.0002651,0.0002631,0.0002643,1556910.0
1763658900000,2025-11-20 19:15:00,0.0002643,0.0002643,0.0002622,0.0002635,794150.0
1763659200000,2025-11-20 19:20:00,0.0002635,0.0002652,0.000263,0.0002643,1658560.0
1763659500000,2025-11-20 19:25:00,0.0002643,0.0002652,0.0002638,0.0002651,525830.0
1763659800000,2025-11-20 19:30:00,0.0002651,0.0002655,0.0002631,0.0002644,3301160.0
1763660100000,2025-11-20 19:35:00,0.0002644,0.000266,0.0002635,0.0002652,1672660.0
1763660400000,2025-11-20 19:40:00,0.0002652,0.0002652,0.0002638,0.0002638,2450670.0
1763660700000,2025-11-20 19:45:00,0.0002638,0.0002643,0.0002633,0.0002633,1441000.0
1763661000000,2025-11-20 19:50:00,0.0002633,0.0002645,0.0002633,0.0002635,3905080.0
1763661300000,2025-11-20 19:55:00,0.0002635,0.0002645,0.0002635,0.0002643,311530.0
1763661600000,2025-11-20 20:00:00,0.0002643,0.0002643,0.0002628,0.0002634,4604540.0
1763661900000,2025-11-20 20:05:00,0.0002634,0.0002656,0.0002634,0.0002656,2620790.0
1763662200000,2025-11-20 20:10:00,0.0002656,0.0002661,0.0002644,0.0002657,1636350.0
1763662500000,2025-11-20 20:15:00,0.0002657,0.0002657,0.0002642,0.0002643,214190.0
1763662800000,2025-11-20 20:20:00,0.0002643,0.0002648,0.0002638,0.0002638,890780.0
1763663100000,2025-11-20 20:25:00,0.0002638,0.000264,0.0002634,0.0002637,120600.0
1763663400000,2025-11-20 20:30:00,0.0002637,0.0002644,0.0002633,0.0002643,732620.0
1763663700000,2025-11-20 20:35:00,0.0002643,0.0002643,0.0002634,0.0002635,158740.0
1763664000000,2025-11-20 20:40:00,0.0002635,0.0002635,0.0002626,0.0002627,2261590.0
1763664300000,2025-11-20 20:45:00,0.0002627,0.000263,0.0002625,0.0002629,159700.0
1763664600000,2025-11-20 20:50:00,0.0002629,0.0002629,0.0002621,0.0002622,613250.0
1763664900000,2025-11-20 20:55:00,0.0002622,0.0002626,0.000262,0.0002623,441480.0
1763665200000,2025-11-20 21:00:00,0.0002623,0.0002623,0.0002598,0.0002599,3554070.0
1763665500000,2025-11-20 21:05:00,0.0002599,0.0002617,0.0002599,0.0002617,2279800.0
1763665800000,2025-11-20 21:10:00,0.0002617,0.0002626,0.0002617,0.0002617,662620.0
1763666100000,2025-11-20 21:15:00,0.0002617,0.0002633,0.0002616,0.0002633,1910400.0
1763666400000,2025-11-20 21:20:00,0.0002633,0.0002641,0.0002632,0.000264,966120.0
1763666700000,2025-11-20 21:25:00,0.000264,0.0002655,0.000264,0.0002652,742340.0
1763667000000,2025-11-20 21:30:00,0.0002652,0.0002652,0.0002639,0.0002644,556130.0
1763667300000,2025-11-20 21:35:00,0.0002644,0.0002653,0.000264,0.000264,1025710.0
1763667600000,2025-11-20 21:40:00,0.000264,0.0002646,0.0002639,0.0002643,2825260.0
1763667900000,2025-11-20 21:45:00,0.0002643,0.0002647,0.0002643,0.0002645,352520.0
1763668200000,2025-11-20 21:50:00,0.0002645,0.0002651,0.0002645,0.0002651,1578620.0
1763668500000,2025-11-20 21:55:00,0.0002651,0.0002659,0.000265,0.0002655,2970540.0
1763668800000,2025-11-20 22:00:00,0.0002655,0.0002655,0.0002643,0.0002643,338340.0
1763669100000,2025-11-20 22:05:00,0.0002643,0.0002643,0.0002638,0.0002638,95430.0
1763669400000,2025-11-20 22:10:00,0.0002638,0.0002638,0.0002625,0.0002625,12230.0
1763669700000,2025-11-20 22:15:00,0.0002625,0.0002627,0.0002624,0.0002627,433740.0
1763670000000,2025-11-20 22:20:00,0.0002627,0.0002642,0.0002627,0.0002633,348280.0
1763670300000,2025-11-20 22:25:00,0.0002633,0.0002645,0.0002632,0.0002645,434710.0
1763670600000,2025-11-20 22:30:00,0.0002645,0.0002651,0.0002638,0.0002638,1251720.0
1763670900000,2025-11-20 22:35:00,0.0002638,0.000264,0.0002635,0.0002635,2403960.0
1763671200000,2025-11-20 22:40:00,0.0002635,0.0002641,0.0002635,0.0002641,875710.0
1763671500000,2025-11-20 22:45:00,0.0002641,0.0002641,0.0002639,0.0002639,48770.0
1763671800000,2025-11-20 22:50:00,0.0002639,0.0002646,0.0002637,0.0002637,2729450.0
1763672100000,2025-11-20 22:55:00,0.0002637,0.0002637,0.000263,0.000263,187760.0
1763672400000,2025-11-20 23:00:00,0.000263,0.0002644,0.000263,0.0002641,1398740.0
1763672700000,2025-11-20 23:05:00,0.0002641,0.0002647,0.0002639,0.0002645,800370.0
1763673000000,2025-11-20 23:10:00,0.0002645,0.0002646,0.000264,0.0002646,108190.0
1763673300000,2025-11-20 23:15:00,0.0002646,0.0002652,0.0002644,0.0002652,2795810.0
1763673600000,2025-11-20 23:20:00,0.0002652,0.0002672,0.0002652,0.0002669,2772560.0
1763673900000,2025-11-20 23:25:00,0.0002669,0.0002669,0.0002653,0.0002653,309620.0
1763674200000,2025-11-20 23:30:00,0.0002653,0.0002664,0.0002653,0.0002663,701590.0
1763674500000,2025-11-20 23:35:00,0.0002663,0.0002668,0.0002663,0.0002666,343190.0
1763674800000,2025-11-20 23:40:00,0.0002666,0.0002671,0.0002666,0.0002671,141300.0
1763675100000,2025-11-20 23:45:00,0.0002671,0.0002674,0.0002671,0.0002674,97130.0
1763675400000,2025-11-20 23:50:00,0.0002674,0.0002674,0.0002669,0.0002669,986150.0
1763675700000,2025-11-20 23:55:00,0.0002669,0.0002669,0.000266,0.000266,1045380.0
1763676000000,2025-11-21 00:00:00,0.000266,0.0002672,0.0002658,0.0002672,7010510.0
1763676300000,2025-11-21 00:05:00,0.0002672,0.0002682,0.0002672,0.0002682,2781330.0
1763676600000,2025-11-21 00:10:00,0.0002682,0.0002689,0.0002681,0.0002687,2445300.0
1763676900000,2025-11-21 00:15:00,0.0002687,0.00027,0.0002686,0.0002695,8714750.0
1763677200000,2025-11-21 00:20:00,0.0002695,0.0002695,0.000269,0.0002693,445240.0
1763677500000,2025-11-21 00:25:00,0.0002693,0.0002708,0.0002693,0.0002701,1672080.0
1763677800000,2025-11-21 00:30:00,0.0002701,0.0002703,0.0002698,0.0002699,592950.0
1763678100000,2025-11-21 00:35:00,0.0002699,0.0002699,0.0002691,0.0002696,217960.0
1763678400000,2025-11-21 00:40:00,0.0002696,0.0002696,0.0002684,0.0002684,2964760.0
1763678700000,2025-11-21 00:45:00,0.0002684,0.0002692,0.0002684,0.0002692,2763120.0
1763679000000,2025-11-21 00:50:00,0.0002692,0.0002693,0.0002691,0.0002691,84600.0
1763679300000,2025-11-21 00:55:00,0.0002691,0.0002692,0.0002691,0.0002692,310820.0
1763679600000,2025-11-21 01:00:00,0.0002692,0.0002692,0.0002673,0.0002681,5372970.0
1763679900000,2025-11-21 01:05:00,0.0002681,0.0002681,0.000267,0.000267,360880.0
1763680200000,2025-11-21 01:10:00,0.000267,0.0002672,0.0002667,0.0002671,1891320.0
1763680500000,2025-11-21 01:15:00,0.0002671,0.0002679,0.0002671,0.0002674,431740.0
1763680800000,2025-11-21 01:20:00,0.0002674,0.0002674,0.0002669,0.000267,934930.0
1763681100000,2025-11-21 01:25:00,0.000267,0.000267,0.0002665,0.0002668,183790.0
1763681400000,2025-11-21 01:30:00,0.0002668,0.0002672,0.0002668,0.0002671,780850.0
1763681700000,2025-11-21 01:35:00,0.0002671,0.0002674,0.0002648,0.0002649,3624290.0
1763682000000,2025-11-21 01:40:00,0.0002649,0.0002667,0.0002649,0.0002664,990440.0
1763682300000,2025-11-21 01:45:00,0.0002664,0.0002664,0.0002658,0.0002658,732390.0
1763682600000,2025-11-21 01:50:00,0.0002658,0.0002658,0.0002646,0.0002649,1436530.0
1763682900000,2025-11-21 01:55:00,0.0002649,0.0002652,0.0002648,0.0002649,1004780.0
1763683200000,2025-11-21 02:00:00,0.0002649,0.0002661,0.0002649,0.0002652,2590820.0
1763683500000,2025-11-21 02:05:00,0.0002652,0.0002661,0.0002649,0.000266,1484630.0
1763683800000,2025-11-21 02:10:00,0.000266,0.0002667,0.000266,0.0002667,442990.0
1763684100000,2025-11-21 02:15:00,0.0002667,0.0002674,0.0002665,0.0002665,1321180.0
1763684400000,2025-11-21 02:20:00,0.0002665,0.0002672,0.0002659,0.0002659,1252450.0
1763684700000,2025-11-21 02:25:00,0.0002659,0.0002667,0.0002659,0.0002664,212700.0
1763685000000,2025-11-21 02:30:00,0.0002664,0.0002672,0.0002663,0.000267,1982110.0
1763685300000,2025-11-21 02:35:00,0.000267,0.0002689,0.000267,0.0002686,163940.0
1763685600000,2025-11-21 02:40:00,0.0002686,0.0002692,0.0002683,0.0002683,141700.0
1763685900000,2025-11-21 02:45:00,0.0002683,0.0002689,0.0002683,0.0002684,321120.0
1763686200000,2025-11-21 02:50:00,0.0002684,0.0002688,0.0002684,0.0002687,391090.0
1763686500000,2025-11-21 02:55:00,0.0002687,0.0002687,0.0002684,0.0002686,130100.0
1763686800000,2025-11-21 03:00:00,0.0002686,0.0002695,0.0002686,0.0002695,1525530.0
1763687100000,2025-11-21 03:05:00,0.0002695,0.0002699,0.000269,0.000269,3256370.0
1763687400000,2025-11-21 03:10:00,0.000269,0.000269,0.0002686,0.0002686,506790.0
1763687700000,2025-11-21 03:15:00,0.0002686,0.000269,0.000268,0.000268,850920.0
1763688000000,2025-11-21 03:20:00,0.000268,0.0002692,0.0002677,0.000269,3281780.0
1763688300000,2025-11-21 03:25:00,0.000269,0.0002706,0.0002689,0.0002697,2383530.0
1763688600000,2025-11-21 03:30:00,0.0002697,0.0002697,0.0002688,0.0002689,364860.0
1763688900000,2025-11-21 03:35:00,0.0002689,0.0002691,0.0002679,0.0002691,2568600.0
1763689200000,2025-11-21 03:40:00,0.0002691,0.0002693,0.0002691,0.0002691,286200.0
1763689500000,2025-11-21 03:45:00,0.0002691,0.0002691,0.0002689,0.0002689,1045400.0
1763689800000,2025-11-21 03:50:00,0.0002689,0.0002692,0.0002682,0.0002682,136400.0
1763690100000,2025-11-21 03:55:00,0.0002682,0.0002682,0.0002678,0.0002678,2993110.0
1763690400000,2025-11-21 04:00:00,0.0002678,0.0002678,0.0002674,0.0002674,1127210.0
1763690700000,2025-11-21 04:05:00,0.0002674,0.0002674,0.0002662,0.0002662,224680.0
1763691000000,2025-11-21 04:10:00,0.0002662,0.0002662,0.0002651,0.0002651,540360.0
1763691300000,2025-11-21 04:15:00,0.0002651,0.0002657,0.0002639,0.0002646,2346600.0
1763691600000,2025-11-21 04:20:00,0.0002646,0.000267,0.0002645,0.0002663,2303570.0
1763691900000,2025-11-21 04:25:00,0.0002663,0.0002663,0.0002653,0.0002656,460150.0
1763692200000,2025-11-21 04:30:00,0.0002656,0.0002658,0.0002645,0.0002651,2214190.0
1763692500000,2025-11-21 04:35:00,0.0002651,0.0002656,0.0002639,0.0002639,1496130.0
1763692800000,2025-11-21 04:40:00,0.0002639,0.0002648,0.0002627,0.0002627,2807000.0
1763693100000,2025-11-21 04:45:00,0.0002627,0.000264,0.0002627,0.000264,2774920.0
1763693400000,2025-11-21 04:50:00,0.000264,0.0002641,0.0002617,0.0002634,5717300.0
1763693700000,2025-11-21 04:55:00,0.0002634,0.0002634,0.00026,0.0002606,3362990.0
1763694000000,2025-11-21 05:00:00,0.0002606,0.0002619,0.0002605,0.0002619,3052180.0
1763694300000,2025-11-21 05:05:00,0.0002619,0.0002647,0.0002619,0.0002634,3866120.0
1763694600000,2025-11-21 05:10:00,0.0002634,0.0002637,0.000263,0.000263,1394750.0
1763694900000,2025-11-21 05:15:00,0.000263,0.000263,0.0002608,0.0002608,2941110.0
1763695200000,2025-11-21 05:20:00,0.0002608,0.0002621,0.0002608,0.0002612,1974080.0
1763695500000,2025-11-21 05:25:00,0.0002612,0.0002621,0.0002612,0.0002621,1548650.0
1763695800000,2025-11-21 05:30:00,0.0002621,0.0002622,0.0002611,0.0002611,726750.0
1763696100000,2025-11-21 05:35:00,0.0002611,0.0002627,0.0002611,0.0002627,914860.0
1763696400000,2025-11-21 05:40:00,0.0002627,0.0002637,0.0002627,0.0002636,477560.0
1763696700000,2025-11-21 05:45:00,0.0002636,0.0002636,0.0002633,0.0002635,225840.0
1763697000000,2025-11-21 05:50:00,0.0002635,0.0002639,0.0002634,0.0002635,460210.0
1763697300000,2025-11-21 05:55:00,0.0002635,0.0002635,0.000263,0.000263,2991170.0
1763697600000,2025-11-21 06:00:00,0.000263,0.000263,0.0002625,0.0002626,267630.0
1763697900000,2025-11-21 06:05:00,0.0002626,0.0002627,0.0002612,0.0002612,1630200.0
1763698200000,2025-11-21 06:10:00,0.0002612,0.000262,0.000261,0.000262,1169390.0
1763698500000,2025-11-21 06:15:00,0.000262,0.0002621,0.0002612,0.0002613,330900.0
1763698800000,2025-11-21 06:20:00,0.0002613,0.0002618,0.0002609,0.0002611,418720.0
1763699100000,2025-11-21 06:25:00,0.0002611,0.0002622,0.0002611,0.0002622,203300.0
1763699400000,2025-11-21 06:30:00,0.0002622,0.0002625,0.00026,0.0002609,2584930.0
1763699700000,2025-11-21 06:35:00,0.0002609,0.0002618,0.0002607,0.0002609,984850.0
1763700000000,2025-11-21 06:40:00,0.0002609,0.0002638,0.0002607,0.000263,1277100.0
1763700300000,2025-11-21 06:45:00,0.000263,0.0002633,0.000262,0.0002624,8080450.0
1763700600000,2025-11-21 06:50:00,0.0002624,0.0002645,0.0002624,0.0002645,880310.0
1763700900000,2025-11-21 06:55:00,0.0002645,0.0002646,0.0002636,0.0002639,3067450.0
1763701200000,2025-11-21 07:00:00,0.0002639,0.0002639,0.0002626,0.0002626,3559710.0
1763701500000,2025-11-21 07:05:00,0.0002626,0.0002637,0.0002622,0.0002627,8672400.0
1763701800000,2025-11-21 07:10:00,0.0002627,0.000263,0.0002623,0.000263,643980.0
1763702100000,2025-11-21 07:15:00,0.000263,0.0002636,0.000263,0.0002631,80260.0
1763702400000,2025-11-21 07:20:00,0.0002631,0.0002634,0.0002627,0.0002627,820790.0
1763702700000,2025-11-21 07:25:00,0.0002627,0.0002627,0.0002623,0.0002624,269150.0
1763703000000,2025-11-21 07:30:00,0.0002624,0.000263,0.0002624,0.0002627,898620.0
1763703300000,2025-11-21 07:35:00,0.0002627,0.0002627,0.0002608,0.0002608,150290.0
1763703600000,2025-11-21 07:40:00,0.0002608,0.0002608,0.0002604,0.0002607,369770.0
1763703900000,2025-11-21 07:45:00,0.0002607,0.0002612,0.0002604,0.0002606,94290.0
1763704200000,2025-11-21 07:50:00,0.0002606,0.0002606,0.0002598,0.0002604,1274710.0
1763704500000,2025-11-21 07:55:00,0.0002604,0.0002605,0.00026,0.0002601,169950.0
1763704800000,2025-11-21 08:00:00,0.0002601,0.0002606,0.0002597,0.0002602,1372720.0
1763705100000,2025-11-21 08:05:00,0.0002602,0.0002604,0.0002595,0.0002604,391980.0
1763705400000,2025-11-21 08:10:00,0.0002604,0.0002616,0.0002604,0.0002614,535230.0
1763705700000,2025-11-21 08:15:00,0.0002614,0.0002614,0.0002609,0.0002609,300720.0
1763706000000,2025-11-21 08:20:00,0.0002609,0.0002611,0.0002604,0.0002607,2711210.0
1763706300000,2025-11-21 08:25:00,0.0002607,0.0002607,0.0002598,0.0002598,302520.0
1763706600000,2025-11-21 08:30:00,0.0002598,0.0002612,0.0002598,0.000261,1554240.0
1763706900000,2025-11-21 08:35:00,0.000261,0.000262,0.0002606,0.000262,866260.0
1763707200000,2025-11-21 08:40:00,0.000262,0.0002623,0.0002614,0.0002621,1059140.0
1763707500000,2025-11-21 08:45:00,0.0002621,0.0002623,0.0002619,0.0002621,199350.0
1763707800000,2025-11-21 08:50:00,0.0002621,0.0002627,0.000262,0.0002622,1758090.0
1763708100000,2025-11-21 08:55:00,0.0002622,0.0002622,0.0002616,0.0002618,168410.0
1763708400000,2025-11-21 09:00:00,0.0002618,0.0002618,0.0002607,0.0002616,1651910.0
1763708700000,2025-11-21 09:05:00,0.0002616,0.0002619,0.0002608,0.0002608,424720.0
1763709000000,2025-11-21 09:10:00,0.0002608,0.0002608,0.00026,0.00026,576500.0
1763709300000,2025-11-21 09:15:00,0.00026,0.0002602,0.0002594,0.0002595,2994220.0
1763709600000,2025-11-21 09:20:00,0.0002595,0.0002595,0.0002575,0.0002582,3888070.0
1763709900000,2025-11-21 09:25:00,0.0002582,0.0002588,0.0002582,0.0002583,1314660.0
1763710200000,2025-11-21 09:30:00,0.0002583,0.0002584,0.0002345,0.0002426,146084190.0
1763710500000,2025-11-21 09:35:00,0.0002426,0.0002501,0.0002426,0.0002496,62956810.0
1763710800000,2025-11-21 09:40:00,0.0002496,0.0002533,0.0002493,0.000252,22634120.0
1763711100000,2025-11-21 09:45:00,0.000252,0.0002522,0.00025,0.00025,2500810.0
1763711400000,2025-11-21 09:50:00,0.00025,0.0002526,0.00025,0.0002509,4418280.0
1763711700000,2025-11-21 09:55:00,0.0002509,0.0002513,0.0002504,0.0002507,2429080.0
1763712000000,2025-11-21 10:00:00,0.0002507,0.0002509,0.0002494,0.0002495,8060230.0
1763712300000,2025-11-21 10:05:00,0.0002495,0.0002532,0.0002495,0.0002526,13244750.0
1763712600000,2025-11-21 10:10:00,0.0002526,0.0002543,0.0002522,0.000253,4427970.0
1763712900000,2025-11-21 10:15:00,0.000253,0.0002544,0.0002528,0.0002528,15229610.0
1763713200000,2025-11-21 10:20:00,0.0002528,0.0002535,0.000252,0.0002528,4521710.0
1763713500000,2025-11-21 10:25:00,0.0002528,0.0002528,0.0002515,0.0002516,1499490.0
1763713800000,2025-11-21 10:30:00,0.0002516,0.0002523,0.0002498,0.00025,5782520.0
1763714100000,2025-11-21 10:35:00,0.00025,0.0002503,0.0002491,0.00025,2680450.0
1763714400000,2025-11-21 10:40:00,0.00025,0.0002505,0.0002496,0.0002497,1697430.0
1763714700000,2025-11-21 10:45:00,0.0002497,0.0002499,0.0002485,0.0002488,6436530.0
1763715000000,2025-11-21 10:50:00,0.0002488,0.0002498,0.0002484,0.0002484,2076920.0
1763715300000,2025-11-21 10:55:00,0.0002484,0.0002492,0.0002481,0.0002483,1258150.0
1763715600000,2025-11-21 11:00:00,0.0002483,0.0002504,0.0002483,0.0002503,3092840.0
1763715900000,2025-11-21 11:05:00,0.0002503,0.0002507,0.0002496,0.0002498,3064920.0
1763716200000,2025-11-21 11:10:00,0.0002498,0.0002514,0.0002498,0.0002506,3187440.0
1763716500000,2025-11-21 11:15:00,0.0002506,0.0002507,0.0002499,0.00025,1569130.0
1763716800000,2025-11-21 11:20:00,0.00025,0.00025,0.0002492,0.0002492,223930.0
1763717100000,2025-11-21 11:25:00,0.0002492,0.0002492,0.0002479,0.0002482,7246140.0
1763717400000,2025-11-21 11:30:00,0.0002482,0.0002483,0.0002468,0.0002472,15466660.0
1763717700000,2025-11-21 11:35:00,0.0002472,0.0002474,0.0002464,0.0002464,3734790.0
1763718000000,2025-11-21 11:40:00,0.0002464,0.0002475,0.0002464,0.000247,2515800.0
1763718300000,2025-11-21 11:45:00,0.000247,0.0002474,0.0002467,0.0002472,1199180.0
1763718600000,2025-11-21 11:50:00,0.0002472,0.0002472,0.0002467,0.000247,487030.0
1763718900000,2025-11-21 11:55:00,0.000247,0.000247,0.0002464,0.0002467,4555800.0
1763719200000,2025-11-21 12:00:00,0.0002467,0.0002467,0.000245,0.0002457,1683630.0
1763719500000,2025-11-21 12:05:00,0.0002457,0.0002477,0.0002457,0.0002477,3204060.0
1763719800000,2025-11-21 12:10:00,0.0002477,0.0002492,0.0002473,0.0002475,956530.0
1763720100000,2025-11-21 12:15:00,0.0002475,0.0002487,0.0002469,0.000248,2853000.0
1763720400000,2025-11-21 12:20:00,0.000248,0.0002483,0.0002472,0.0002475,6917580.0
1763720700000,2025-11-21 12:25:00,0.0002475,0.0002488,0.0002468,0.0002468,5062450.0
1763721000000,2025-11-21 12:30:00,0.0002468,0.0002488,0.0002468,0.0002477,3932580.0
1763721300000,2025-11-21 12:35:00,0.0002477,0.0002491,0.0002476,0.0002488,2728590.0
1763721600000,2025-11-21 12:40:00,0.0002488,0.0002492,0.0002481,0.0002485,5203270.0
1763721900000,2025-11-21 12:45:00,0.0002485,0.0002487,0.0002472,0.0002473,1710530.0
1763722200000,2025-11-21 12:50:00,0.0002473,0.0002481,0.0002473,0.0002476,1428050.0
1763722500000,2025-11-21 12:55:00,0.0002476,0.0002476,0.0002474,0.0002474,808270.0
1763722800000,2025-11-21 13:00:00,0.0002474,0.0002479,0.0002466,0.0002479,3596280.0
1763723100000,2025-11-21 13:05:00,0.0002479,0.0002502,0.0002479,0.0002496,4167010.0
1763723400000,2025-11-21 13:10:00,0.0002496,0.00025,0.0002484,0.0002493,2472710.0
1763723700000,2025-11-21 13:15:00,0.0002493,0.0002496,0.0002485,0.0002485,1111680.0
1763724000000,2025-11-21 13:20:00,0.0002485,0.0002493,0.0002485,0.0002487,442480.0
1763724300000,2025-11-21 13:25:00,0.0002487,0.0002487,0.0002481,0.0002481,160950.0
1763724600000,2025-11-21 13:30:00,0.0002481,0.0002481,0.0002472,0.0002472,714750.0
1763724900000,2025-11-21 13:35:00,0.0002472,0.0002472,0.0002465,0.0002465,204780.0
1763725200000,2025-11-21 13:40:00,0.0002465,0.0002465,0.0002457,0.0002463,1073060.0
1763725500000,2025-11-21 13:45:00,0.0002463,0.0002465,0.0002453,0.0002453,253070.0
1763725800000,2025-11-21 13:50:00,0.0002453,0.0002454,0.0002444,0.0002449,2262970.0
1763726100000,2025-11-21 13:55:00,0.0002449,0.0002454,0.0002449,0.000245,2691160.0
1763726400000,2025-11-21 14:00:00,0.000245,0.0002458,0.0002448,0.0002453,6341230.0
1763726700000,2025-11-21 14:05:00,0.0002453,0.0002462,0.0002453,0.0002459,3591480.0
1763727000000,2025-11-21 14:10:00,0.0002459,0.0002465,0.0002451,0.0002461,806600.0
1763727300000,2025-11-21 14:15:00,0.0002461,0.0002461,0.0002444,0.0002444,951770.0
1763727600000,2025-11-21 14:20:00,0.0002444,0.0002445,0.0002411,0.0002411,5235950.0
1763727900000,2025-11-21 14:25:00,0.0002411,0.0002432,0.0002401,0.0002418,3017990.0
1763728200000,2025-11-21 14:30:00,0.0002418,0.0002462,0.0002418,0.0002456,13114060.0
1763728500000,2025-11-21 14:35:00,0.0002456,0.0002499,0.0002445,0.0002499,7662880.0
1763728800000,2025-11-21 14:40:00,0.0002499,0.000251,0.000249,0.0002505,8232440.0
1763729100000,2025-11-21 14:45:00,0.0002505,0.0002517,0.0002497,0.0002497,2303450.0
1763729400000,2025-11-21 14:50:00,0.0002497,0.0002517,0.0002497,0.0002517,10208660.0
1763729700000,2025-11-21 14:55:00,0.0002517,0.0002517,0.0002499,0.0002505,1089330.0
1763730000000,2025-11-21 15:00:00,0.0002505,0.0002517,0.0002498,0.0002501,2964170.0
1763730300000,2025-11-21 15:05:00,0.0002501,0.0002524,0.0002497,0.000252,4386150.0
1763730600000,2025-11-21 15:10:00,0.000252,0.0002522,0.0002502,0.0002508,3510040.0
1763730900000,2025-11-21 15:15:00,0.0002508,0.0002525,0.0002508,0.0002513,6557430.0
1763731200000,2025-11-21 15:20:00,0.0002513,0.0002513,0.0002502,0.0002503,2938300.0
1763731500000,2025-11-21 15:25:00,0.0002503,0.0002503,0.000249,0.0002492,950090.0
1763731800000,2025-11-21 15:30:00,0.0002492,0.0002494,0.0002482,0.0002485,6788970.0
1763732100000,2025-11-21 15:35:00,0.0002485,0.0002499,0.0002485,0.0002499,868270.0
1763732400000,2025-11-21 15:40:00,0.0002499,0.0002505,0.0002499,0.0002503,1133820.0
1763732700000,2025-11-21 15:45:00,0.0002503,0.0002506,0.0002498,0.0002498,3461430.0
1763733000000,2025-11-21 15:50:00,0.0002498,0.000252,0.0002498,0.000252,1416480.0
1763733300000,2025-11-21 15:55:00,0.000252,0.0002522,0.0002508,0.0002508,3241400.0
1763733600000,2025-11-21 16:00:00,0.0002508,0.0002514,0.0002505,0.000251,3706540.0
1763733900000,2025-11-21 16:05:00,0.000251,0.0002512,0.0002504,0.0002508,1293680.0
1763734200000,2025-11-21 16:10:00,0.0002508,0.0002508,0.0002499,0.00025,1315410.0
1763734500000,2025-11-21 16:15:00,0.00025,0.00025,0.0002494,0.0002494,236570.0
1763734800000,2025-11-21 16:20:00,0.0002494,0.0002501,0.0002494,0.0002501,1227040.0
1763735100000,2025-11-21 16:25:00,0.0002501,0.0002511,0.0002501,0.0002505,1579550.0
1763735400000,2025-11-21 16:30:00,0.0002505,0.0002548,0.0002505,0.0002544,4335750.0
1763735700000,2025-11-21 16:35:00,0.0002544,0.0002557,0.0002535,0.0002535,4110540.0
1763736000000,2025-11-21 16:40:00,0.0002535,0.0002552,0.0002534,0.0002534,607950.0
1763736300000,2025-11-21 16:45:00,0.0002534,0.0002538,0.0002523,0.0002531,2099210.0
1763736600000,2025-11-21 16:50:00,0.0002531,0.0002555,0.0002531,0.0002555,1770650.0
1763736900000,2025-11-21 16:55:00,0.0002555,0.0002555,0.0002536,0.0002539,6764390.0
1763737200000,2025-11-21 17:00:00,0.0002539,0.0002545,0.0002523,0.0002528,3380160.0
1763737500000,2025-11-21 17:05:00,0.0002528,0.0002537,0.0002526,0.0002526,376850.0
1763737800000,2025-11-21 17:10:00,0.0002526,0.0002527,0.000252,0.0002526,3540320.0
1763738100000,2025-11-21 17:15:00,0.0002526,0.000253,0.0002515,0.0002519,2041370.0
1763738400000,2025-11-21 17:20:00,0.0002519,0.0002528,0.0002508,0.0002528,4496930.0
1763738700000,2025-11-21 17:25:00,0.0002528,0.0002537,0.0002516,0.0002518,3795880.0
1763739000000,2025-11-21 17:30:00,0.0002518,0.0002521,0.0002509,0.0002509,1642090.0
1763739300000,2025-11-21 17:35:00,0.0002509,0.0002509,0.0002487,0.0002487,3614560.0
1763739600000,2025-11-21 17:40:00,0.0002487,0.00025,0.0002486,0.00025,880480.0
1763739900000,2025-11-21 17:45:00,0.00025,0.0002517,0.00025,0.0002517,402710.0
1763740200000,2025-11-21 17:50:00,0.0002517,0.0002517,0.0002499,0.0002509,3489810.0
1763740500000,2025-11-21 17:55:00,0.0002509,0.000252,0.0002505,0.000251,3515670.0
1763740800000,2025-11-21 18:00:00,0.000251,0.0002511,0.0002492,0.0002493,4823310.0
1763741100000,2025-11-21 18:05:00,0.0002493,0.0002511,0.0002477,0.0002499,3878700.0
1763741400000,2025-11-21 18:10:00,0.0002499,0.0002506,0.0002483,0.0002502,5716680.0
1763741700000,2025-11-21 18:15:00,0.0002502,0.0002502,0.0002469,0.0002476,5700100.0
1763742000000,2025-11-21 18:20:00,0.0002476,0.0002504,0.0002476,0.0002492,5708710.0
1763742300000,2025-11-21 18:25:00,0.0002492,0.0002499,0.0002486,0.0002496,3580760.0
1763742600000,2025-11-21 18:30:00,0.0002496,0.0002506,0.0002486,0.0002505,3783960.0
1763742900000,2025-11-21 18:35:00,0.0002505,0.0002534,0.0002505,0.0002523,1180690.0
1763743200000,2025-11-21 18:40:00,0.0002523,0.0002536,0.0002517,0.0002517,2186390.0
1763743500000,2025-11-21 18:45:00,0.0002517,0.0002534,0.000251,0.0002532,7521970.0
1763743800000,2025-11-21 18:50:00,0.0002532,0.0002568,0.0002532,0.0002561,16028030.0
1763744100000,2025-11-21 18:55:00,0.0002561,0.0002571,0.0002558,0.0002571,2221600.0
1763744400000,2025-11-21 19:00:00,0.0002571,0.0002579,0.0002558,0.0002578,19200620.0
1763744700000,2025-11-21 19:05:00,0.0002578,0.0002586,0.0002571,0.0002584,3678100.0
1763745000000,2025-11-21 19:10:00,0.0002584,0.0002584,0.0002568,0.0002572,1669870.0
1763745300000,2025-11-21 19:15:00,0.0002572,0.0002578,0.0002568,0.0002569,3667790.0
1763745600000,2025-11-21 19:20:00,0.0002569,0.000258,0.0002563,0.000258,1173510.0
1763745900000,2025-11-21 19:25:00,0.000258,0.000258,0.000256,0.0002567,7121180.0
1763746200000,2025-11-21 19:30:00,0.0002567,0.0002578,0.0002567,0.0002578,4634040.0
1763746500000,2025-11-21 19:35:00,0.0002578,0.0002579,0.0002569,0.0002569,5934170.0
1763746800000,2025-11-21 19:40:00,0.0002569,0.0002576,0.0002568,0.0002574,1568500.0
1763747100000,2025-11-21 19:45:00,0.0002574,0.0002575,0.0002569,0.0002575,412520.0
1763747400000,2025-11-21 19:50:00,0.0002575,0.0002575,0.0002554,0.0002556,3394580.0
1763747700000,2025-11-21 19:55:00,0.0002556,0.0002563,0.0002555,0.0002558,2912220.0
1763748000000,2025-11-21 20:00:00,0.0002558,0.0002563,0.0002544,0.0002546,3917730.0
1763748300000,2025-11-21 20:05:00,0.0002546,0.0002549,0.000253,0.000254,6935720.0
1763748600000,2025-11-21 20:10:00,0.000254,0.000254,0.0002518,0.000252,8196150.0
1763748900000,2025-11-21 20:15:00,0.000252,0.0002523,0.0002513,0.000252,1902970.0
1763749200000,2025-11-21 20:20:00,0.000252,0.0002528,0.000252,0.0002524,2544730.0
1763749500000,2025-11-21 20:25:00,0.0002524,0.0002537,0.0002523,0.0002533,1824080.0
1763749800000,2025-11-21 20:30:00,0.0002533,0.0002552,0.0002533,0.0002552,3678140.0
1763750100000,2025-11-21 20:35:00,0.0002552,0.0002563,0.0002552,0.0002555,3097410.0
1763750400000,2025-11-21 20:40:00,0.0002555,0.0002558,0.0002552,0.0002558,765410.0
1763750700000,2025-11-21 20:45:00,0.0002558,0.0002577,0.0002554,0.0002574,1295200.0
1763751000000,2025-11-21 20:50:00,0.0002574,0.0002577,0.0002565,0.0002565,1659660.0
1763751300000,2025-11-21 20:55:00,0.0002565,0.000257,0.0002561,0.0002563,1052380.0
1763751600000,2025-11-21 21:00:00,0.0002563,0.0002569,0.000256,0.0002569,2133950.0
1763751900000,2025-11-21 21:05:00,0.0002569,0.0002575,0.0002565,0.0002575,3081470.0
1763752200000,2025-11-21 21:10:00,0.0002575,0.0002578,0.0002569,0.0002573,1715260.0
1763752500000,2025-11-21 21:15:00,0.0002573,0.0002574,0.0002568,0.0002574,191750.0
1763752800000,2025-11-21 21:20:00,0.0002574,0.0002583,0.0002574,0.0002581,563040.0
1763753100000,2025-11-21 21:25:00,0.0002581,0.0002581,0.0002576,0.0002579,511480.0
1763753400000,2025-11-21 21:30:00,0.0002579,0.0002579,0.0002557,0.0002557,3096700.0
1763753700000,2025-11-21 21:35:00,0.0002557,0.0002566,0.0002557,0.0002566,864290.0
1763754000000,2025-11-21 21:40:00,0.0002566,0.0002567,0.0002551,0.0002551,1375800.0
1763754300000,2025-11-21 21:45:00,0.0002551,0.0002552,0.000255,0.0002551,579640.0
1763754600000,2025-11-21 21:50:00,0.0002551,0.0002552,0.0002544,0.0002544,1532030.0
1763754900000,2025-11-21 21:55:00,0.0002544,0.0002563,0.0002544,0.0002558,6216600.0
1763755200000,2025-11-21 22:00:00,0.0002558,0.0002561,0.0002556,0.0002557,1472840.0
1763755500000,2025-11-21 22:05:00,0.0002557,0.0002557,0.0002541,0.0002545,5561090.0
1763755800000,2025-11-21 22:10:00,0.0002545,0.0002566,0.0002545,0.0002557,1436310.0
1763756100000,2025-11-21 22:15:00,0.0002557,0.0002557,0.0002536,0.0002536,878120.0
1763756400000,2025-11-21 22:20:00,0.0002536,0.0002536,0.0002532,0.0002532,1339480.0
1763756700000,2025-11-21 22:25:00,0.0002532,0.0002538,0.0002522,0.0002522,319240.0
1763757000000,2025-11-21 22:30:00,0.0002522,0.0002525,0.0002516,0.000252,1258950.0
1763757300000,2025-11-21 22:35:00,0.000252,0.0002537,0.000252,0.0002537,1043380.0
1763757600000,2025-11-21 22:40:00,0.0002537,0.0002644,0.0002535,0.0002639,62032160.0
1763757900000,2025-11-21 22:45:00,0.0002639,0.0003172,0.0002598,0.0003116,1707955520.0
1763758200000,2025-11-21 22:50:00,0.0003116,0.0003387,0.0003027,0.0003195,2285193600.0
1763758500000,2025-11-21 22:55:00,0.0003195,0.0003223,0.0002782,0.0002791,1889594420.0
1763758800000,2025-11-21 23:00:00,0.0002791,0.0002861,0.0002644,0.0002754,1321879910.0
1763759100000,2025-11-21 23:05:00,0.0002754,0.0002776,0.0002655,0.0002687,546841510.0
1763759400000,2025-11-21 23:10:00,0.0002687,0.0002739,0.000267,0.0002722,220791210.0
1763759700000,2025-11-21 23:15:00,0.0002722,0.0002738,0.0002693,0.0002697,163573020.0
1763760000000,2025-11-21 23:20:00,0.0002697,0.0002731,0.0002694,0.000271,146076390.0
1763760300000,2025-11-21 23:25:00,0.000271,0.0002761,0.0002702,0.0002737,161601120.0
1763760600000,2025-11-21 23:30:00,0.0002737,0.0002893,0.0002734,0.0002838,690440450.0
1763760900000,2025-11-21 23:35:00,0.0002838,0.0002866,0.0002791,0.0002832,272071190.0
1763761200000,2025-11-21 23:40:00,0.0002832,0.0002838,0.000273,0.0002738,326226820.0
1763761500000,2025-11-21 23:45:00,0.0002738,0.0002854,0.0002717,0.0002838,375396080.0
1763761800000,2025-11-21 23:50:00,0.0002838,0.0002847,0.0002788,0.0002798,158470040.0
1763762100000,2025-11-21 23:55:00,0.0002798,0.000281,0.0002766,0.0002793,125705070.0
1763762400000,2025-11-22 00:00:00,0.0002793,0.0002864,0.0002779,0.0002825,188679950.0
1763762700000,2025-11-22 00:05:00,0.0002825,0.0002959,0.0002823,0.0002847,404943160.0
1763763000000,2025-11-22 00:10:00,0.0002847,0.0002936,0.0002835,0.0002921,337112980.0
1763763300000,2025-11-22 00:15:00,0.0002921,0.0002929,0.0002839,0.0002869,266779390.0
1763763600000,2025-11-22 00:20:00,0.0002869,0.0002882,0.0002842,0.0002861,101340880.0
1763763900000,2025-11-22 00:25:00,0.0002861,0.000289,0.0002846,0.0002876,97813580.0
1763764200000,2025-11-22 00:30:00,0.0002876,0.0002878,0.0002782,0.0002782,113476190.0
1763764500000,2025-11-22 00:35:00,0.0002782,0.0002801,0.0002761,0.0002768,193442120.0
1763764800000,2025-11-22 00:40:00,0.0002768,0.0002791,0.0002758,0.0002776,80950030.0
1763765100000,2025-11-22 00:45:00,0.0002776,0.0002781,0.0002713,0.0002727,276437190.0
1763765400000,2025-11-22 00:50:00,0.0002727,0.0002732,0.0002678,0.0002687,130614900.0
1763765700000,2025-11-22 00:55:00,0.0002687,0.0002714,0.0002687,0.0002693,78816870.0
1763766000000,2025-11-22 01:00:00,0.0002693,0.0002757,0.0002693,0.0002747,96609200.0
1763766300000,2025-11-22 01:05:00,0.0002747,0.0002763,0.0002729,0.0002733,66855630.0
1763766600000,2025-11-22 01:10:00,0.0002733,0.0002767,0.0002725,0.0002766,37714170.0
1763766900000,2025-11-22 01:15:00,0.0002766,0.0002788,0.0002764,0.0002785,21005460.0
1763767200000,2025-11-22 01:20:00,0.0002785,0.0002855,0.0002784,0.0002827,40419590.0
1763767500000,2025-11-22 01:25:00,0.0002827,0.000284,0.0002808,0.0002835,22622510.0
1763767800000,2025-11-22 01:30:00,0.0002835,0.0002838,0.000279,0.0002804,39404450.0
1763768100000,2025-11-22 01:35:00,0.0002804,0.0002836,0.0002803,0.0002836,26326240.0
1763768400000,2025-11-22 01:40:00,0.0002836,0.0002839,0.000282,0.0002828,20343100.0
1763768700000,2025-11-22 01:45:00,0.0002828,0.0002836,0.0002821,0.0002827,14318000.0
1763769000000,2025-11-22 01:50:00,0.0002827,0.0002841,0.0002814,0.0002837,65635860.0
1763769300000,2025-11-22 01:55:00,0.0002837,0.0002839,0.0002795,0.0002809,75079740.0
1763769600000,2025-11-22 02:00:00,0.0002809,0.0002843,0.0002734,0.0002741,235401300.0
1763769900000,2025-11-22 02:05:00,0.0002741,0.000275,0.0002714,0.000273,89106190.0
1763770200000,2025-11-22 02:10:00,0.000273,0.0002767,0.0002729,0.0002767,34860440.0
1763770500000,2025-11-22 02:15:00,0.0002767,0.0002768,0.0002732,0.0002745,25095670.0
1763770800000,2025-11-22 02:20:00,0.0002745,0.000275,0.0002737,0.000274,12371180.0
1763771100000,2025-11-22 02:25:00,0.000274,0.0002746,0.0002724,0.0002724,22101660.0
1763771400000,2025-11-22 02:30:00,0.0002724,0.0002734,0.0002713,0.000273,11246370.0
1763771700000,2025-11-22 02:35:00,0.000273,0.0002752,0.0002719,0.0002719,31899740.0
1763772000000,2025-11-22 02:40:00,0.0002719,0.0002757,0.0002719,0.0002754,14224620.0
1763772300000,2025-11-22 02:45:00,0.0002754,0.0002768,0.0002727,0.0002735,22592850.0
1763772600000,2025-11-22 02:50:00,0.0002735,0.0002739,0.0002719,0.000273,35934830.0
1763772900000,2025-11-22 02:55:00,0.000273,0.000275,0.000273,0.0002748,21178310.0
1763773200000,2025-11-22 03:00:00,0.0002748,0.0002762,0.0002739,0.0002756,91240190.0
1763773500000,2025-11-22 03:05:00,0.0002756,0.0002761,0.0002738,0.000274,20015130.0
1763773800000,2025-11-22 03:10:00,0.000274,0.0002742,0.0002714,0.0002721,29624480.0
1763774100000,2025-11-22 03:15:00,0.0002721,0.0002744,0.000272,0.0002744,12590880.0
1763774400000,2025-11-22 03:20:00,0.0002744,0.0002767,0.0002744,0.000276,9043760.0
1763774700000,2025-11-22 03:25:00,0.000276,0.0002762,0.0002734,0.0002751,54983400.0
1763775000000,2025-11-22 03:30:00,0.0002751,0.0002775,0.0002751,0.0002771,24728610.0
1763775300000,2025-11-22 03:35:00,0.0002771,0.0002796,0.0002771,0.0002784,17157120.0
1763775600000,2025-11-22 03:40:00,0.0002784,0.0002788,0.0002764,0.0002772,20548580.0
1763775900000,2025-11-22 03:45:00,0.0002772,0.0002792,0.0002772,0.0002791,12888920.0
1763776200000,2025-11-22 03:50:00,0.0002791,0.0002793,0.0002761,0.0002762,8399230.0
1763776500000,2025-11-22 03:55:00,0.0002762,0.000277,0.0002759,0.0002764,6595710.0
1763776800000,2025-11-22 04:00:00,0.0002764,0.0002773,0.0002752,0.000276,12407480.0
1763777100000,2025-11-22 04:05:00,0.000276,0.0002779,0.0002752,0.0002779,18803420.0
1763777400000,2025-11-22 04:10:00,0.0002779,0.0002804,0.0002763,0.0002763,11023740.0
1763777700000,2025-11-22 04:15:00,0.0002763,0.0002775,0.0002746,0.0002761,8848540.0
1763778000000,2025-11-22 04:20:00,0.0002761,0.0002775,0.0002755,0.0002774,7993040.0
1763778300000,2025-11-22 04:25:00,0.0002774,0.00028,0.0002774,0.0002796,10574920.0
1763778600000,2025-11-22 04:30:00,0.0002796,0.0002797,0.0002783,0.0002789,8736150.0
1763778900000,2025-11-22 04:35:00,0.0002789,0.000279,0.0002746,0.0002746,44580120.0
1763779200000,2025-11-22 04:40:00,0.0002746,0.0002754,0.0002727,0.0002731,22721420.0
1763779500000,2025-11-22 04:45:00,0.0002731,0.0002736,0.0002688,0.0002703,22745740.0
1763779800000,2025-11-22 04:50:00,0.0002703,0.0002726,0.0002698,0.0002718,17672170.0
1763780100000,2025-11-22 04:55:00,0.0002718,0.000272,0.0002705,0.0002705,5289140.0
1763780400000,2025-11-22 05:00:00,0.0002705,0.0002707,0.000268,0.0002694,14129170.0
1763780700000,2025-11-22 05:05:00,0.0002694,0.0002706,0.0002689,0.0002703,10893300.0
1763781000000,2025-11-22 05:10:00,0.0002703,0.0002725,0.0002702,0.0002714,8520140.0
1763781300000,2025-11-22 05:15:00,0.0002714,0.0002717,0.0002708,0.0002717,12151140.0
1763781600000,2025-11-22 05:20:00,0.0002717,0.0002719,0.0002702,0.0002708,16013830.0
1763781900000,2025-11-22 05:25:00,0.0002708,0.0002712,0.0002698,0.0002706,7020000.0
1763782200000,2025-11-22 05:30:00,0.0002706,0.0002709,0.0002692,0.0002692,7714050.0
1763782500000,2025-11-22 05:35:00,0.0002692,0.0002692,0.0002683,0.000269,5330590.0
1763782800000,2025-11-22 05:40:00,0.000269,0.0002693,0.0002686,0.0002686,2980000.0
1763783100000,2025-11-22 05:45:00,0.0002686,0.0002689,0.0002667,0.0002672,9168270.0
1763783400000,2025-11-22 05:50:00,0.0002672,0.0002683,0.0002666,0.0002677,6330650.0
1763783700000,2025-11-22 05:55:00,0.0002677,0.0002688,0.0002676,0.0002685,2139600.0
1763784000000,2025-11-22 06:00:00,0.0002685,0.0002687,0.0002664,0.0002666,39998540.0
1763784300000,2025-11-22 06:05:00,0.0002666,0.0002676,0.000265,0.0002669,36819460.0
1763784600000,2025-11-22 06:10:00,0.0002669,0.0002669,0.0002653,0.0002661,20625960.0
1763784900000,2025-11-22 06:15:00,0.0002661,0.0002674,0.0002658,0.0002665,49309940.0
1763785200000,2025-11-22 06:20:00,0.0002665,0.0002668,0.000265,0.0002657,25904050.0
1763785500000,2025-11-22 06:25:00,0.0002657,0.0002671,0.0002657,0.0002659,10078480.0
1763785800000,2025-11-22 06:30:00,0.0002659,0.0002662,0.0002635,0.0002643,9502100.0
1763786100000,2025-11-22 06:35:00,0.0002643,0.0002643,0.0002616,0.0002619,11466400.0
1763786400000,2025-11-22 06:40:00,0.0002619,0.0002623,0.0002604,0.0002611,15236040.0
1763786700000,2025-11-22 06:45:00,0.0002611,0.0002615,0.0002608,0.0002615,13865790.0
1763787000000,2025-11-22 06:50:00,0.0002615,0.0002625,0.0002612,0.0002612,10136890.0
1763787300000,2025-11-22 06:55:00,0.0002612,0.0002633,0.0002603,0.0002629,8901210.0
1763787600000,2025-11-22 07:00:00,0.0002629,0.0002631,0.0002612,0.0002614,6361200.0
1763787900000,2025-11-22 07:05:00,0.0002614,0.0002621,0.0002595,0.0002603,12516160.0
1763788200000,2025-11-22 07:10:00,0.0002603,0.0002617,0.0002603,0.0002611,6242130.0
1763788500000,2025-11-22 07:15:00,0.0002611,0.0002613,0.0002603,0.0002613,8240120.0
1763788800000,2025-11-22 07:20:00,0.0002613,0.0002619,0.0002601,0.0002607,12711650.0
1763789100000,2025-11-22 07:25:00,0.0002607,0.0002612,0.0002598,0.0002608,20178820.0
1763789400000,2025-11-22 07:30:00,0.0002608,0.0002609,0.0002583,0.000259,25532640.0
1763789700000,2025-11-22 07:35:00,0.000259,0.0002605,0.0002588,0.0002592,23816410.0
1763790000000,2025-11-22 07:40:00,0.0002592,0.0002597,0.0002583,0.0002594,12293930.0
1763790300000,2025-11-22 07:45:00,0.0002594,0.0002596,0.0002575,0.0002578,22558310.0
1763790600000,2025-11-22 07:50:00,0.0002578,0.0002579,0.0002561,0.0002578,34121440.0
1763790900000,2025-11-22 07:55:00,0.0002578,0.0002586,0.000257,0.0002571,12383500.0
1763791200000,2025-11-22 08:00:00,0.0002571,0.0002574,0.0002564,0.0002567,13599800.0
1763791500000,2025-11-22 08:05:00,0.0002567,0.000257,0.0002561,0.0002564,14568000.0
1763791800000,2025-11-22 08:10:00,0.0002564,0.0002569,0.0002557,0.0002569,28611690.0
1763792100000,2025-11-22 08:15:00,0.0002569,0.0002579,0.0002563,0.0002566,8731570.0
1763792400000,2025-11-22 08:20:00,0.0002566,0.0002577,0.0002562,0.0002564,7772580.0
1763792700000,2025-11-22 08:25:00,0.0002564,0.0002569,0.0002556,0.0002557,6052990.0
1763793000000,2025-11-22 08:30:00,0.0002557,0.0002579,0.0002556,0.0002579,9338300.0
1763793300000,2025-11-22 08:35:00,0.0002579,0.0002582,0.0002572,0.0002578,9686910.0
1763793600000,2025-11-22 08:40:00,0.0002578,0.0002578,0.0002566,0.000257,4212880.0
1763793900000,2025-11-22 08:45:00,0.000257,0.0002577,0.0002565,0.0002565,6279550.0
1763794200000,2025-11-22 08:50:00,0.0002565,0.0002582,0.0002564,0.0002576,4856730.0
1763794500000,2025-11-22 08:55:00,0.0002576,0.0002579,0.0002569,0.0002574,9512050.0
1763794800000,2025-11-22 09:00:00,0.0002574,0.0002577,0.0002557,0.0002557,15590200.0
1763795100000,2025-11-22 09:05:00,0.0002557,0.0002566,0.0002544,0.0002566,10347380.0
1763795400000,2025-11-22 09:10:00,0.0002566,0.0002578,0.0002566,0.000257,8454530.0
1763795700000,2025-11-22 09:15:00,0.000257,0.0002575,0.0002556,0.0002565,4818490.0
1763796000000,2025-11-22 09:20:00,0.0002565,0.0002581,0.0002563,0.0002569,4157960.0
1763796300000,2025-11-22 09:25:00,0.0002569,0.000257,0.0002558,0.0002559,2162920.0
1763796600000,2025-11-22 09:30:00,0.0002559,0.0002567,0.0002559,0.0002563,1747710.0
1763796900000,2025-11-22 09:35:00,0.0002563,0.0002573,0.0002557,0.0002571,2186090.0
1763797200000,2025-11-22 09:40:00,0.0002571,0.0002574,0.0002566,0.0002571,4126940.0
1763797500000,2025-11-22 09:45:00,0.0002571,0.0002623,0.0002566,0.0002608,62269310.0
1763797800000,2025-11-22 09:50:00,0.0002608,0.0002608,0.0002578,0.000258,22952880.0
1763798100000,2025-11-22 09:55:00,0.000258,0.000258,0.0002573,0.0002573,2887580.0
1763798400000,2025-11-22 10:00:00,0.0002573,0.0002575,0.0002565,0.0002565,14927960.0
1763798700000,2025-11-22 10:05:00,0.0002565,0.0002572,0.0002565,0.0002566,6397440.0
1763799000000,2025-11-22 10:10:00,0.0002566,0.0002569,0.0002566,0.0002567,2963700.0
1763799300000,2025-11-22 10:15:00,0.0002567,0.0002568,0.0002548,0.0002548,20323060.0
1763799600000,2025-11-22 10:20:00,0.0002548,0.0002556,0.0002546,0.0002555,11601430.0
1763799900000,2025-11-22 10:25:00,0.0002555,0.0002556,0.0002545,0.0002547,4472860.0
1763800200000,2025-11-22 10:30:00,0.0002547,0.0002547,0.0002528,0.0002535,17994980.0
1763800500000,2025-11-22 10:35:00,0.0002535,0.0002547,0.000253,0.000253,7099910.0
1763800800000,2025-11-22 10:40:00,0.000253,0.0002539,0.0002527,0.0002535,16801060.0
1763801100000,2025-11-22 10:45:00,0.0002535,0.0002536,0.000253,0.0002532,17911710.0
1763801400000,2025-11-22 10:50:00,0.0002532,0.0002552,0.0002531,0.0002551,15825800.0
1763801700000,2025-11-22 10:55:00,0.0002551,0.0002551,0.0002528,0.0002529,13296040.0
1763802000000,2025-11-22 11:00:00,0.0002529,0.000255,0.0002529,0.0002547,41979180.0
1763802300000,2025-11-22 11:05:00,0.0002547,0.0002561,0.0002545,0.0002557,19896610.0
1763802600000,2025-11-22 11:10:00,0.0002557,0.0002563,0.0002553,0.0002553,9032860.0
1763802900000,2025-11-22 11:15:00,0.0002553,0.0002553,0.0002538,0.0002538,9272520.0
1763803200000,2025-11-22 11:20:00,0.0002538,0.0002538,0.0002522,0.0002524,9948260.0
1763803500000,2025-11-22 11:25:00,0.0002524,0.0002531,0.0002519,0.0002523,11844010.0
1763803800000,2025-11-22 11:30:00,0.0002523,0.0002544,0.000252,0.0002542,22229490.0
1763804100000,2025-11-22 11:35:00,0.0002542,0.0002584,0.0002542,0.0002567,87375610.0
1763804400000,2025-11-22 11:40:00,0.0002567,0.0002567,0.0002548,0.0002552,12337530.0
1763804700000,2025-11-22 11:45:00,0.0002552,0.0002558,0.0002548,0.0002555,10696400.0
1763805000000,2025-11-22 11:50:00,0.0002555,0.000257,0.0002548,0.0002554,13070170.0
1763805300000,2025-11-22 11:55:00,0.0002554,0.0002554,0.0002541,0.0002541,3682350.0
1763805600000,2025-11-22 12:00:00,0.0002541,0.0002552,0.0002538,0.0002548,9250190.0
1763805900000,2025-11-22 12:05:00,0.0002548,0.0002558,0.0002546,0.0002553,6105930.0
1763806200000,2025-11-22 12:10:00,0.0002553,0.000256,0.000255,0.000255,14113480.0
1763806500000,2025-11-22 12:15:00,0.000255,0.0002555,0.0002537,0.0002546,12229150.0
1763806800000,2025-11-22 12:20:00,0.0002546,0.0002554,0.0002533,0.0002533,9556010.0
1763807100000,2025-11-22 12:25:00,0.0002533,0.0002539,0.000253,0.0002539,3785400.0
1763807400000,2025-11-22 12:30:00,0.0002539,0.0002539,0.0002532,0.0002532,5620280.0
1763807700000,2025-11-22 12:35:00,0.0002532,0.000254,0.0002531,0.0002539,5378810.0
1763808000000,2025-11-22 12:40:00,0.0002539,0.000254,0.0002532,0.0002536,1907170.0
1763808300000,2025-11-22 12:45:00,0.0002536,0.0002539,0.0002526,0.000253,1901030.0
1763808600000,2025-11-22 12:50:00,0.000253,0.0002535,0.0002524,0.000253,4170680.0
1763808900000,2025-11-22 12:55:00,0.000253,0.0002542,0.0002526,0.0002541,22207050.0
1763809200000,2025-11-22 13:00:00,0.0002541,0.0002552,0.0002538,0.0002547,8683030.0
1763809500000,2025-11-22 13:05:00,0.0002547,0.0002569,0.0002546,0.0002566,8371620.0
1763809800000,2025-11-22 13:10:00,0.0002566,0.0002571,0.0002561,0.0002565,4292300.0
1763810100000,2025-11-22 13:15:00,0.0002565,0.0002569,0.0002561,0.0002565,6896490.0
1763810400000,2025-11-22 13:20:00,0.0002565,0.0002594,0.0002561,0.0002588,72551980.0
1763810700000,2025-11-22 13:25:00,0.0002588,0.0002682,0.0002584,0.0002649,276894010.0
1763811000000,2025-11-22 13:30:00,0.0002649,0.0002668,0.0002608,0.0002641,122694410.0
1763811300000,2025-11-22 13:35:00,0.0002641,0.0002643,0.0002613,0.0002622,27375470.0
1763811600000,2025-11-22 13:40:00,0.0002622,0.0002624,0.0002606,0.0002606,8719510.0
1763811900000,2025-11-22 13:45:00,0.0002606,0.0002619,0.0002597,0.0002608,22702050.0
1763812200000,2025-11-22 13:50:00,0.0002608,0.0002625,0.0002607,0.0002619,9318000.0
1763812500000,2025-11-22 13:55:00,0.0002619,0.0002621,0.0002611,0.0002617,5925300.0
1763812800000,2025-11-22 14:00:00,0.0002617,0.0002619,0.0002598,0.0002601,7009780.0
1763813100000,2025-11-22 14:05:00,0.0002601,0.0002607,0.0002589,0.0002595,13475860.0
1763813400000,2025-11-22 14:10:00,0.0002595,0.000269,0.0002591,0.0002689,109041710.0
1763813700000,2025-11-22 14:15:00,0.0002689,0.0002705,0.0002636,0.0002644,84901380.0
1763814000000,2025-11-22 14:20:00,0.0002644,0.0002676,0.0002627,0.000267,35008750.0
1763814300000,2025-11-22 14:25:00,0.000267,0.000271,0.0002663,0.0002663,98243420.0
1763814600000,2025-11-22 14:30:00,0.0002663,0.0002691,0.0002653,0.0002676,30655170.0
1763814900000,2025-11-22 14:35:00,0.0002676,0.0002687,0.0002668,0.0002671,19141700.0
1763815200000,2025-11-22 14:40:00,0.0002671,0.000281,0.0002671,0.0002733,358507700.0
1763815500000,2025-11-22 14:45:00,0.0002733,0.0002735,0.0002665,0.0002694,171305910.0
1763815800000,2025-11-22 14:50:00,0.0002694,0.0002769,0.0002684,0.0002751,119757760.0
1763816100000,2025-11-22 14:55:00,0.0002751,0.0002753,0.0002692,0.0002713,209063000.0
1763816400000,2025-11-22 15:00:00,0.0002713,0.0002713,0.0002647,0.000265,89530500.0
1763816700000,2025-11-22 15:05:00,0.000265,0.0002664,0.000262,0.000262,120612930.0
1763817000000,2025-11-22 15:10:00,0.000262,0.0002642,0.000262,0.0002624,76774090.0
1763817300000,2025-11-22 15:15:00,0.0002624,0.0002675,0.0002617,0.0002658,49344580.0
1763817600000,2025-11-22 15:20:00,0.0002658,0.0002666,0.0002614,0.0002615,77545500.0
1763817900000,2025-11-22 15:25:00,0.0002615,0.0002634,0.0002614,0.0002621,31205190.0
1763818200000,2025-11-22 15:30:00,0.0002621,0.0002632,0.0002599,0.0002608,58753660.0
1763818500000,2025-11-22 15:35:00,0.0002608,0.0002637,0.0002607,0.0002637,14917590.0
1763818800000,2025-11-22 15:40:00,0.0002637,0.0002641,0.0002622,0.0002635,43499980.0
1763819100000,2025-11-22 15:45:00,0.0002635,0.0002647,0.000263,0.0002641,19032000.0
1763819400000,2025-11-22 15:50:00,0.0002641,0.0002646,0.0002631,0.0002633,19534520.0
1763819700000,2025-11-22 15:55:00,0.0002633,0.0002644,0.0002612,0.0002614,34015100.0
1763820000000,2025-11-22 16:00:00,0.0002614,0.0002645,0.0002614,0.0002641,50894190.0
1763820300000,2025-11-22 16:05:00,0.0002641,0.0002648,0.000263,0.0002637,40966850.0
1763820600000,2025-11-22 16:10:00,0.0002637,0.0002642,0.0002614,0.000263,48960100.0
1763820900000,2025-11-22 16:15:00,0.000263,0.0002659,0.000263,0.000265,35449580.0
1763821200000,2025-11-22 16:20:00,0.000265,0.0002669,0.000265,0.0002665,13630580.0
1763821500000,2025-11-22 16:25:00,0.0002665,0.0002684,0.0002664,0.0002684,17142610.0
1763821800000,2025-11-22 16:30:00,0.0002684,0.0002694,0.0002675,0.0002681,25162900.0
1763822100000,2025-11-22 16:35:00,0.0002681,0.0002697,0.0002677,0.0002693,21311250.0
1763822400000,2025-11-22 16:40:00,0.0002693,0.0002694,0.0002677,0.0002686,9608580.0
1763822700000,2025-11-22 16:45:00,0.0002686,0.0002706,0.0002683,0.0002705,32905910.0
1763823000000,2025-11-22 16:50:00,0.0002705,0.0002716,0.0002672,0.0002678,23840630.0
1763823300000,2025-11-22 16:55:00,0.0002678,0.0002702,0.0002678,0.0002702,8644110.0
1763823600000,2025-11-22 17:00:00,0.0002702,0.0002719,0.0002692,0.0002698,13363340.0
1763823900000,2025-11-22 17:05:00,0.0002698,0.0002713,0.0002695,0.0002695,7983910.0
1763824200000,2025-11-22 17:10:00,0.0002695,0.0002712,0.0002693,0.000271,14246660.0
1763824500000,2025-11-22 17:15:00,0.000271,0.0002716,0.0002697,0.0002697,17294500.0
1763824800000,2025-11-22 17:20:00,0.0002697,0.0002709,0.0002697,0.0002703,10544910.0
1763825100000,2025-11-22 17:25:00,0.0002703,0.0002707,0.0002691,0.0002702,10554460.0
1763825400000,2025-11-22 17:30:00,0.0002702,0.0002709,0.0002695,0.0002706,14628950.0
1763825700000,2025-11-22 17:35:00,0.0002706,0.0002706,0.0002697,0.0002697,3729520.0
1763826000000,2025-11-22 17:40:00,0.0002697,0.0002699,0.0002684,0.0002691,22616400.0
1763826300000,2025-11-22 17:45:00,0.0002691,0.00027,0.0002684,0.00027,21948170.0
1763826600000,2025-11-22 17:50:00,0.00027,0.0002704,0.0002678,0.0002678,14598400.0
1763826900000,2025-11-22 17:55:00,0.0002678,0.0002682,0.0002664,0.000267,13717240.0
1763827200000,2025-11-22 18:00:00,0.000267,0.0002685,0.0002658,0.0002665,63249140.0
1763827500000,2025-11-22 18:05:00,0.0002665,0.0002691,0.0002661,0.0002691,28803840.0
1763827800000,2025-11-22 18:10:00,0.0002691,0.0002696,0.0002682,0.0002689,20002500.0
1763828100000,2025-11-22 18:15:00,0.0002689,0.0002716,0.0002688,0.0002708,12823970.0
1763828400000,2025-11-22 18:20:00,0.0002708,0.0002711,0.0002685,0.0002711,28358120.0
1763828700000,2025-11-22 18:25:00,0.0002711,0.0002719,0.0002698,0.0002703,16694020.0
1763829000000,2025-11-22 18:30:00,0.0002703,0.0002713,0.0002701,0.0002702,11071270.0
1763829300000,2025-11-22 18:35:00,0.0002702,0.0002705,0.0002671,0.0002671,13150810.0
1763829600000,2025-11-22 18:40:00,0.0002671,0.0002672,0.0002663,0.0002667,19985690.0
1763829900000,2025-11-22 18:45:00,0.0002667,0.0002669,0.000264,0.0002651,33888000.0
1763830200000,2025-11-22 18:50:00,0.0002651,0.000266,0.0002651,0.0002657,24107610.0
1763830500000,2025-11-22 18:55:00,0.0002657,0.0002658,0.0002641,0.0002641,4817370.0
1763830800000,2025-11-22 19:00:00,0.0002641,0.0002651,0.0002638,0.0002647,12211590.0
1763831100000,2025-11-22 19:05:00,0.0002647,0.0002656,0.0002644,0.0002653,11996480.0
1763831400000,2025-11-22 19:10:00,0.0002653,0.0002653,0.0002642,0.0002643,12179640.0
1763831700000,2025-11-22 19:15:00,0.0002643,0.0002652,0.0002637,0.0002646,21444060.0
1763832000000,2025-11-22 19:20:00,0.0002646,0.0002658,0.0002645,0.0002658,4399800.0
1763832300000,2025-11-22 19:25:00,0.0002658,0.0002662,0.0002655,0.0002655,9008410.0
1763832600000,2025-11-22 19:30:00,0.0002655,0.0002657,0.0002652,0.0002655,1766160.0
1763832900000,2025-11-22 19:35:00,0.0002655,0.0002659,0.0002655,0.0002658,6774990.0
1763833200000,2025-11-22 19:40:00,0.0002658,0.0002673,0.0002656,0.000266,20740540.0
1763833500000,2025-11-22 19:45:00,0.000266,0.0002671,0.0002657,0.0002662,16101860.0
1763833800000,2025-11-22 19:50:00,0.0002662,0.0002669,0.000266,0.0002666,8167420.0
1763834100000,2025-11-22 19:55:00,0.0002666,0.0002666,0.0002658,0.0002658,5183740.0
1763834400000,2025-11-22 20:00:00,0.0002658,0.0002658,0.0002637,0.0002641,9959020.0
1763834700000,2025-11-22 20:05:00,0.0002641,0.0002649,0.0002638,0.0002644,3673650.0
1763835000000,2025-11-22 20:10:00,0.0002644,0.0002644,0.0002623,0.0002624,3618080.0
1763835300000,2025-11-22 20:15:00,0.0002624,0.0002632,0.0002624,0.0002626,1990820.0
1763835600000,2025-11-22 20:20:00,0.0002626,0.000263,0.0002623,0.0002628,3200730.0
1763835900000,2025-11-22 20:25:00,0.0002628,0.0002629,0.0002626,0.0002629,1175860.0
1763836200000,2025-11-22 20:30:00,0.0002629,0.0002634,0.0002626,0.0002626,1865290.0
1763836500000,2025-11-22 20:35:00,0.0002626,0.0002626,0.0002616,0.0002619,3722380.0
1763836800000,2025-11-22 20:40:00,0.0002619,0.0002626,0.0002618,0.0002624,8300360.0
1763837100000,2025-11-22 20:45:00,0.0002624,0.0002637,0.0002624,0.0002637,848430.0
1763837400000,2025-11-22 20:50:00,0.0002637,0.000264,0.0002633,0.0002633,4459420.0
1763837700000,2025-11-22 20:55:00,0.0002633,0.0002642,0.0002629,0.0002641,592540.0
1763838000000,2025-11-22 21:00:00,0.0002641,0.0002654,0.0002641,0.0002654,2852320.0
1763838300000,2025-11-22 21:05:00,0.0002654,0.0002654,0.0002639,0.0002642,2497630.0
1763838600000,2025-11-22 21:10:00,0.0002642,0.0002642,0.0002631,0.0002639,1884670.0
1763838900000,2025-11-22 21:15:00,0.0002639,0.0002654,0.0002639,0.0002651,2655970.0
1763839200000,2025-11-22 21:20:00,0.0002651,0.0002741,0.000265,0.000268,388534440.0
1763839500000,2025-11-22 21:25:00,0.000268,0.00027,0.0002664,0.0002676,351831980.0
1763839800000,2025-11-22 21:30:00,0.0002676,0.0002757,0.0002667,0.0002707,418903780.0
1763840100000,2025-11-22 21:35:00,0.0002707,0.0002979,0.0002701,0.0002849,1457002830.0
1763840400000,2025-11-22 21:40:00,0.0002849,0.0002938,0.0002829,0.000284,603323620.0
1763840700000,2025-11-22 21:45:00,0.000284,0.000284,0.0002773,0.0002801,305862850.0
1763841000000,2025-11-22 21:50:00,0.0002801,0.0002802,0.0002747,0.0002752,231611040.0
1763841300000,2025-11-22 21:55:00,0.0002752,0.0002782,0.0002741,0.0002766,152970820.0
1763841600000,2025-11-22 22:00:00,0.0002766,0.0002769,0.0002725,0.0002744,99518040.0
1763841900000,2025-11-22 22:05:00,0.0002744,0.0002751,0.0002702,0.000275,189796500.0
1763842200000,2025-11-22 22:10:00,0.000275,0.000276,0.0002728,0.0002742,111646860.0
1763842500000,2025-11-22 22:15:00,0.0002742,0.0002747,0.0002714,0.0002723,50536780.0
1763842800000,2025-11-22 22:20:00,0.0002723,0.0002751,0.0002723,0.0002724,53651150.0
1763843100000,2025-11-22 22:25:00,0.0002724,0.0002739,0.0002714,0.0002736,41638900.0
1763843400000,2025-11-22 22:30:00,0.0002736,0.0002838,0.0002735,0.0002797,259460050.0
1763843700000,2025-11-22 22:35:00,0.0002797,0.0002878,0.0002784,0.000285,418918740.0
1763844000000,2025-11-22 22:40:00,0.000285,0.0002951,0.0002803,0.000284,570152290.0
1763844300000,2025-11-22 22:45:00,0.000284,0.0002924,0.0002838,0.0002855,399860570.0
1763844600000,2025-11-22 22:50:00,0.0002855,0.000287,0.0002804,0.000284,315784200.0
1763844900000,2025-11-22 22:55:00,0.000284,0.0002844,0.0002776,0.0002788,222381690.0
1763845200000,2025-11-22 23:00:00,0.0002788,0.0002864,0.0002779,0.0002819,232182880.0
1763845500000,2025-11-22 23:05:00,0.0002819,0.0002822,0.0002795,0.0002809,84804240.0
1763845800000,2025-11-22 23:10:00,0.0002809,0.0002841,0.00028,0.0002803,92316440.0
1763846100000,2025-11-22 23:15:00,0.0002803,0.0002837,0.0002792,0.0002822,68462100.0
1763846400000,2025-11-22 23:20:00,0.0002822,0.0002825,0.0002788,0.0002808,44098540.0
1763846700000,2025-11-22 23:25:00,0.0002808,0.0002812,0.0002763,0.0002777,125873910.0
1763847000000,2025-11-22 23:30:00,0.0002777,0.0002792,0.0002772,0.0002781,68237690.0
1763847300000,2025-11-22 23:35:00,0.0002781,0.0002802,0.0002772,0.0002785,76914370.0
1763847600000,2025-11-22 23:40:00,0.0002785,0.0002803,0.0002751,0.0002762,56762560.0
1763847900000,2025-11-22 23:45:00,0.0002762,0.0002771,0.0002753,0.0002761,85823470.0
1763848200000,2025-11-22 23:50:00,0.0002761,0.0002766,0.0002751,0.0002765,34656620.0
1763848500000,2025-11-22 23:55:00,0.0002765,0.000278,0.0002763,0.0002771,28412870.0
1763848800000,2025-11-23 00:00:00,0.0002771,0.0002823,0.000277,0.0002798,54880430.0
1763849100000,2025-11-23 00:05:00,0.0002798,0.0002807,0.0002788,0.0002806,29240380.0
1763849400000,2025-11-23 00:10:00,0.0002806,0.0002826,0.0002805,0.0002826,26749070.0
1763849700000,2025-11-23 00:15:00,0.0002826,0.0002833,0.0002812,0.0002825,30342820.0
1763850000000,2025-11-23 00:20:00,0.0002825,0.000285,0.0002811,0.000282,28321890.0
1763850300000,2025-11-23 00:25:00,0.000282,0.000282,0.0002774,0.0002781,67367450.0
1763850600000,2025-11-23 00:30:00,0.0002781,0.0002791,0.0002769,0.0002775,35429460.0
1763850900000,2025-11-23 00:35:00,0.0002775,0.000279,0.0002768,0.0002787,28705590.0
1763851200000,2025-11-23 00:40:00,0.0002787,0.0002798,0.0002776,0.0002782,22922680.0
1763851500000,2025-11-23 00:45:00,0.0002782,0.0002794,0.0002777,0.0002781,18786780.0
1763851800000,2025-11-23 00:50:00,0.0002781,0.0002802,0.0002769,0.0002794,18732150.0
1763852100000,2025-11-23 00:55:00,0.0002794,0.0002819,0.0002794,0.0002817,15058470.0
1763852400000,2025-11-23 01:00:00,0.0002817,0.0002828,0.0002816,0.0002823,30016210.0
1763852700000,2025-11-23 01:05:00,0.0002823,0.0002826,0.0002812,0.000282,20296530.0
1763853000000,2025-11-23 01:10:00,0.000282,0.0002826,0.0002818,0.000282,5249420.0
1763853300000,2025-11-23 01:15:00,0.000282,0.0002828,0.0002808,0.0002818,15149330.0
1763853600000,2025-11-23 01:20:00,0.0002818,0.0002818,0.0002795,0.0002796,25969990.0
1763853900000,2025-11-23 01:25:00,0.0002796,0.0002808,0.0002793,0.0002798,16386910.0
1763854200000,2025-11-23 01:30:00,0.0002798,0.0002803,0.0002791,0.0002791,25990940.0
1763854500000,2025-11-23 01:35:00,0.0002791,0.000281,0.000279,0.0002799,12202100.0
1763854800000,2025-11-23 01:40:00,0.0002799,0.0002814,0.0002799,0.0002812,30334030.0
1763855100000,2025-11-23 01:45:00,0.0002812,0.0002819,0.0002798,0.0002803,16202190.0
1763855400000,2025-11-23 01:50:00,0.0002803,0.000281,0.0002799,0.0002799,11120100.0
1763855700000,2025-11-23 01:55:00,0.0002799,0.0002802,0.0002784,0.0002799,18008510.0
1763856000000,2025-11-23 02:00:00,0.0002799,0.0002801,0.0002751,0.0002769,132020440.0
1763856300000,2025-11-23 02:05:00,0.0002769,0.0002799,0.0002768,0.0002792,13470740.0
1763856600000,2025-11-23 02:10:00,0.0002792,0.0002822,0.0002788,0.0002822,14024330.0
1763856900000,2025-11-23 02:15:00,0.0002822,0.0002824,0.0002801,0.0002803,14540350.0
1763857200000,2025-11-23 02:20:00,0.0002803,0.000281,0.0002798,0.0002806,10782940.0
1763857500000,2025-11-23 02:25:00,0.0002806,0.0002832,0.0002806,0.0002816,8919800.0
1763857800000,2025-11-23 02:30:00,0.0002816,0.0002819,0.0002788,0.0002792,14640030.0
1763858100000,2025-11-23 02:35:00,0.0002792,0.0002804,0.0002783,0.0002802,7296880.0
1763858400000,2025-11-23 02:40:00,0.0002802,0.0002823,0.0002802,0.0002823,13259470.0
1763858700000,2025-11-23 02:45:00,0.0002823,0.000283,0.0002811,0.0002816,48537060.0
1763859000000,2025-11-23 02:50:00,0.0002816,0.000282,0.0002791,0.0002801,16316540.0
1763859300000,2025-11-23 02:55:00,0.0002801,0.0002803,0.0002784,0.0002787,20612130.0
1763859600000,2025-11-23 03:00:00,0.0002787,0.0002797,0.0002782,0.0002793,13988560.0
1763859900000,2025-11-23 03:05:00,0.0002793,0.0002801,0.0002791,0.0002798,5946300.0
1763860200000,2025-11-23 03:10:00,0.0002798,0.0002803,0.0002795,0.0002795,18384640.0
1763860500000,2025-11-23 03:15:00,0.0002795,0.0002802,0.0002794,0.0002794,3625970.0
1763860800000,2025-11-23 03:20:00,0.0002794,0.0002795,0.0002779,0.0002785,12455840.0
1763861100000,2025-11-23 03:25:00,0.0002785,0.0002797,0.0002784,0.0002793,8290520.0
1763861400000,2025-11-23 03:30:00,0.0002793,0.0002808,0.0002792,0.0002794,5448430.0
1763861700000,2025-11-23 03:35:00,0.0002794,0.0002799,0.0002789,0.0002799,4732170.0
1763862000000,2025-11-23 03:40:00,0.0002799,0.0002817,0.0002799,0.0002815,2636880.0
1763862300000,2025-11-23 03:45:00,0.0002815,0.0002815,0.0002791,0.0002795,5795870.0
1763862600000,2025-11-23 03:50:00,0.0002795,0.00028,0.0002783,0.0002791,10053830.0
1763862900000,2025-11-23 03:55:00,0.0002791,0.0002798,0.0002785,0.0002787,6646960.0
1763863200000,2025-11-23 04:00:00,0.0002787,0.0002799,0.0002777,0.0002795,16101960.0
1763863500000,2025-11-23 04:05:00,0.0002795,0.0002802,0.0002784,0.0002786,5253090.0
1763863800000,2025-11-23 04:10:00,0.0002786,0.0002789,0.0002781,0.0002789,4149390.0
1763864100000,2025-11-23 04:15:00,0.0002789,0.0002792,0.0002778,0.000278,4057970.0
1763864400000,2025-11-23 04:20:00,0.000278,0.0002799,0.0002779,0.0002799,4170080.0
1763864700000,2025-11-23 04:25:00,0.0002799,0.0002802,0.0002787,0.0002787,5832070.0
1763865000000,2025-11-23 04:30:00,0.0002787,0.0002796,0.0002787,0.000279,3489170.0
1763865300000,2025-11-23 04:35:00,0.000279,0.0002796,0.0002787,0.0002796,2381810.0
1763865600000,2025-11-23 04:40:00,0.0002796,0.0002801,0.0002788,0.0002788,4602360.0
1763865900000,2025-11-23 04:45:00,0.0002788,0.0002794,0.0002784,0.0002794,2415060.0
1763866200000,2025-11-23 04:50:00,0.0002794,0.0002795,0.0002783,0.0002783,11337260.0
1763866500000,2025-11-23 04:55:00,0.0002783,0.000279,0.0002779,0.0002783,7486390.0
1763866800000,2025-11-23 05:00:00,0.0002783,0.0002784,0.0002771,0.0002774,9156620.0
1763867100000,2025-11-23 05:05:00,0.0002774,0.0002779,0.0002773,0.0002779,1536010.0
1763867400000,2025-11-23 05:10:00,0.0002779,0.000279,0.0002778,0.0002778,3527340.0
1763867700000,2025-11-23 05:15:00,0.0002778,0.0002778,0.0002754,0.0002757,16893340.0
1763868000000,2025-11-23 05:20:00,0.0002757,0.0002765,0.0002757,0.0002765,3487890.0
1763868300000,2025-11-23 05:25:00,0.0002765,0.0002767,0.0002757,0.0002761,3724380.0
1763868600000,2025-11-23 05:30:00,0.0002761,0.0002763,0.0002751,0.000276,7169170.0
1763868900000,2025-11-23 05:35:00,0.000276,0.0002762,0.0002755,0.0002755,3916380.0
1763869200000,2025-11-23 05:40:00,0.0002755,0.0002756,0.000273,0.0002743,26394110.0
1763869500000,2025-11-23 05:45:00,0.0002743,0.0002755,0.0002741,0.0002747,13113450.0
1763869800000,2025-11-23 05:50:00,0.0002747,0.0002747,0.0002743,0.0002747,1305210.0
1763870100000,2025-11-23 05:55:00,0.0002747,0.0002752,0.0002747,0.0002752,1787310.0
1763870400000,2025-11-23 06:00:00,0.0002752,0.0002759,0.0002752,0.0002759,5941560.0
1763870700000,2025-11-23 06:05:00,0.0002759,0.000276,0.000275,0.000276,2985070.0
1763871000000,2025-11-23 06:10:00,0.000276,0.0002761,0.0002754,0.0002754,3936330.0
1763871300000,2025-11-23 06:15:00,0.0002754,0.0002764,0.0002754,0.0002758,7375390.0
1763871600000,2025-11-23 06:20:00,0.0002758,0.0002761,0.0002743,0.0002743,9232360.0
1763871900000,2025-11-23 06:25:00,0.0002743,0.0002746,0.0002726,0.0002733,22809450.0
1763872200000,2025-11-23 06:30:00,0.0002733,0.0002744,0.0002731,0.0002741,9867660.0
1763872500000,2025-11-23 06:35:00,0.0002741,0.0002744,0.0002728,0.0002728,7375770.0
1763872800000,2025-11-23 06:40:00,0.0002728,0.000273,0.0002726,0.000273,7434320.0
1763873100000,2025-11-23 06:45:00,0.000273,0.0002745,0.000273,0.0002744,15777110.0
1763873400000,2025-11-23 06:50:00,0.0002744,0.000275,0.0002742,0.0002746,30202760.0
1763873700000,2025-11-23 06:55:00,0.0002746,0.000275,0.0002739,0.0002741,10097200.0
1763874000000,2025-11-23 07:00:00,0.0002741,0.0002753,0.0002741,0.0002752,6779800.0
1763874300000,2025-11-23 07:05:00,0.0002752,0.0002754,0.0002743,0.0002744,18466690.0
1763874600000,2025-11-23 07:10:00,0.0002744,0.0002754,0.0002744,0.0002752,9071110.0
1763874900000,2025-11-23 07:15:00,0.0002752,0.000276,0.0002751,0.0002755,12643300.0
1763875200000,2025-11-23 07:20:00,0.0002755,0.0002755,0.0002743,0.0002747,7042380.0
1763875500000,2025-11-23 07:25:00,0.0002747,0.000275,0.0002744,0.000275,8234570.0
1763875800000,2025-11-23 07:30:00,0.000275,0.0002757,0.000275,0.0002752,4418840.0
1763876100000,2025-11-23 07:35:00,0.0002752,0.0002753,0.000275,0.0002752,1729990.0
1763876400000,2025-11-23 07:40:00,0.0002752,0.0002753,0.0002747,0.000275,1573120.0
1763876700000,2025-11-23 07:45:00,0.000275,0.0002755,0.0002748,0.0002751,2742910.0
1763877000000,2025-11-23 07:50:00,0.0002751,0.0002752,0.0002746,0.0002748,2949050.0
1763877300000,2025-11-23 07:55:00,0.0002748,0.0002749,0.0002736,0.0002741,7113200.0
1763877600000,2025-11-23 08:00:00,0.0002741,0.0002745,0.0002738,0.0002742,6030840.0
1763877900000,2025-11-23 08:05:00,0.0002742,0.0002744,0.0002724,0.0002731,67595930.0
1763878200000,2025-11-23 08:10:00,0.0002731,0.0002731,0.0002718,0.0002722,31348490.0
1763878500000,2025-11-23 08:15:00,0.0002722,0.0002723,0.0002713,0.0002722,37598970.0
1763878800000,2025-11-23 08:20:00,0.0002722,0.0002723,0.0002705,0.0002707,14174080.0
1763879100000,2025-11-23 08:25:00,0.0002707,0.0002716,0.0002701,0.0002714,9583740.0
1763879400000,2025-11-23 08:30:00,0.0002714,0.0002722,0.0002713,0.0002717,24326710.0
1763879700000,2025-11-23 08:35:00,0.0002717,0.000272,0.0002715,0.0002718,3558240.0
1763880000000,2025-11-23 08:40:00,0.0002718,0.0002718,0.0002713,0.0002715,3129420.0
1763880300000,2025-11-23 08:45:00,0.0002715,0.000272,0.0002715,0.0002718,6003460.0
1763880600000,2025-11-23 08:50:00,0.0002718,0.0002718,0.0002705,0.0002707,2902870.0
1763880900000,2025-11-23 08:55:00,0.0002707,0.0002716,0.0002707,0.0002716,1307190.0
1763881200000,2025-11-23 09:00:00,0.0002716,0.0002721,0.0002713,0.0002713,8204050.0
1763881500000,2025-11-23 09:05:00,0.0002713,0.0002717,0.00027,0.0002705,5926920.0
1763881800000,2025-11-23 09:10:00,0.0002705,0.0002713,0.0002704,0.0002711,5070610.0
1763882100000,2025-11-23 09:15:00,0.0002711,0.0002714,0.0002697,0.0002697,4467860.0
1763882400000,2025-11-23 09:20:00,0.0002697,0.0002701,0.0002697,0.0002701,2032240.0
1763882700000,2025-11-23 09:25:00,0.0002701,0.0002701,0.0002681,0.0002687,27994300.0
1763883000000,2025-11-23 09:30:00,0.0002687,0.0002693,0.0002686,0.0002689,6471480.0
1763883300000,2025-11-23 09:35:00,0.0002689,0.0002703,0.0002689,0.0002703,5125170.0
1763883600000,2025-11-23 09:40:00,0.0002703,0.0002711,0.00027,0.00027,12209810.0
1763883900000,2025-11-23 09:45:00,0.00027,0.0002705,0.0002695,0.0002695,4794810.0
1763884200000,2025-11-23 09:50:00,0.0002695,0.0002704,0.0002691,0.0002701,19970510.0
1763884500000,2025-11-23 09:55:00,0.0002701,0.0002711,0.0002701,0.0002711,4710900.0
1763884800000,2025-11-23 10:00:00,0.0002711,0.0002724,0.0002709,0.0002716,63966550.0
1763885100000,2025-11-23 10:05:00,0.0002716,0.0002721,0.0002714,0.000272,8785940.0
1763885400000,2025-11-23 10:10:00,0.000272,0.0002723,0.0002718,0.0002722,14053800.0
1763885700000,2025-11-23 10:15:00,0.0002722,0.0002723,0.0002712,0.0002718,2902650.0
1763886000000,2025-11-23 10:20:00,0.0002718,0.0002719,0.0002708,0.0002708,3022640.0
1763886300000,2025-11-23 10:25:00,0.0002708,0.0002708,0.0002693,0.0002693,12169440.0
1763886600000,2025-11-23 10:30:00,0.0002693,0.0002696,0.000269,0.0002693,3336210.0
1763886900000,2025-11-23 10:35:00,0.0002693,0.0002693,0.0002684,0.0002684,1947510.0
1763887200000,2025-11-23 10:40:00,0.0002684,0.0002691,0.0002683,0.0002684,14496200.0
1763887500000,2025-11-23 10:45:00,0.0002684,0.0002689,0.0002684,0.0002685,6494720.0
1763887800000,2025-11-23 10:50:00,0.0002685,0.0002685,0.0002679,0.000268,3494850.0
1763888100000,2025-11-23 10:55:00,0.000268,0.000269,0.000268,0.0002689,1300160.0
1763888400000,2025-11-23 11:00:00,0.0002689,0.0002689,0.0002676,0.0002677,6205080.0
1763888700000,2025-11-23 11:05:00,0.0002677,0.0002679,0.0002669,0.000267,6374100.0
1763889000000,2025-11-23 11:10:00,0.000267,0.0002678,0.000267,0.0002673,4428410.0
1763889300000,2025-11-23 11:15:00,0.0002673,0.0002678,0.000267,0.000267,6266710.0
1763889600000,2025-11-23 11:20:00,0.000267,0.0002673,0.000266,0.000266,3655870.0
1763889900000,2025-11-23 11:25:00,0.000266,0.0002668,0.0002659,0.0002664,3161520.0
1763890200000,2025-11-23 11:30:00,0.0002664,0.000267,0.0002664,0.0002664,2406320.0
1763890500000,2025-11-23 11:35:00,0.0002664,0.0002665,0.000266,0.0002663,2244670.0
1763890800000,2025-11-23 11:40:00,0.0002663,0.0002671,0.0002663,0.000267,2557130.0
1763891100000,2025-11-23 11:45:00,0.000267,0.000267,0.0002664,0.0002664,972550.0
1763891400000,2025-11-23 11:50:00,0.0002664,0.0002664,0.0002658,0.0002659,579190.0
1763891700000,2025-11-23 11:55:00,0.0002659,0.000266,0.0002656,0.0002659,1207460.0
1763892000000,2025-11-23 12:00:00,0.0002659,0.000267,0.0002657,0.0002667,5784730.0
1763892300000,2025-11-23 12:05:00,0.0002667,0.0002667,0.0002657,0.0002658,6265160.0
1763892600000,2025-11-23 12:10:00,0.0002658,0.0002669,0.0002653,0.0002668,7647170.0
1763892900000,2025-11-23 12:15:00,0.0002668,0.0002678,0.0002661,0.0002661,7971190.0
1763893200000,2025-11-23 12:20:00,0.0002661,0.0002661,0.0002637,0.0002648,24028570.0
1763893500000,2025-11-23 12:25:00,0.0002648,0.0002651,0.0002638,0.0002643,14509210.0
1763893800000,2025-11-23 12:30:00,0.0002643,0.0002647,0.000264,0.0002642,5762380.0
1763894100000,2025-11-23 12:35:00,0.0002642,0.000265,0.0002639,0.0002648,8084550.0
1763894400000,2025-11-23 12:40:00,0.0002648,0.0002659,0.0002648,0.0002653,10269850.0
1763894700000,2025-11-23 12:45:00,0.0002653,0.0002668,0.0002653,0.0002662,21078610.0
1763895000000,2025-11-23 12:50:00,0.0002662,0.0002662,0.0002655,0.0002658,1129250.0
1763895300000,2025-11-23 12:55:00,0.0002658,0.0002663,0.0002655,0.0002655,1419440.0
1763895600000,2025-11-23 13:00:00,0.0002655,0.0002662,0.0002655,0.0002657,5227860.0
1763895900000,2025-11-23 13:05:00,0.0002657,0.0002659,0.0002648,0.0002652,4420830.0
1763896200000,2025-11-23 13:10:00,0.0002652,0.000266,0.0002646,0.000266,10699220.0
1763896500000,2025-11-23 13:15:00,0.000266,0.0002666,0.0002651,0.0002653,2948260.0
1763896800000,2025-11-23 13:20:00,0.0002653,0.000266,0.0002649,0.000266,16895610.0
1763897100000,2025-11-23 13:25:00,0.000266,0.0002665,0.0002658,0.0002661,9337990.0
1763897400000,2025-11-23 13:30:00,0.0002661,0.0002662,0.0002659,0.000266,1000850.0
1763897700000,2025-11-23 13:35:00,0.000266,0.000266,0.0002657,0.0002657,405720.0
1763898000000,2025-11-23 13:40:00,0.0002657,0.0002658,0.0002657,0.0002658,785470.0
1763898300000,2025-11-23 13:45:00,0.0002658,0.000266,0.0002658,0.000266,1964490.0
1763898600000,2025-11-23 13:50:00,0.000266,0.0002663,0.0002655,0.0002663,5539300.0
1763898900000,2025-11-23 13:55:00,0.0002663,0.0002669,0.0002658,0.0002658,2332620.0
1763899200000,2025-11-23 14:00:00,0.0002658,0.000267,0.0002657,0.0002666,5110920.0
1763899500000,2025-11-23 14:05:00,0.0002666,0.0002668,0.0002666,0.0002668,1008860.0
1763899800000,2025-11-23 14:10:00,0.0002668,0.0002673,0.0002667,0.0002673,3459690.0
1763900100000,2025-11-23 14:15:00,0.0002673,0.0002681,0.0002672,0.0002679,4425530.0
1763900400000,2025-11-23 14:20:00,0.0002679,0.0002679,0.0002675,0.0002676,2026190.0
1763900700000,2025-11-23 14:25:00,0.0002676,0.0002678,0.0002673,0.0002673,1095020.0
1763901000000,2025-11-23 14:30:00,0.0002673,0.0002676,0.0002673,0.0002676,2307070.0
1763901300000,2025-11-23 14:35:00,0.0002676,0.0002683,0.0002676,0.000268,2040990.0
1763901600000,2025-11-23 14:40:00,0.000268,0.000268,0.0002678,0.0002679,716580.0
1763901900000,2025-11-23 14:45:00,0.0002679,0.000268,0.0002675,0.0002677,3416860.0
1763902200000,2025-11-23 14:50:00,0.0002677,0.0002679,0.0002675,0.0002676,3203140.0
1763902500000,2025-11-23 14:55:00,0.0002676,0.000268,0.0002675,0.0002679,3880660.0
1763902800000,2025-11-23 15:00:00,0.0002679,0.000268,0.0002675,0.0002678,4883090.0
1763903100000,2025-11-23 15:05:00,0.0002678,0.0002681,0.0002671,0.0002672,1088680.0
1763903400000,2025-11-23 15:10:00,0.0002672,0.0002674,0.0002671,0.0002673,931480.0
1763903700000,2025-11-23 15:15:00,0.0002673,0.0002676,0.0002672,0.0002676,447830.0
1763904000000,2025-11-23 15:20:00,0.0002676,0.0002678,0.0002674,0.0002674,1858250.0
1763904300000,2025-11-23 15:25:00,0.0002674,0.0002675,0.0002672,0.0002672,6627830.0
1763904600000,2025-11-23 15:30:00,0.0002672,0.0002673,0.0002661,0.0002661,1538420.0
1763904900000,2025-11-23 15:35:00,0.0002661,0.0002665,0.0002661,0.0002664,1008220.0
1763905200000,2025-11-23 15:40:00,0.0002664,0.0002667,0.0002662,0.0002666,1931100.0
1763905500000,2025-11-23 15:45:00,0.0002666,0.0002667,0.000266,0.0002667,3921840.0
1763905800000,2025-11-23 15:50:00,0.0002667,0.000267,0.0002663,0.0002663,1713820.0
1763906100000,2025-11-23 15:55:00,0.0002663,0.0002666,0.0002663,0.0002666,2789550.0
1763906400000,2025-11-23 16:00:00,0.0002666,0.0002679,0.0002666,0.0002673,6731560.0
1763906700000,2025-11-23 16:05:00,0.0002673,0.0002673,0.0002654,0.0002659,25359550.0
1763907000000,2025-11-23 16:10:00,0.0002659,0.0002659,0.0002653,0.0002657,5058020.0
1763907300000,2025-11-23 16:15:00,0.0002657,0.0002665,0.0002657,0.000266,2855690.0
1763907600000,2025-11-23 16:20:00,0.000266,0.000266,0.0002658,0.0002658,5967860.0
1763907900000,2025-11-23 16:25:00,0.0002658,0.0002658,0.0002656,0.0002656,4379220.0
1763908200000,2025-11-23 16:30:00,0.0002656,0.0002657,0.000265,0.0002652,7020340.0
1763908500000,2025-11-23 16:35:00,0.0002652,0.0002654,0.0002649,0.0002649,6775260.0
1763908800000,2025-11-23 16:40:00,0.0002649,0.0002653,0.0002648,0.0002651,2517740.0
1763909100000,2025-11-23 16:45:00,0.0002651,0.0002662,0.0002651,0.0002657,6341760.0
1763909400000,2025-11-23 16:50:00,0.0002657,0.0002658,0.0002652,0.0002652,3023500.0
1763909700000,2025-11-23 16:55:00,0.0002652,0.0002655,0.0002651,0.0002651,649860.0
1763910000000,2025-11-23 17:00:00,0.0002651,0.0002658,0.0002651,0.0002651,2329000.0
1763910300000,2025-11-23 17:05:00,0.0002651,0.0002662,0.0002651,0.0002662,889480.0
1763910600000,2025-11-23 17:10:00,0.0002662,0.0002667,0.0002662,0.0002664,1456400.0
1763910900000,2025-11-23 17:15:00,0.0002664,0.0002672,0.0002664,0.0002671,1369680.0
1763911200000,2025-11-23 17:20:00,0.0002671,0.0002672,0.0002667,0.0002668,2012800.0
1763911500000,2025-11-23 17:25:00,0.0002668,0.0002677,0.0002668,0.0002676,1538900.0
1763911800000,2025-11-23 17:30:00,0.0002676,0.0002677,0.0002669,0.0002672,1359230.0
1763912100000,2025-11-23 17:35:00,0.0002672,0.000268,0.0002672,0.0002676,1821180.0
1763912400000,2025-11-23 17:40:00,0.0002676,0.0002678,0.0002675,0.0002678,446220.0
1763912700000,2025-11-23 17:45:00,0.0002678,0.0002679,0.0002675,0.0002676,2386200.0
1763913000000,2025-11-23 17:50:00,0.0002676,0.0002679,0.0002672,0.0002676,3205960.0
1763913300000,2025-11-23 17:55:00,0.0002676,0.0002684,0.0002674,0.0002676,2139080.0
1763913600000,2025-11-23 18:00:00,0.0002676,0.0002682,0.000267,0.0002681,3473440.0
1763913900000,2025-11-23 18:05:00,0.0002681,0.0002694,0.0002678,0.0002686,10511410.0
1763914200000,2025-11-23 18:10:00,0.0002686,0.0002695,0.0002683,0.0002693,2374650.0
1763914500000,2025-11-23 18:15:00,0.0002693,0.0002702,0.0002691,0.0002699,3777170.0
1763914800000,2025-11-23 18:20:00,0.0002699,0.0002718,0.0002696,0.00027,34198650.0
1763915100000,2025-11-23 18:25:00,0.00027,0.0002724,0.00027,0.0002723,15746370.0
1763915400000,2025-11-23 18:30:00,0.0002723,0.000276,0.0002715,0.0002744,211825580.0
1763915700000,2025-11-23 18:35:00,0.0002744,0.0002752,0.0002711,0.0002715,120564090.0
1763916000000,2025-11-23 18:40:00,0.0002715,0.0002716,0.0002694,0.0002694,43719470.0
1763916300000,2025-11-23 18:45:00,0.0002694,0.0002698,0.0002676,0.0002687,88733720.0
1763916600000,2025-11-23 18:50:00,0.0002687,0.0002691,0.0002684,0.0002686,9992880.0
1763916900000,2025-11-23 18:55:00,0.0002686,0.0002689,0.0002668,0.0002669,7842710.0
1763917200000,2025-11-23 19:00:00,0.0002669,0.0002676,0.0002663,0.0002674,17530110.0
1763917500000,2025-11-23 19:05:00,0.0002674,0.0002712,0.0002671,0.0002688,45899550.0
1763917800000,2025-11-23 19:10:00,0.0002688,0.0002706,0.0002684,0.00027,26717570.0
1763918100000,2025-11-23 19:15:00,0.00027,0.0002704,0.0002685,0.0002691,26449620.0
1763918400000,2025-11-23 19:20:00,0.0002691,0.0002698,0.0002679,0.0002679,8821060.0
1763918700000,2025-11-23 19:25:00,0.0002679,0.0002682,0.0002675,0.000268,5460170.0
1763919000000,2025-11-23 19:30:00,0.000268,0.0002683,0.0002676,0.0002677,3806930.0
1763919300000,2025-11-23 19:35:00,0.0002677,0.0002683,0.0002675,0.000268,3276910.0
1763919600000,2025-11-23 19:40:00,0.000268,0.0002696,0.000268,0.0002696,3871690.0
1763919900000,2025-11-23 19:45:00,0.0002696,0.0002697,0.000268,0.0002683,9328950.0
1763920200000,2025-11-23 19:50:00,0.0002683,0.0002695,0.0002683,0.0002686,10341660.0
1763920500000,2025-11-23 19:55:00,0.0002686,0.0002686,0.0002678,0.0002679,4538890.0
1763920800000,2025-11-23 20:00:00,0.0002679,0.0002693,0.0002679,0.0002688,9225210.0
1763921100000,2025-11-23 20:05:00,0.0002688,0.0002688,0.0002679,0.0002681,4381830.0
1763921400000,2025-11-23 20:10:00,0.0002681,0.0002683,0.0002673,0.0002678,5875810.0
1763921700000,2025-11-23 20:15:00,0.0002678,0.0002687,0.0002678,0.0002685,1464430.0
1763922000000,2025-11-23 20:20:00,0.0002685,0.000269,0.0002681,0.0002682,15162660.0
1763922300000,2025-11-23 20:25:00,0.0002682,0.0002682,0.0002673,0.0002674,9965720.0
1763922600000,2025-11-23 20:30:00,0.0002674,0.0002678,0.0002674,0.0002677,3297940.0
1763922900000,2025-11-23 20:35:00,0.0002677,0.0002693,0.0002677,0.0002691,7158600.0
1763923200000,2025-11-23 20:40:00,0.0002691,0.0002693,0.0002688,0.0002688,536090.0
1763923500000,2025-11-23 20:45:00,0.0002688,0.0002689,0.0002672,0.0002672,3450540.0
1763923800000,2025-11-23 20:50:00,0.0002672,0.0002674,0.0002658,0.0002671,25205550.0
1763924100000,2025-11-23 20:55:00,0.0002671,0.000268,0.0002671,0.000268,816600.0
1763924400000,2025-11-23 21:00:00,0.000268,0.0002691,0.000268,0.0002691,13544260.0
1763924700000,2025-11-23 21:05:00,0.0002691,0.0002691,0.0002685,0.0002688,3233150.0
1763925000000,2025-11-23 21:10:00,0.0002688,0.0002692,0.0002686,0.0002689,3279400.0
1763925300000,2025-11-23 21:15:00,0.0002689,0.0002693,0.0002686,0.0002691,6431580.0
1763925600000,2025-11-23 21:20:00,0.0002691,0.0002693,0.000269,0.0002692,753170.0
1763925900000,2025-11-23 21:25:00,0.0002692,0.0002693,0.0002688,0.0002688,5591610.0
1763926200000,2025-11-23 21:30:00,0.0002688,0.000269,0.0002685,0.0002687,2317210.0
1763926500000,2025-11-23 21:35:00,0.0002687,0.0002691,0.0002687,0.0002691,1226960.0
1763926800000,2025-11-23 21:40:00,0.0002691,0.0002691,0.0002687,0.0002689,6389490.0
1763927100000,2025-11-23 21:45:00,0.0002689,0.000269,0.0002684,0.0002684,3211700.0
1763927400000,2025-11-23 21:50:00,0.0002684,0.0002686,0.0002684,0.0002684,6881650.0
1763927700000,2025-11-23 21:55:00,0.0002684,0.0002689,0.0002684,0.0002687,4397120.0
1763928000000,2025-11-23 22:00:00,0.0002687,0.0002694,0.0002686,0.0002687,8311100.0
1763928300000,2025-11-23 22:05:00,0.0002687,0.0002688,0.0002679,0.000268,16037000.0
1763928600000,2025-11-23 22:10:00,0.000268,0.0002684,0.000268,0.0002683,7655330.0
1763928900000,2025-11-23 22:15:00,0.0002683,0.0002685,0.0002679,0.0002682,4712290.0
1763929200000,2025-11-23 22:20:00,0.0002682,0.0002685,0.000268,0.0002684,1862230.0
1763929500000,2025-11-23 22:25:00,0.0002684,0.0002687,0.0002683,0.0002685,2330710.0
1763929800000,2025-11-23 22:30:00,0.0002685,0.0002685,0.0002674,0.0002677,5414490.0
1763930100000,2025-11-23 22:35:00,0.0002677,0.0002688,0.0002677,0.0002681,9472230.0
1763930400000,2025-11-23 22:40:00,0.0002681,0.0002684,0.000268,0.0002682,2861200.0
1763930700000,2025-11-23 22:45:00,0.0002682,0.0002682,0.0002677,0.0002678,4287970.0
1763931000000,2025-11-23 22:50:00,0.0002678,0.0002681,0.0002678,0.0002678,3455360.0
1763931300000,2025-11-23 22:55:00,0.0002678,0.0002679,0.0002677,0.0002679,1959770.0
1763931600000,2025-11-23 23:00:00,0.0002679,0.0002682,0.0002673,0.0002673,7375910.0
1763931900000,2025-11-23 23:05:00,0.0002673,0.0002674,0.0002664,0.0002664,3813560.0
1763932200000,2025-11-23 23:10:00,0.0002664,0.0002669,0.0002663,0.0002663,4552450.0
1763932500000,2025-11-23 23:15:00,0.0002663,0.0002667,0.000266,0.0002667,5992230.0
1763932800000,2025-11-23 23:20:00,0.0002667,0.000267,0.0002662,0.0002662,1865080.0
1763933100000,2025-11-23 23:25:00,0.0002662,0.0002666,0.0002662,0.0002666,14077150.0
1763933400000,2025-11-23 23:30:00,0.0002666,0.0002667,0.0002666,0.0002666,2355380.0
1763933700000,2025-11-23 23:35:00,0.0002666,0.0002668,0.0002665,0.0002667,2259790.0
1763934000000,2025-11-23 23:40:00,0.0002667,0.0002673,0.0002666,0.0002667,5602130.0
1763934300000,2025-11-23 23:45:00,0.0002667,0.0002667,0.0002659,0.0002663,3115270.0
1763934600000,2025-11-23 23:50:00,0.0002663,0.0002669,0.0002662,0.0002669,1240830.0
1763934900000,2025-11-23 23:55:00,0.0002669,0.0002673,0.0002669,0.0002673,841020.0
1763935200000,2025-11-24 00:00:00,0.0002673,0.0002677,0.0002662,0.0002667,22456030.0
1763935500000,2025-11-24 00:05:00,0.0002667,0.0002669,0.0002662,0.0002663,5029140.0
1763935800000,2025-11-24 00:10:00,0.0002663,0.0002668,0.0002662,0.0002668,19987370.0
1763936100000,2025-11-24 00:15:00,0.0002668,0.000267,0.0002665,0.0002667,7945290.0
1763936400000,2025-11-24 00:20:00,0.0002667,0.0002672,0.0002667,0.0002671,3122700.0
1763936700000,2025-11-24 00:25:00,0.0002671,0.0002671,0.0002661,0.0002662,4590800.0
1763937000000,2025-11-24 00:30:00,0.0002662,0.0002665,0.0002656,0.0002665,3136580.0
1763937300000,2025-11-24 00:35:00,0.0002665,0.0002666,0.0002663,0.0002664,8766150.0
1763937600000,2025-11-24 00:40:00,0.0002664,0.0002665,0.0002663,0.0002663,6244530.0
1763937900000,2025-11-24 00:45:00,0.0002663,0.0002667,0.0002663,0.0002666,3134160.0
1763938200000,2025-11-24 00:50:00,0.0002666,0.0002667,0.0002664,0.0002666,3338440.0
1763938500000,2025-11-24 00:55:00,0.0002666,0.000267,0.0002666,0.000267,1677360.0
1763938800000,2025-11-24 01:00:00,0.000267,0.0002674,0.0002658,0.0002658,14286820.0
1763939100000,2025-11-24 01:05:00,0.0002658,0.0002661,0.0002655,0.0002661,7848050.0
1763939400000,2025-11-24 01:10:00,0.0002661,0.0002667,0.000266,0.0002663,44675950.0
1763939700000,2025-11-24 01:15:00,0.0002663,0.0002663,0.0002641,0.0002643,4230780.0
1763940000000,2025-11-24 01:20:00,0.0002643,0.0002652,0.0002641,0.0002652,7691590.0
1763940300000,2025-11-24 01:25:00,0.0002652,0.0002657,0.0002651,0.0002651,2917550.0
1763940600000,2025-11-24 01:30:00,0.0002651,0.0002653,0.0002646,0.0002649,23540890.0
1763940900000,2025-11-24 01:35:00,0.0002649,0.0002654,0.0002646,0.0002652,19462780.0
1763941200000,2025-11-24 01:40:00,0.0002652,0.0002656,0.000265,0.0002652,17198960.0
1763941500000,2025-11-24 01:45:00,0.0002652,0.0002658,0.0002652,0.0002655,34523480.0
1763941800000,2025-11-24 01:50:00,0.0002655,0.0002656,0.000265,0.000265,2599100.0
1763942100000,2025-11-24 01:55:00,0.000265,0.0002652,0.0002649,0.0002652,1177990.0
1763942400000,2025-11-24 02:00:00,0.0002652,0.0002656,0.0002633,0.0002641,10433940.0
1763942700000,2025-11-24 02:05:00,0.0002641,0.0002643,0.0002633,0.0002634,4451760.0
1763943000000,2025-11-24 02:10:00,0.0002634,0.0002637,0.0002631,0.0002632,4280110.0
1763943300000,2025-11-24 02:15:00,0.0002632,0.0002633,0.0002624,0.0002625,3265940.0
1763943600000,2025-11-24 02:20:00,0.0002625,0.0002638,0.0002623,0.0002638,3266540.0
1763943900000,2025-11-24 02:25:00,0.0002638,0.0002641,0.0002633,0.0002638,1620380.0
1763944200000,2025-11-24 02:30:00,0.0002638,0.0002638,0.0002631,0.0002636,1892320.0
1763944500000,2025-11-24 02:35:00,0.0002636,0.0002644,0.0002636,0.0002642,1662480.0
1763944800000,2025-11-24 02:40:00,0.0002642,0.0002644,0.0002637,0.0002639,1191070.0
1763945100000,2025-11-24 02:45:00,0.0002639,0.0002642,0.0002635,0.0002642,1355240.0
1763945400000,2025-11-24 02:50:00,0.0002642,0.0002653,0.0002642,0.0002644,1900260.0
1763945700000,2025-11-24 02:55:00,0.0002644,0.0002644,0.0002638,0.000264,1959980.0
1763946000000,2025-11-24 03:00:00,0.000264,0.0002644,0.0002639,0.0002641,3840090.0
1763946300000,2025-11-24 03:05:00,0.0002641,0.0002644,0.0002639,0.0002644,5346620.0
1763946600000,2025-11-24 03:10:00,0.0002644,0.0002647,0.0002643,0.0002646,2757110.0
1763946900000,2025-11-24 03:15:00,0.0002646,0.0002649,0.000264,0.0002642,5121300.0
1763947200000,2025-11-24 03:20:00,0.0002642,0.0002647,0.0002642,0.0002647,1390450.0
1763947500000,2025-11-24 03:25:00,0.0002647,0.0002655,0.0002646,0.0002652,2260600.0
1763947800000,2025-11-24 03:30:00,0.0002652,0.0002652,0.0002642,0.0002646,3373190.0
1763948100000,2025-11-24 03:35:00,0.0002646,0.0002646,0.0002638,0.000264,2738470.0
1763948400000,2025-11-24 03:40:00,0.000264,0.0002645,0.0002639,0.0002641,2575160.0
1763948700000,2025-11-24 03:45:00,0.0002641,0.0002644,0.0002638,0.0002644,2757670.0
1763949000000,2025-11-24 03:50:00,0.0002644,0.0002659,0.0002644,0.0002655,2253370.0
1763949300000,2025-11-24 03:55:00,0.0002655,0.0002659,0.0002655,0.0002658,1917920.0
1763949600000,2025-11-24 04:00:00,0.0002658,0.000268,0.0002656,0.0002677,16477860.0
1763949900000,2025-11-24 04:05:00,0.0002677,0.0002689,0.0002677,0.0002678,6406580.0
1763950200000,2025-11-24 04:10:00,0.0002678,0.0002685,0.0002677,0.0002685,3025290.0
1763950500000,2025-11-24 04:15:00,0.0002685,0.000269,0.0002684,0.0002688,2798750.0
1763950800000,2025-11-24 04:20:00,0.0002688,0.0002693,0.0002687,0.0002693,3346210.0
1763951100000,2025-11-24 04:25:00,0.0002693,0.0002695,0.0002683,0.0002683,4611090.0
1763951400000,2025-11-24 04:30:00,0.0002683,0.0002688,0.000267,0.0002671,2350130.0
1763951700000,2025-11-24 04:35:00,0.0002671,0.0002679,0.000267,0.0002678,938340.0
1763952000000,2025-11-24 04:40:00,0.0002678,0.0002682,0.0002678,0.0002679,1281910.0
1763952300000,2025-11-24 04:45:00,0.0002679,0.0002679,0.0002672,0.0002673,237600.0
1763952600000,2025-11-24 04:50:00,0.0002673,0.0002677,0.000267,0.0002677,2167510.0
1763952900000,2025-11-24 04:55:00,0.0002677,0.0002679,0.0002676,0.0002678,528980.0
1763953200000,2025-11-24 05:00:00,0.0002678,0.0002684,0.0002678,0.0002682,614550.0
1763953500000,2025-11-24 05:05:00,0.0002682,0.0002682,0.0002678,0.0002682,3699680.0
1763953800000,2025-11-24 05:10:00,0.0002682,0.0002685,0.0002679,0.0002679,4631500.0
1763954100000,2025-11-24 05:15:00,0.0002679,0.000269,0.0002676,0.000269,3492390.0
1763954400000,2025-11-24 05:20:00,0.000269,0.00027,0.0002686,0.0002686,5350070.0
1763954700000,2025-11-24 05:25:00,0.0002686,0.0002688,0.0002686,0.0002687,277230.0
1763955000000,2025-11-24 05:30:00,0.0002687,0.000269,0.0002684,0.0002688,1515860.0
1763955300000,2025-11-24 05:35:00,0.0002688,0.0002689,0.000268,0.0002681,693690.0
1763955600000,2025-11-24 05:40:00,0.0002681,0.0002681,0.0002678,0.000268,312970.0
1763955900000,2025-11-24 05:45:00,0.000268,0.0002682,0.0002674,0.0002675,870060.0
1763956200000,2025-11-24 05:50:00,0.0002675,0.0002676,0.000267,0.0002671,1573620.0
1763956500000,2025-11-24 05:55:00,0.0002671,0.0002676,0.0002671,0.0002676,292910.0
1763956800000,2025-11-24 06:00:00,0.0002676,0.0002682,0.0002676,0.0002681,2112900.0
1763957100000,2025-11-24 06:05:00,0.0002681,0.0002685,0.0002679,0.0002681,1057940.0
1763957400000,2025-11-24 06:10:00,0.0002681,0.0002688,0.0002679,0.0002679,2918930.0
1763957700000,2025-11-24 06:15:00,0.0002679,0.0002679,0.0002658,0.000266,1519480.0
1763958000000,2025-11-24 06:20:00,0.000266,0.000266,0.0002653,0.0002654,7218200.0
1763958300000,2025-11-24 06:25:00,0.0002654,0.0002654,0.0002648,0.0002651,8554220.0
1763958600000,2025-11-24 06:30:00,0.0002651,0.0002659,0.0002649,0.0002659,3001650.0
1763958900000,2025-11-24 06:35:00,0.0002659,0.0002659,0.0002656,0.0002659,545220.0
1763959200000,2025-11-24 06:40:00,0.0002659,0.0002659,0.0002656,0.0002657,1318970.0
1763959500000,2025-11-24 06:45:00,0.0002657,0.0002657,0.0002654,0.0002657,6243740.0
1763959800000,2025-11-24 06:50:00,0.0002657,0.0002657,0.0002655,0.0002656,2275510.0
1763960100000,2025-11-24 06:55:00,0.0002656,0.0002657,0.0002653,0.0002653,672190.0
1763960400000,2025-11-24 07:00:00,0.0002653,0.0002657,0.0002651,0.0002656,7759870.0
1763960700000,2025-11-24 07:05:00,0.0002656,0.0002678,0.0002656,0.0002672,35592450.0
1763961000000,2025-11-24 07:10:00,0.0002672,0.0002678,0.000267,0.0002678,6285360.0
1763961300000,2025-11-24 07:15:00,0.0002678,0.0002684,0.0002672,0.0002672,1452780.0
1763961600000,2025-11-24 07:20:00,0.0002672,0.0002678,0.0002672,0.0002675,1752220.0
1763961900000,2025-11-24 07:25:00,0.0002675,0.0002677,0.0002671,0.0002671,3696470.0
1763962200000,2025-11-24 07:30:00,0.0002671,0.0002672,0.0002663,0.0002664,2200230.0
1763962500000,2025-11-24 07:35:00,0.0002664,0.0002668,0.0002664,0.0002667,1591910.0
1763962800000,2025-11-24 07:40:00,0.0002667,0.0002667,0.0002661,0.0002663,6643030.0
1763963100000,2025-11-24 07:45:00,0.0002663,0.0002664,0.0002654,0.0002655,4450780.0
1763963400000,2025-11-24 07:50:00,0.0002655,0.000266,0.0002655,0.0002659,1317420.0
1763963700000,2025-11-24 07:55:00,0.0002659,0.000266,0.0002656,0.0002659,7640380.0
1763964000000,2025-11-24 08:00:00,0.0002659,0.0002663,0.0002657,0.0002657,2558170.0
1763964300000,2025-11-24 08:05:00,0.0002657,0.0002657,0.000264,0.0002641,7388830.0
1763964600000,2025-11-24 08:10:00,0.0002641,0.0002645,0.0002641,0.0002643,5699130.0
1763964900000,2025-11-24 08:15:00,0.0002643,0.0002658,0.0002643,0.0002657,3112890.0
1763965200000,2025-11-24 08:20:00,0.0002657,0.0002659,0.0002654,0.0002657,2151140.0
1763965500000,2025-11-24 08:25:00,0.0002657,0.0002657,0.0002649,0.0002654,1159820.0
1763965800000,2025-11-24 08:30:00,0.0002654,0.0002654,0.0002643,0.0002644,1307130.0
1763966100000,2025-11-24 08:35:00,0.0002644,0.0002652,0.0002644,0.0002651,2058900.0
1763966400000,2025-11-24 08:40:00,0.0002651,0.0002652,0.0002646,0.0002649,2358800.0
1763966700000,2025-11-24 08:45:00,0.0002649,0.0002652,0.0002644,0.0002652,1108200.0
1763967000000,2025-11-24 08:50:00,0.0002652,0.0002652,0.0002645,0.0002652,3073140.0
1763967300000,2025-11-24 08:55:00,0.0002652,0.0002654,0.0002649,0.0002652,1028480.0
1763967600000,2025-11-24 09:00:00,0.0002652,0.0002652,0.0002645,0.0002645,1684700.0
1763967900000,2025-11-24 09:05:00,0.0002645,0.0002647,0.0002639,0.0002646,1856780.0
1763968200000,2025-11-24 09:10:00,0.0002646,0.0002648,0.000264,0.0002642,1133530.0
1763968500000,2025-11-24 09:15:00,0.0002642,0.000265,0.0002637,0.000265,1540990.0
1763968800000,2025-11-24 09:20:00,0.000265,0.000265,0.000264,0.0002644,880270.0
1763969100000,2025-11-24 09:25:00,0.0002644,0.0002645,0.0002642,0.0002644,883320.0
1763969400000,2025-11-24 09:30:00,0.0002644,0.0002648,0.0002643,0.0002647,532860.0
1763969700000,2025-11-24 09:35:00,0.0002647,0.0002652,0.0002646,0.0002651,522090.0
1763970000000,2025-11-24 09:40:00,0.0002651,0.0002664,0.0002651,0.0002659,1733550.0
1763970300000,2025-11-24 09:45:00,0.0002659,0.0002663,0.0002656,0.000266,2116370.0
1763970600000,2025-11-24 09:50:00,0.000266,0.0002663,0.000266,0.0002662,932220.0
1763970900000,2025-11-24 09:55:00,0.0002662,0.0002662,0.0002652,0.0002654,819120.0
1763971200000,2025-11-24 10:00:00,0.0002654,0.0002656,0.0002643,0.0002643,8384310.0
1763971500000,2025-11-24 10:05:00,0.0002643,0.000265,0.0002641,0.0002647,3743550.0
1763971800000,2025-11-24 10:10:00,0.0002647,0.0002652,0.0002645,0.0002652,2080950.0
1763972100000,2025-11-24 10:15:00,0.0002652,0.000266,0.0002633,0.0002638,5297090.0
1763972400000,2025-11-24 10:20:00,0.0002638,0.0002642,0.0002634,0.0002641,1897510.0
1763972700000,2025-11-24 10:25:00,0.0002641,0.0002641,0.0002633,0.0002635,961650.0
1763973000000,2025-11-24 10:30:00,0.0002635,0.0002638,0.0002631,0.0002631,2478860.0
1763973300000,2025-11-24 10:35:00,0.0002631,0.0002636,0.000263,0.0002633,2025900.0
1763973600000,2025-11-24 10:40:00,0.0002633,0.0002637,0.0002633,0.0002637,957340.0
1763973900000,2025-11-24 10:45:00,0.0002637,0.0002639,0.0002634,0.0002637,880260.0
1763974200000,2025-11-24 10:50:00,0.0002637,0.0002638,0.0002635,0.0002638,681590.0
1763974500000,2025-11-24 10:55:00,0.0002638,0.0002647,0.0002638,0.0002642,375580.0
1763974800000,2025-11-24 11:00:00,0.0002642,0.0002642,0.0002632,0.0002641,3861920.0
1763975100000,2025-11-24 11:05:00,0.0002641,0.0002641,0.0002624,0.0002624,1139050.0
1763975400000,2025-11-24 11:10:00,0.0002624,0.0002628,0.0002622,0.0002622,2926290.0
1763975700000,2025-11-24 11:15:00,0.0002622,0.0002623,0.0002609,0.0002611,7680990.0
1763976000000,2025-11-24 11:20:00,0.0002611,0.0002611,0.0002601,0.0002604,3287080.0
1763976300000,2025-11-24 11:25:00,0.0002604,0.0002611,0.00026,0.0002611,7620100.0
1763976600000,2025-11-24 11:30:00,0.0002611,0.0002611,0.0002606,0.0002606,10669670.0
1763976900000,2025-11-24 11:35:00,0.0002606,0.0002618,0.0002605,0.0002618,7435190.0
1763977200000,2025-11-24 11:40:00,0.0002618,0.0002618,0.0002605,0.0002605,2090380.0
1763977500000,2025-11-24 11:45:00,0.0002605,0.0002612,0.0002601,0.0002608,917650.0
1763977800000,2025-11-24 11:50:00,0.0002608,0.000261,0.0002608,0.000261,590050.0
1763978100000,2025-11-24 11:55:00,0.000261,0.000261,0.0002606,0.0002608,744320.0
1763978400000,2025-11-24 12:00:00,0.0002608,0.0002609,0.00026,0.0002606,11805260.0
1763978700000,2025-11-24 12:05:00,0.0002606,0.000261,0.0002603,0.0002605,2072370.0
1763979000000,2025-11-24 12:10:00,0.0002605,0.0002606,0.00026,0.00026,2170360.0
1763979300000,2025-11-24 12:15:00,0.00026,0.00026,0.0002595,0.00026,1384500.0
1763979600000,2025-11-24 12:20:00,0.00026,0.0002602,0.0002597,0.0002598,4544210.0
1763979900000,2025-11-24 12:25:00,0.0002598,0.0002604,0.0002597,0.0002603,4305610.0
1763980200000,2025-11-24 12:30:00,0.0002603,0.0002607,0.0002601,0.0002603,1044140.0
1763980500000,2025-11-24 12:35:00,0.0002603,0.0002613,0.0002603,0.0002613,2492420.0
1763980800000,2025-11-24 12:40:00,0.0002613,0.0002617,0.0002611,0.0002616,1182860.0
1763981100000,2025-11-24 12:45:00,0.0002616,0.0002619,0.0002614,0.0002617,1013170.0
1763981400000,2025-11-24 12:50:00,0.0002617,0.0002624,0.0002617,0.000262,5441910.0
1763981700000,2025-11-24 12:55:00,0.000262,0.0002625,0.0002619,0.0002625,724730.0
1763982000000,2025-11-24 13:00:00,0.0002625,0.0002628,0.0002621,0.0002628,3267200.0
1763982300000,2025-11-24 13:05:00,0.0002628,0.0002628,0.0002621,0.0002622,3631100.0
1763982600000,2025-11-24 13:10:00,0.0002622,0.0002635,0.0002622,0.0002635,1789950.0
1763982900000,2025-11-24 13:15:00,0.0002635,0.0002639,0.0002631,0.0002639,2790530.0
1763983200000,2025-11-24 13:20:00,0.0002639,0.000264,0.0002633,0.0002633,2279270.0
1763983500000,2025-11-24 13:25:00,0.0002633,0.0002646,0.0002632,0.0002643,6234100.0
1763983800000,2025-11-24 13:30:00,0.0002643,0.0002643,0.0002636,0.0002642,2007990.0
1763984100000,2025-11-24 13:35:00,0.0002642,0.0002649,0.0002635,0.0002639,3540840.0
1763984400000,2025-11-24 13:40:00,0.0002639,0.0002639,0.0002636,0.0002637,2399430.0
1763984700000,2025-11-24 13:45:00,0.0002637,0.0002642,0.0002634,0.000264,3792290.0
1763985000000,2025-11-24 13:50:00,0.000264,0.000264,0.0002637,0.0002637,285590.0
1763985300000,2025-11-24 13:55:00,0.0002637,0.0002643,0.0002637,0.0002643,36596790.0
1763985600000,2025-11-24 14:00:00,0.0002643,0.0002644,0.0002634,0.0002636,17688340.0
1763985900000,2025-11-24 14:05:00,0.0002636,0.0002644,0.0002636,0.0002638,988990.0
1763986200000,2025-11-24 14:10:00,0.0002638,0.0002639,0.0002627,0.0002628,4771620.0
1763986500000,2025-11-24 14:15:00,0.0002628,0.0002637,0.0002628,0.0002634,438600.0
1763986800000,2025-11-24 14:20:00,0.0002634,0.0002635,0.0002632,0.0002634,3157700.0
1763987100000,2025-11-24 14:25:00,0.0002634,0.0002635,0.000263,0.0002632,3251530.0
1763987400000,2025-11-24 14:30:00,0.0002632,0.0002635,0.000263,0.0002631,3646980.0
1763987700000,2025-11-24 14:35:00,0.0002631,0.0002631,0.0002623,0.0002624,4786750.0
1763988000000,2025-11-24 14:40:00,0.0002624,0.0002625,0.0002621,0.0002624,3872010.0
1763988300000,2025-11-24 14:45:00,0.0002624,0.0002625,0.000262,0.0002621,2896160.0
1763988600000,2025-11-24 14:50:00,0.0002621,0.0002624,0.0002618,0.0002624,9379800.0
1763988900000,2025-11-24 14:55:00,0.0002624,0.0002626,0.0002622,0.0002625,315600.0
1763989200000,2025-11-24 15:00:00,0.0002625,0.0002625,0.0002619,0.0002619,5773560.0
1763989500000,2025-11-24 15:05:00,0.0002619,0.0002638,0.0002617,0.0002629,8289020.0
1763989800000,2025-11-24 15:10:00,0.0002629,0.0002632,0.0002623,0.0002626,5203990.0
1763990100000,2025-11-24 15:15:00,0.0002626,0.0002627,0.0002624,0.0002625,1661040.0
1763990400000,2025-11-24 15:20:00,0.0002625,0.0002633,0.0002625,0.000263,2418750.0
1763990700000,2025-11-24 15:25:00,0.000263,0.0002632,0.0002625,0.0002632,1868310.0
1763991000000,2025-11-24 15:30:00,0.0002632,0.0002632,0.0002629,0.0002631,2064220.0
1763991300000,2025-11-24 15:35:00,0.0002631,0.0002635,0.0002631,0.0002633,5067840.0
1763991600000,2025-11-24 15:40:00,0.0002633,0.0002633,0.0002627,0.0002632,19330590.0
1763991900000,2025-11-24 15:45:00,0.0002632,0.0002634,0.000263,0.000263,2684560.0
1763992200000,2025-11-24 15:50:00,0.000263,0.0002631,0.0002628,0.0002629,1178750.0
1763992500000,2025-11-24 15:55:00,0.0002629,0.0002631,0.0002624,0.0002624,6768130.0
1763992800000,2025-11-24 16:00:00,0.0002624,0.0002625,0.0002614,0.0002618,12015410.0
1763993100000,2025-11-24 16:05:00,0.0002618,0.0002618,0.0002612,0.0002615,4461060.0
1763993400000,2025-11-24 16:10:00,0.0002615,0.000262,0.0002615,0.0002619,2261980.0
1763993700000,2025-11-24 16:15:00,0.0002619,0.0002619,0.0002616,0.0002616,7999490.0
1763994000000,2025-11-24 16:20:00,0.0002616,0.0002617,0.0002612,0.0002616,359490.0
1763994300000,2025-11-24 16:25:00,0.0002616,0.0002616,0.0002607,0.0002607,8118410.0
1763994600000,2025-11-24 16:30:00,0.0002607,0.0002647,0.0002607,0.0002638,21348480.0
1763994900000,2025-11-24 16:35:00,0.0002638,0.0002643,0.0002624,0.0002624,2817510.0
1763995200000,2025-11-24 16:40:00,0.0002624,0.0002624,0.0002598,0.0002601,7648040.0
1763995500000,2025-11-24 16:45:00,0.0002601,0.0002609,0.0002598,0.00026,1949040.0
1763995800000,2025-11-24 16:50:00,0.00026,0.000261,0.0002582,0.0002605,9193000.0
1763996100000,2025-11-24 16:55:00,0.0002605,0.0002624,0.0002603,0.0002624,7932950.0
1763996400000,2025-11-24 17:00:00,0.0002624,0.0002633,0.0002619,0.0002625,12854220.0
1763996700000,2025-11-24 17:05:00,0.0002625,0.0002632,0.0002623,0.0002626,4302600.0
1763997000000,2025-11-24 17:10:00,0.0002626,0.000263,0.0002616,0.0002626,4006080.0
1763997300000,2025-11-24 17:15:00,0.0002626,0.0002629,0.0002616,0.0002616,1160190.0
1763997600000,2025-11-24 17:20:00,0.0002616,0.0002622,0.0002611,0.0002614,5435220.0
1763997900000,2025-11-24 17:25:00,0.0002614,0.0002622,0.0002609,0.0002621,7995820.0
1763998200000,2025-11-24 17:30:00,0.0002621,0.0002634,0.0002618,0.0002633,5293080.0
1763998500000,2025-11-24 17:35:00,0.0002633,0.0002635,0.0002628,0.0002635,1914660.0
1763998800000,2025-11-24 17:40:00,0.0002635,0.000264,0.0002634,0.0002639,6002990.0
1763999100000,2025-11-24 17:45:00,0.0002639,0.000265,0.0002638,0.0002644,10276020.0
1763999400000,2025-11-24 17:50:00,0.0002644,0.0002648,0.0002638,0.0002638,5020580.0
1763999700000,2025-11-24 17:55:00,0.0002638,0.0002639,0.0002636,0.0002636,6350200.0
1764000000000,2025-11-24 18:00:00,0.0002636,0.0002652,0.0002636,0.0002652,6139070.0
1764000300000,2025-11-24 18:05:00,0.0002652,0.0002652,0.0002638,0.0002648,3266040.0
1764000600000,2025-11-24 18:10:00,0.0002648,0.0002648,0.0002643,0.0002643,404750.0
1764000900000,2025-11-24 18:15:00,0.0002643,0.0002653,0.0002643,0.0002652,3095550.0
1764001200000,2025-11-24 18:20:00,0.0002652,0.0002652,0.0002648,0.0002648,681120.0
1764001500000,2025-11-24 18:25:00,0.0002648,0.0002651,0.0002644,0.0002644,631430.0
1764001800000,2025-11-24 18:30:00,0.0002644,0.0002653,0.0002642,0.0002653,1533950.0
1764002100000,2025-11-24 18:35:00,0.0002653,0.0002653,0.0002646,0.0002649,4556860.0
1764002400000,2025-11-24 18:40:00,0.0002649,0.0002653,0.0002649,0.0002653,1781280.0
1764002700000,2025-11-24 18:45:00,0.0002653,0.0002658,0.000265,0.000265,6946170.0
1764003000000,2025-11-24 18:50:00,0.000265,0.0002651,0.0002647,0.0002648,818260.0
1764003300000,2025-11-24 18:55:00,0.0002648,0.000265,0.0002647,0.0002649,171280.0
1764003600000,2025-11-24 19:00:00,0.0002649,0.0002656,0.0002649,0.0002656,3226420.0
1764003900000,2025-11-24 19:05:00,0.0002656,0.0002656,0.0002651,0.0002653,1080500.0
1764004200000,2025-11-24 19:10:00,0.0002653,0.0002653,0.0002648,0.0002649,1346240.0
1764004500000,2025-11-24 19:15:00,0.0002649,0.0002658,0.0002649,0.0002658,601980.0
1764004800000,2025-11-24 19:20:00,0.0002658,0.0002679,0.0002653,0.0002678,22250510.0
1764005100000,2025-11-24 19:25:00,0.0002678,0.0002687,0.0002676,0.0002684,14329060.0
1764005400000,2025-11-24 19:30:00,0.0002684,0.0002697,0.0002683,0.0002689,12822930.0
1764005700000,2025-11-24 19:35:00,0.0002689,0.0002698,0.0002682,0.0002698,13071470.0
1764006000000,2025-11-24 19:40:00,0.0002698,0.0002699,0.000269,0.0002693,5835000.0
1764006300000,2025-11-24 19:45:00,0.0002693,0.0002707,0.0002693,0.0002704,9544610.0
1764006600000,2025-11-24 19:50:00,0.0002704,0.0002705,0.0002693,0.0002701,7514910.0
1764006900000,2025-11-24 19:55:00,0.0002701,0.0002707,0.0002691,0.0002705,2821010.0
1764007200000,2025-11-24 20:00:00,0.0002705,0.0002714,0.0002705,0.0002705,9686010.0
1764007500000,2025-11-24 20:05:00,0.0002705,0.0002711,0.0002698,0.0002698,5966010.0
1764007800000,2025-11-24 20:10:00,0.0002698,0.0002705,0.0002696,0.0002702,3905440.0
1764008100000,2025-11-24 20:15:00,0.0002702,0.0002707,0.0002693,0.0002703,16726340.0
1764008400000,2025-11-24 20:20:00,0.0002703,0.0002703,0.0002693,0.0002697,2276920.0
1764008700000,2025-11-24 20:25:00,0.0002697,0.0002699,0.0002693,0.0002697,1560080.0
1764009000000,2025-11-24 20:30:00,0.0002697,0.00027,0.0002693,0.0002696,4697860.0
1764009300000,2025-11-24 20:35:00,0.0002696,0.0002697,0.0002693,0.0002694,1719200.0
1764009600000,2025-11-24 20:40:00,0.0002694,0.0002694,0.0002691,0.0002692,1272530.0
1764009900000,2025-11-24 20:45:00,0.0002692,0.0002697,0.0002692,0.0002696,1250250.0
1764010200000,2025-11-24 20:50:00,0.0002696,0.0002697,0.0002689,0.0002692,390580.0
1764010500000,2025-11-24 20:55:00,0.0002692,0.0002697,0.0002691,0.0002697,1356650.0
1764010800000,2025-11-24 21:00:00,0.0002697,0.0002703,0.0002695,0.0002702,11187280.0
1764011100000,2025-11-24 21:05:00,0.0002702,0.0002706,0.0002701,0.0002702,4409890.0
1764011400000,2025-11-24 21:10:00,0.0002702,0.0002702,0.0002693,0.0002694,8354780.0
1764011700000,2025-11-24 21:15:00,0.0002694,0.0002699,0.0002694,0.0002697,3488970.0
1764012000000,2025-11-24 21:20:00,0.0002697,0.0002697,0.0002687,0.0002687,3849140.0
1764012300000,2025-11-24 21:25:00,0.0002687,0.0002694,0.0002682,0.0002694,3491220.0
1764012600000,2025-11-24 21:30:00,0.0002694,0.0002699,0.000269,0.0002697,9076120.0
1764012900000,2025-11-24 21:35:00,0.0002697,0.0002699,0.0002694,0.0002694,1872180.0
1764013200000,2025-11-24 21:40:00,0.0002694,0.0002694,0.0002687,0.0002691,9406970.0
1764013500000,2025-11-24 21:45:00,0.0002691,0.0002692,0.0002689,0.000269,2007920.0
1764013800000,2025-11-24 21:50:00,0.000269,0.0002691,0.0002684,0.0002684,1355140.0
1764014100000,2025-11-24 21:55:00,0.0002684,0.0002686,0.0002684,0.0002686,2068620.0
1764014400000,2025-11-24 22:00:00,0.0002686,0.0002687,0.0002686,0.0002686,952370.0
1764014700000,2025-11-24 22:05:00,0.0002686,0.0002689,0.0002684,0.0002689,2476660.0
1764015000000,2025-11-24 22:10:00,0.0002689,0.0002704,0.0002689,0.0002699,5427890.0
1764015300000,2025-11-24 22:15:00,0.0002699,0.0002702,0.0002697,0.0002702,1139680.0
1764015600000,2025-11-24 22:20:00,0.0002702,0.0002709,0.0002698,0.0002704,8996070.0
1764015900000,2025-11-24 22:25:00,0.0002704,0.0002704,0.0002699,0.0002702,2605580.0
1764016200000,2025-11-24 22:30:00,0.0002702,0.0002704,0.0002699,0.00027,2139120.0
1764016500000,2025-11-24 22:35:00,0.00027,0.0002705,0.00027,0.0002705,1001390.0
1764016800000,2025-11-24 22:40:00,0.0002705,0.0002705,0.0002702,0.0002702,332900.0
1764017100000,2025-11-24 22:45:00,0.0002702,0.0002704,0.00027,0.00027,1042400.0
1764017400000,2025-11-24 22:50:00,0.00027,0.0002704,0.0002697,0.0002703,3303390.0
1764017700000,2025-11-24 22:55:00,0.0002703,0.0002703,0.0002696,0.0002696,553360.0
1764018000000,2025-11-24 23:00:00,0.0002696,0.0002696,0.0002693,0.0002695,1676310.0
1764018300000,2025-11-24 23:05:00,0.0002695,0.0002696,0.000269,0.0002693,3124520.0
1764018600000,2025-11-24 23:10:00,0.0002693,0.0002698,0.0002692,0.0002696,2292870.0
1764018900000,2025-11-24 23:15:00,0.0002696,0.0002702,0.0002696,0.0002698,1044850.0
1764019200000,2025-11-24 23:20:00,0.0002698,0.0002704,0.0002698,0.0002704,402340.0
1764019500000,2025-11-24 23:25:00,0.0002704,0.0002707,0.0002704,0.0002707,372770.0
1764019800000,2025-11-24 23:30:00,0.0002707,0.000271,0.0002705,0.0002706,2065050.0
1764020100000,2025-11-24 23:35:00,0.0002706,0.0002706,0.0002691,0.0002692,2260990.0
1764020400000,2025-11-24 23:40:00,0.0002692,0.0002696,0.0002688,0.0002691,957750.0
1764020700000,2025-11-24 23:45:00,0.0002691,0.0002692,0.0002687,0.0002689,1584620.0
1764021000000,2025-11-24 23:50:00,0.0002689,0.0002691,0.0002689,0.000269,873170.0
1764021300000,2025-11-24 23:55:00,0.000269,0.0002693,0.0002689,0.0002693,2160040.0
1764021600000,2025-11-25 00:00:00,0.0002693,0.0002699,0.0002693,0.0002698,641600.0
1764021900000,2025-11-25 00:05:00,0.0002698,0.0002707,0.0002698,0.0002702,4116830.0
1764022200000,2025-11-25 00:10:00,0.0002702,0.0002702,0.0002696,0.0002699,2549270.0
1764022500000,2025-11-25 00:15:00,0.0002699,0.0002699,0.0002692,0.0002692,1985010.0
1764022800000,2025-11-25 00:20:00,0.0002692,0.0002698,0.0002692,0.0002695,1241550.0
1764023100000,2025-11-25 00:25:00,0.0002695,0.0002695,0.0002694,0.0002694,71730.0
1764023400000,2025-11-25 00:30:00,0.0002694,0.00027,0.0002694,0.0002698,839780.0
1764023700000,2025-11-25 00:35:00,0.0002698,0.0002698,0.0002692,0.0002692,204900.0
1764024000000,2025-11-25 00:40:00,0.0002692,0.0002694,0.0002692,0.0002692,623330.0
1764024300000,2025-11-25 00:45:00,0.0002692,0.0002697,0.0002692,0.0002697,232600.0
1764024600000,2025-11-25 00:50:00,0.0002697,0.0002698,0.0002695,0.0002695,76790.0
1764024900000,2025-11-25 00:55:00,0.0002695,0.0002695,0.0002692,0.0002694,375150.0
1764025200000,2025-11-25 01:00:00,0.0002694,0.0002697,0.0002693,0.0002695,883260.0
1764025500000,2025-11-25 01:05:00,0.0002695,0.0002695,0.0002694,0.0002694,103200.0
1764025800000,2025-11-25 01:10:00,0.0002694,0.0002697,0.0002693,0.0002695,706260.0
1764026100000,2025-11-25 01:15:00,0.0002695,0.0002699,0.0002695,0.0002698,364700.0
1764026400000,2025-11-25 01:20:00,0.0002698,0.0002698,0.0002694,0.0002696,659860.0
1764026700000,2025-11-25 01:25:00,0.0002696,0.0002698,0.0002694,0.0002698,922290.0
1764027000000,2025-11-25 01:30:00,0.0002698,0.0002707,0.0002698,0.00027,1279520.0
1764027300000,2025-11-25 01:35:00,0.00027,0.0002704,0.00027,0.0002704,707960.0
1764027600000,2025-11-25 01:40:00,0.0002704,0.0002709,0.0002702,0.0002708,1433190.0
1764027900000,2025-11-25 01:45:00,0.0002708,0.0002708,0.00027,0.0002704,2074650.0
1764028200000,2025-11-25 01:50:00,0.0002704,0.0002704,0.0002696,0.0002696,844930.0
1764028500000,2025-11-25 01:55:00,0.0002696,0.0002699,0.0002696,0.0002697,427400.0
1764028800000,2025-11-25 02:00:00,0.0002697,0.0002698,0.0002685,0.0002689,3642830.0
1764029100000,2025-11-25 02:05:00,0.0002689,0.0002699,0.0002687,0.0002697,9653860.0
1764029400000,2025-11-25 02:10:00,0.0002697,0.0002698,0.0002691,0.0002693,1491950.0
1764029700000,2025-11-25 02:15:00,0.0002693,0.0002695,0.000269,0.0002695,1008800.0
1764030000000,2025-11-25 02:20:00,0.0002695,0.0002701,0.0002695,0.0002697,711940.0
1764030300000,2025-11-25 02:25:00,0.0002697,0.0002699,0.0002691,0.0002691,601160.0
1764030600000,2025-11-25 02:30:00,0.0002691,0.0002698,0.000269,0.0002696,5332120.0
1764030900000,2025-11-25 02:35:00,0.0002696,0.0002701,0.0002694,0.0002694,312970.0
1764031200000,2025-11-25 02:40:00,0.0002694,0.0002701,0.0002694,0.0002699,1341890.0
1764031500000,2025-11-25 02:45:00,0.0002699,0.0002706,0.0002698,0.0002699,794840.0
1764031800000,2025-11-25 02:50:00,0.0002699,0.0002709,0.0002699,0.0002707,620140.0
1764032100000,2025-11-25 02:55:00,0.0002707,0.0002713,0.0002707,0.0002711,323920.0
1764032400000,2025-11-25 03:00:00,0.0002711,0.0002715,0.0002708,0.0002713,2753960.0
1764032700000,2025-11-25 03:05:00,0.0002713,0.0002719,0.0002711,0.0002718,1218820.0
1764033000000,2025-11-25 03:10:00,0.0002718,0.0002722,0.0002715,0.000272,293650.0
1764033300000,2025-11-25 03:15:00,0.000272,0.0002721,0.0002711,0.0002712,2494040.0
1764033600000,2025-11-25 03:20:00,0.0002712,0.000272,0.0002712,0.0002719,301410.0
1764033900000,2025-11-25 03:25:00,0.0002719,0.0002721,0.0002713,0.0002713,1102390.0
1764034200000,2025-11-25 03:30:00,0.0002713,0.000272,0.0002712,0.0002718,7039360.0
1764034500000,2025-11-25 03:35:00,0.0002718,0.0002721,0.0002713,0.0002713,6971050.0
1764034800000,2025-11-25 03:40:00,0.0002713,0.0002713,0.0002706,0.000271,4349190.0
1764035100000,2025-11-25 03:45:00,0.000271,0.0002711,0.0002704,0.0002705,3508480.0
1764035400000,2025-11-25 03:50:00,0.0002705,0.0002707,0.0002704,0.0002707,1962760.0
1764035700000,2025-11-25 03:55:00,0.0002707,0.0002707,0.0002702,0.0002702,429310.0
1764036000000,2025-11-25 04:00:00,0.0002702,0.0002706,0.0002696,0.0002705,8710540.0
1764036300000,2025-11-25 04:05:00,0.0002705,0.0002705,0.0002699,0.0002702,5830200.0
1764036600000,2025-11-25 04:10:00,0.0002702,0.0002707,0.0002701,0.0002701,6616310.0
1764036900000,2025-11-25 04:15:00,0.0002701,0.0002703,0.0002698,0.0002698,1532860.0
1764037200000,2025-11-25 04:20:00,0.0002698,0.00027,0.0002691,0.0002691,996010.0
1764037500000,2025-11-25 04:25:00,0.0002691,0.0002693,0.0002684,0.0002686,3795020.0
1764037800000,2025-11-25 04:30:00,0.0002686,0.0002686,0.0002681,0.0002686,2605360.0
1764038100000,2025-11-25 04:35:00,0.0002686,0.0002686,0.0002682,0.0002682,1822740.0
1764038400000,2025-11-25 04:40:00,0.0002682,0.0002693,0.0002682,0.0002693,1247480.0
1764038700000,2025-11-25 04:45:00,0.0002693,0.0002693,0.0002691,0.0002691,507480.0
1764039000000,2025-11-25 04:50:00,0.0002691,0.0002698,0.0002691,0.0002695,76480.0
1764039300000,2025-11-25 04:55:00,0.0002695,0.0002701,0.0002695,0.0002701,181030.0
1764039600000,2025-11-25 05:00:00,0.0002701,0.0002701,0.0002695,0.0002695,92680.0
1764039900000,2025-11-25 05:05:00,0.0002695,0.0002701,0.0002695,0.0002697,1938880.0
1764040200000,2025-11-25 05:10:00,0.0002697,0.0002697,0.0002692,0.0002693,558530.0
1764040500000,2025-11-25 05:15:00,0.0002693,0.0002701,0.0002693,0.0002699,5301320.0
1764040800000,2025-11-25 05:20:00,0.0002699,0.0002707,0.0002699,0.0002705,1336220.0
1764041100000,2025-11-25 05:25:00,0.0002705,0.0002705,0.0002703,0.0002703,308390.0
1764041400000,2025-11-25 05:30:00,0.0002703,0.0002704,0.0002694,0.0002695,731630.0
1764041700000,2025-11-25 05:35:00,0.0002695,0.0002695,0.000269,0.000269,216260.0
1764042000000,2025-11-25 05:40:00,0.000269,0.0002693,0.000269,0.0002693,517320.0
1764042300000,2025-11-25 05:45:00,0.0002693,0.0002694,0.0002691,0.0002691,246270.0
1764042600000,2025-11-25 05:50:00,0.0002691,0.0002692,0.0002687,0.0002692,6722380.0
1764042900000,2025-11-25 05:55:00,0.0002692,0.0002694,0.0002692,0.0002694,255910.0
1764043200000,2025-11-25 06:00:00,0.0002694,0.0002696,0.0002691,0.0002696,10663350.0
1764043500000,2025-11-25 06:05:00,0.0002696,0.0002696,0.0002693,0.0002695,2594490.0
1764043800000,2025-11-25 06:10:00,0.0002695,0.0002697,0.0002693,0.0002697,649890.0
1764044100000,2025-11-25 06:15:00,0.0002697,0.00027,0.0002697,0.00027,4069940.0
1764044400000,2025-11-25 06:20:00,0.00027,0.0002701,0.0002687,0.0002688,1047400.0
1764044700000,2025-11-25 06:25:00,0.0002688,0.0002693,0.0002686,0.0002693,2739850.0
1764045000000,2025-11-25 06:30:00,0.0002693,0.0002703,0.0002692,0.0002703,1636470.0
1764045300000,2025-11-25 06:35:00,0.0002703,0.0002704,0.0002697,0.0002697,277740.0
1764045600000,2025-11-25 06:40:00,0.0002697,0.00027,0.0002697,0.00027,370200.0
1764045900000,2025-11-25 06:45:00,0.00027,0.00027,0.0002697,0.0002697,555000.0
1764046200000,2025-11-25 06:50:00,0.0002697,0.0002705,0.0002697,0.0002705,1408180.0
1764046500000,2025-11-25 06:55:00,0.0002705,0.0002705,0.00027,0.00027,99410.0
1764046800000,2025-11-25 07:00:00,0.00027,0.00027,0.0002698,0.0002699,3508270.0
1764047100000,2025-11-25 07:05:00,0.0002699,0.0002699,0.0002694,0.0002697,1109220.0
1764047400000,2025-11-25 07:10:00,0.0002697,0.0002698,0.0002693,0.0002693,8031570.0
1764047700000,2025-11-25 07:15:00,0.0002693,0.0002695,0.000269,0.0002695,3151670.0
1764048000000,2025-11-25 07:20:00,0.0002695,0.0002695,0.0002694,0.0002695,632830.0
1764048300000,2025-11-25 07:25:00,0.0002695,0.0002695,0.0002684,0.0002685,5025920.0
1764048600000,2025-11-25 07:30:00,0.0002685,0.0002692,0.0002685,0.0002691,556600.0
1764048900000,2025-11-25 07:35:00,0.0002691,0.0002692,0.0002691,0.0002692,54960.0
1764049200000,2025-11-25 07:40:00,0.0002692,0.0002692,0.000269,0.000269,399260.0
1764049500000,2025-11-25 07:45:00,0.000269,0.0002695,0.000269,0.0002691,1143920.0
1764049800000,2025-11-25 07:50:00,0.0002691,0.0002692,0.000269,0.000269,70970.0
1764050100000,2025-11-25 07:55:00,0.000269,0.000269,0.000269,0.000269,0.0
1764050400000,2025-11-25 08:00:00,0.000269,0.000269,0.0002683,0.0002684,1564000.0
1764050700000,2025-11-25 08:05:00,0.0002684,0.0002686,0.0002681,0.0002684,3115560.0
1764051000000,2025-11-25 08:10:00,0.0002684,0.0002684,0.0002683,0.0002683,1233090.0
1764051300000,2025-11-25 08:15:00,0.0002683,0.0002684,0.0002678,0.0002683,1002950.0
1764051600000,2025-11-25 08:20:00,0.0002683,0.0002684,0.0002681,0.0002681,605130.0
1764051900000,2025-11-25 08:25:00,0.0002681,0.0002681,0.000267,0.0002671,1380220.0
1764052200000,2025-11-25 08:30:00,0.0002671,0.0002672,0.0002664,0.000267,3001310.0
1764052500000,2025-11-25 08:35:00,0.000267,0.000267,0.0002668,0.0002668,1859670.0
1764052800000,2025-11-25 08:40:00,0.0002668,0.0002672,0.0002668,0.0002668,3048340.0
1764053100000,2025-11-25 08:45:00,0.0002668,0.0002674,0.0002668,0.0002669,3865790.0
1764053400000,2025-11-25 08:50:00,0.0002669,0.0002671,0.0002663,0.000267,4722320.0
1764053700000,2025-11-25 08:55:00,0.000267,0.0002676,0.0002669,0.0002676,4615620.0
1764054000000,2025-11-25 09:00:00,0.0002676,0.0002677,0.0002673,0.0002675,1155650.0
1764054300000,2025-11-25 09:05:00,0.0002675,0.0002682,0.0002666,0.0002682,14061540.0
1764054600000,2025-11-25 09:10:00,0.0002682,0.0002687,0.0002682,0.0002687,2861920.0
1764054900000,2025-11-25 09:15:00,0.0002687,0.0002688,0.0002683,0.0002683,2534320.0
1764055200000,2025-11-25 09:20:00,0.0002683,0.0002687,0.0002683,0.0002685,1600340.0
1764055500000,2025-11-25 09:25:00,0.0002685,0.0002685,0.0002676,0.0002679,2604090.0
1764055800000,2025-11-25 09:30:00,0.0002679,0.0002687,0.0002679,0.0002683,1842490.0
1764056100000,2025-11-25 09:35:00,0.0002683,0.0002683,0.0002677,0.0002679,169450.0
1764056400000,2025-11-25 09:40:00,0.0002679,0.000268,0.0002677,0.000268,193110.0
1764056700000,2025-11-25 09:45:00,0.000268,0.0002681,0.0002668,0.0002668,1445090.0
1764057000000,2025-11-25 09:50:00,0.0002668,0.0002671,0.0002665,0.0002669,2000020.0
1764057300000,2025-11-25 09:55:00,0.0002669,0.0002676,0.0002665,0.0002669,8066500.0
1764057600000,2025-11-25 10:00:00,0.0002669,0.0002673,0.0002668,0.0002673,1489280.0
1764057900000,2025-11-25 10:05:00,0.0002673,0.0002676,0.000267,0.0002674,847870.0
1764058200000,2025-11-25 10:10:00,0.0002674,0.0002674,0.0002667,0.0002667,524630.0
1764058500000,2025-11-25 10:15:00,0.0002667,0.0002678,0.0002667,0.0002674,1256090.0
1764058800000,2025-11-25 10:20:00,0.0002674,0.0002676,0.0002674,0.0002675,310700.0
1764059100000,2025-11-25 10:25:00,0.0002675,0.0002675,0.0002672,0.0002672,96170.0
1764059400000,2025-11-25 10:30:00,0.0002672,0.0002673,0.0002668,0.0002673,2325070.0
1764059700000,2025-11-25 10:35:00,0.0002673,0.0002673,0.0002668,0.0002669,428690.0
1764060000000,2025-11-25 10:40:00,0.0002669,0.0002673,0.0002669,0.0002673,272830.0
1764060300000,2025-11-25 10:45:00,0.0002673,0.0002674,0.0002664,0.0002664,3112490.0
1764060600000,2025-11-25 10:50:00,0.0002664,0.0002666,0.0002653,0.0002653,6187580.0
1764060900000,2025-11-25 10:55:00,0.0002653,0.0002655,0.0002648,0.0002652,957810.0
1764061200000,2025-11-25 11:00:00,0.0002652,0.0002654,0.000265,0.0002653,1168000.0
1764061500000,2025-11-25 11:05:00,0.0002653,0.0002654,0.0002653,0.0002653,404690.0
1764061800000,2025-11-25 11:10:00,0.0002653,0.0002654,0.0002645,0.0002645,753160.0
1764062100000,2025-11-25 11:15:00,0.0002645,0.0002652,0.0002643,0.0002647,1228170.0
1764062400000,2025-11-25 11:20:00,0.0002647,0.0002651,0.0002646,0.0002651,4272900.0
1764062700000,2025-11-25 11:25:00,0.0002651,0.0002651,0.0002638,0.0002639,6155340.0
1764063000000,2025-11-25 11:30:00,0.0002639,0.0002642,0.0002638,0.0002642,2803780.0
1764063300000,2025-11-25 11:35:00,0.0002642,0.0002647,0.0002641,0.0002644,2476100.0
1764063600000,2025-11-25 11:40:00,0.0002644,0.000266,0.0002643,0.0002659,5994710.0
1764063900000,2025-11-25 11:45:00,0.0002659,0.000266,0.0002652,0.0002659,1780950.0
1764064200000,2025-11-25 11:50:00,0.0002659,0.0002659,0.0002653,0.0002653,661370.0
1764064500000,2025-11-25 11:55:00,0.0002653,0.0002656,0.0002652,0.0002656,693250.0
1764064800000,2025-11-25 12:00:00,0.0002656,0.0002659,0.0002654,0.0002659,781390.0
1764065100000,2025-11-25 12:05:00,0.0002659,0.0002665,0.0002659,0.0002664,474490.0
1764065400000,2025-11-25 12:10:00,0.0002664,0.0002666,0.0002662,0.0002665,2323150.0
1764065700000,2025-11-25 12:15:00,0.0002665,0.000267,0.0002661,0.0002662,2501040.0
1764066000000,2025-11-25 12:20:00,0.0002662,0.000267,0.0002661,0.000267,2752310.0
1764066300000,2025-11-25 12:25:00,0.000267,0.0002672,0.000267,0.0002672,617680.0
1764066600000,2025-11-25 12:30:00,0.0002672,0.0002672,0.0002668,0.0002672,2224590.0
1764066900000,2025-11-25 12:35:00,0.0002672,0.0002672,0.0002668,0.0002668,217130.0
1764067200000,2025-11-25 12:40:00,0.0002668,0.000267,0.0002667,0.000267,410780.0
1764067500000,2025-11-25 12:45:00,0.000267,0.000267,0.0002668,0.000267,359170.0
1764067800000,2025-11-25 12:50:00,0.000267,0.0002674,0.000267,0.0002673,1597270.0
1764068100000,2025-11-25 12:55:00,0.0002673,0.0002674,0.0002673,0.0002674,44910.0
1764068400000,2025-11-25 13:00:00,0.0002674,0.0002674,0.0002666,0.0002666,2166710.0
1764068700000,2025-11-25 13:05:00,0.0002666,0.000267,0.0002663,0.000267,1366010.0
1764069000000,2025-11-25 13:10:00,0.000267,0.0002673,0.0002669,0.0002669,1096800.0
1764069300000,2025-11-25 13:15:00,0.0002669,0.0002672,0.0002667,0.0002667,1398420.0
1764069600000,2025-11-25 13:20:00,0.0002667,0.0002667,0.0002662,0.0002662,1443930.0
1764069900000,2025-11-25 13:25:00,0.0002662,0.0002664,0.0002661,0.0002664,388180.0
1764070200000,2025-11-25 13:30:00,0.0002664,0.0002664,0.0002659,0.0002659,438260.0
1764070500000,2025-11-25 13:35:00,0.0002659,0.0002663,0.0002659,0.0002663,301580.0
1764070800000,2025-11-25 13:40:00,0.0002663,0.0002666,0.0002661,0.0002662,245520.0
1764071100000,2025-11-25 13:45:00,0.0002662,0.0002663,0.0002659,0.000266,336740.0
1764071400000,2025-11-25 13:50:00,0.000266,0.000266,0.0002651,0.0002651,1833590.0
1764071700000,2025-11-25 13:55:00,0.0002651,0.0002651,0.0002646,0.0002646,335190.0
1764072000000,2025-11-25 14:00:00,0.0002646,0.0002653,0.0002646,0.0002652,1355980.0
1764072300000,2025-11-25 14:05:00,0.0002652,0.0002653,0.0002646,0.0002647,1368340.0
1764072600000,2025-11-25 14:10:00,0.0002647,0.0002669,0.0002646,0.0002669,1009360.0
1764072900000,2025-11-25 14:15:00,0.0002669,0.000267,0.0002661,0.0002666,561690.0
1764073200000,2025-11-25 14:20:00,0.0002666,0.0002672,0.0002665,0.0002671,1807850.0
1764073500000,2025-11-25 14:25:00,0.0002671,0.0002671,0.0002666,0.0002667,769190.0
1764073800000,2025-11-25 14:30:00,0.0002667,0.0002667,0.000266,0.000266,715170.0
1764074100000,2025-11-25 14:35:00,0.000266,0.0002661,0.0002658,0.0002658,430260.0
1764074400000,2025-11-25 14:40:00,0.0002658,0.0002673,0.0002658,0.0002672,820860.0
1764074700000,2025-11-25 14:45:00,0.0002672,0.0002672,0.0002663,0.0002663,1039860.0
1764075000000,2025-11-25 14:50:00,0.0002663,0.0002672,0.0002663,0.0002672,5702780.0
1764075300000,2025-11-25 14:55:00,0.0002672,0.0002673,0.000267,0.000267,1657480.0
1764075600000,2025-11-25 15:00:00,0.000267,0.000267,0.0002664,0.0002664,2098640.0
1764075900000,2025-11-25 15:05:00,0.0002664,0.0002664,0.0002661,0.0002663,239850.0
1764076200000,2025-11-25 15:10:00,0.0002663,0.000267,0.0002663,0.000267,780510.0
1764076500000,2025-11-25 15:15:00,0.000267,0.0002673,0.0002667,0.0002671,2674970.0
1764076800000,2025-11-25 15:20:00,0.0002671,0.0002672,0.0002668,0.000267,10528110.0
1764077100000,2025-11-25 15:25:00,0.000267,0.0002671,0.0002666,0.0002666,1805820.0
1764077400000,2025-11-25 15:30:00,0.0002666,0.0002672,0.0002666,0.000267,3029630.0
1764077700000,2025-11-25 15:35:00,0.000267,0.000267,0.0002657,0.0002657,17281880.0
1764078000000,2025-11-25 15:40:00,0.0002657,0.0002658,0.0002647,0.0002647,4807540.0
1764078300000,2025-11-25 15:45:00,0.0002647,0.0002651,0.0002645,0.0002651,843380.0
1764078600000,2025-11-25 15:50:00,0.0002651,0.0002651,0.000264,0.0002641,3337020.0
1764078900000,2025-11-25 15:55:00,0.0002641,0.0002645,0.000264,0.0002645,1744340.0
1764079200000,2025-11-25 16:00:00,0.0002645,0.0002648,0.0002643,0.0002648,3625620.0
1764079500000,2025-11-25 16:05:00,0.0002648,0.0002654,0.0002645,0.0002645,1857120.0
1764079800000,2025-11-25 16:10:00,0.0002645,0.000265,0.0002642,0.000265,2315290.0
1764080100000,2025-11-25 16:15:00,0.000265,0.0002651,0.0002645,0.000265,467800.0
1764080400000,2025-11-25 16:20:00,0.000265,0.0002659,0.000265,0.0002659,7855010.0
1764080700000,2025-11-25 16:25:00,0.0002659,0.0002664,0.0002659,0.0002661,3308060.0
1764081000000,2025-11-25 16:30:00,0.0002661,0.0002661,0.0002652,0.0002661,1866880.0
1764081300000,2025-11-25 16:35:00,0.0002661,0.0002661,0.0002653,0.0002655,1542440.0
1764081600000,2025-11-25 16:40:00,0.0002655,0.0002655,0.0002628,0.0002633,4037510.0
1764081900000,2025-11-25 16:45:00,0.0002633,0.0002634,0.0002615,0.0002615,5516460.0
1764082200000,2025-11-25 16:50:00,0.0002615,0.0002633,0.0002614,0.000263,2385220.0
1764082500000,2025-11-25 16:55:00,0.000263,0.0002644,0.000263,0.0002644,675540.0
1764082800000,2025-11-25 17:00:00,0.0002644,0.0002644,0.0002632,0.0002633,2448940.0
1764083100000,2025-11-25 17:05:00,0.0002633,0.0002654,0.0002631,0.0002654,1689930.0
1764083400000,2025-11-25 17:10:00,0.0002654,0.0002665,0.000265,0.0002653,1482510.0
1764083700000,2025-11-25 17:15:00,0.0002653,0.0002669,0.0002652,0.0002658,823460.0
1764084000000,2025-11-25 17:20:00,0.0002658,0.0002658,0.0002643,0.0002649,1214090.0
1764084300000,2025-11-25 17:25:00,0.0002649,0.000266,0.0002649,0.000266,931440.0
1764084600000,2025-11-25 17:30:00,0.000266,0.0002673,0.000266,0.0002671,1098290.0
1764084900000,2025-11-25 17:35:00,0.0002671,0.0002671,0.0002647,0.0002659,34195330.0
1764085200000,2025-11-25 17:40:00,0.0002659,0.0002667,0.0002659,0.0002667,3579500.0
1764085500000,2025-11-25 17:45:00,0.0002667,0.000267,0.0002658,0.0002658,1883300.0
1764085800000,2025-11-25 17:50:00,0.0002658,0.0002661,0.0002655,0.0002661,2262480.0
1764086100000,2025-11-25 17:55:00,0.0002661,0.0002663,0.0002658,0.0002662,748350.0
1764086400000,2025-11-25 18:00:00,0.0002662,0.0002667,0.0002657,0.0002667,6049220.0
1764086700000,2025-11-25 18:05:00,0.0002667,0.0002671,0.0002658,0.0002661,12493030.0
1764087000000,2025-11-25 18:10:00,0.0002661,0.0002668,0.0002661,0.0002664,449880.0
1764087300000,2025-11-25 18:15:00,0.0002664,0.0002688,0.0002662,0.0002678,32827000.0
1764087600000,2025-11-25 18:20:00,0.0002678,0.0002686,0.000267,0.0002681,25091140.0
1764087900000,2025-11-25 18:25:00,0.0002681,0.0002692,0.0002678,0.0002686,29304690.0
1764088200000,2025-11-25 18:30:00,0.0002686,0.0002689,0.0002679,0.0002682,5941310.0
1764088500000,2025-11-25 18:35:00,0.0002682,0.0002682,0.0002674,0.0002676,1602290.0
1764088800000,2025-11-25 18:40:00,0.0002676,0.0002679,0.0002676,0.0002677,449700.0
1764089100000,2025-11-25 18:45:00,0.0002677,0.0002681,0.0002672,0.0002679,2775110.0
1764089400000,2025-11-25 18:50:00,0.0002679,0.0002681,0.0002679,0.0002681,704720.0
1764089700000,2025-11-25 18:55:00,0.0002681,0.0002681,0.0002677,0.0002681,782500.0
1764090000000,2025-11-25 19:00:00,0.0002681,0.0002683,0.0002676,0.0002676,5025670.0
1764090300000,2025-11-25 19:05:00,0.0002676,0.0002676,0.0002668,0.0002672,1103270.0
1764090600000,2025-11-25 19:10:00,0.0002672,0.0002689,0.0002672,0.0002689,3690040.0
1764090900000,2025-11-25 19:15:00,0.0002689,0.000269,0.0002674,0.0002675,2267970.0
1764091200000,2025-11-25 19:20:00,0.0002675,0.0002687,0.0002675,0.0002682,1720830.0
1764091500000,2025-11-25 19:25:00,0.0002682,0.000269,0.0002681,0.0002683,1222480.0
1764091800000,2025-11-25 19:30:00,0.0002683,0.000269,0.0002682,0.000269,1014260.0
1764092100000,2025-11-25 19:35:00,0.000269,0.0002692,0.0002686,0.0002691,871610.0
1764092400000,2025-11-25 19:40:00,0.0002691,0.0002691,0.0002683,0.0002684,1389390.0
1764092700000,2025-11-25 19:45:00,0.0002684,0.0002688,0.0002684,0.0002684,565110.0
1764093000000,2025-11-25 19:50:00,0.0002684,0.0002686,0.0002684,0.0002684,1183200.0
1764093300000,2025-11-25 19:55:00,0.0002684,0.0002684,0.000268,0.000268,524380.0
1764093600000,2025-11-25 20:00:00,0.000268,0.0002681,0.0002675,0.0002676,10131660.0
1764093900000,2025-11-25 20:05:00,0.0002676,0.000268,0.0002676,0.0002679,1519660.0
1764094200000,2025-11-25 20:10:00,0.0002679,0.0002683,0.0002678,0.000268,468230.0
1764094500000,2025-11-25 20:15:00,0.000268,0.0002684,0.0002679,0.0002684,815060.0
1764094800000,2025-11-25 20:20:00,0.0002684,0.0002684,0.0002677,0.0002677,3579980.0
1764095100000,2025-11-25 20:25:00,0.0002677,0.0002679,0.0002675,0.0002678,586430.0
1764095400000,2025-11-25 20:30:00,0.0002678,0.0002683,0.0002678,0.0002682,4614500.0
1764095700000,2025-11-25 20:35:00,0.0002682,0.0002682,0.0002678,0.0002678,1045640.0
1764096000000,2025-11-25 20:40:00,0.0002678,0.000268,0.0002675,0.0002675,1011650.0
1764096300000,2025-11-25 20:45:00,0.0002675,0.0002675,0.0002672,0.0002673,858900.0
1764096600000,2025-11-25 20:50:00,0.0002673,0.0002673,0.0002669,0.0002672,1396210.0
1764096900000,2025-11-25 20:55:00,0.0002672,0.0002672,0.0002667,0.0002667,2952530.0
1764097200000,2025-11-25 21:00:00,0.0002667,0.0002673,0.000266,0.000266,2596040.0
1764097500000,2025-11-25 21:05:00,0.000266,0.0002662,0.0002653,0.0002653,3662120.0
1764097800000,2025-11-25 21:10:00,0.0002653,0.000266,0.0002653,0.000266,405150.0
1764098100000,2025-11-25 21:15:00,0.000266,0.000266,0.0002643,0.0002643,3341350.0
1764098400000,2025-11-25 21:20:00,0.0002643,0.0002644,0.000264,0.0002642,2714080.0
1764098700000,2025-11-25 21:25:00,0.0002642,0.0002642,0.0002634,0.0002634,4338770.0
1764099000000,2025-11-25 21:30:00,0.0002634,0.0002644,0.0002634,0.0002642,1051590.0
1764099300000,2025-11-25 21:35:00,0.0002642,0.0002642,0.0002637,0.0002639,4946160.0
1764099600000,2025-11-25 21:40:00,0.0002639,0.0002649,0.0002636,0.0002649,2444400.0
1764099900000,2025-11-25 21:45:00,0.0002649,0.000265,0.0002644,0.0002647,1393040.0
1764100200000,2025-11-25 21:50:00,0.0002647,0.0002655,0.0002645,0.0002655,1128320.0
1764100500000,2025-11-25 21:55:00,0.0002655,0.0002657,0.0002653,0.0002657,607510.0
1764100800000,2025-11-25 22:00:00,0.0002657,0.000266,0.0002657,0.0002658,1078860.0
1764101100000,2025-11-25 22:05:00,0.0002658,0.0002661,0.0002655,0.0002658,1354130.0
1764101400000,2025-11-25 22:10:00,0.0002658,0.0002659,0.0002655,0.0002658,3153590.0
1764101700000,2025-11-25 22:15:00,0.0002658,0.0002663,0.0002658,0.0002663,1917420.0
1764102000000,2025-11-25 22:20:00,0.0002663,0.000267,0.0002663,0.0002668,2826890.0
1764102300000,2025-11-25 22:25:00,0.0002668,0.0002676,0.0002668,0.0002675,541480.0
1764102600000,2025-11-25 22:30:00,0.0002675,0.0002685,0.0002675,0.0002678,5180980.0
1764102900000,2025-11-25 22:35:00,0.0002678,0.0002678,0.0002674,0.0002676,529880.0
1764103200000,2025-11-25 22:40:00,0.0002676,0.0002681,0.0002676,0.0002679,302490.0
1764103500000,2025-11-25 22:45:00,0.0002679,0.0002679,0.0002676,0.0002679,400390.0
1764103800000,2025-11-25 22:50:00,0.0002679,0.0002683,0.0002677,0.0002677,6666540.0
1764104100000,2025-11-25 22:55:00,0.0002677,0.0002678,0.0002677,0.0002677,217880.0
1764104400000,2025-11-25 23:00:00,0.0002677,0.000268,0.0002676,0.0002676,882770.0
1764104700000,2025-11-25 23:05:00,0.0002676,0.0002679,0.0002674,0.0002675,404600.0
1764105000000,2025-11-25 23:10:00,0.0002675,0.0002675,0.0002673,0.0002673,249170.0
1764105300000,2025-11-25 23:15:00,0.0002673,0.000268,0.0002673,0.0002674,314260.0
1764105600000,2025-11-25 23:20:00,0.0002674,0.0002674,0.000267,0.0002672,235160.0
1764105900000,2025-11-25 23:25:00,0.0002672,0.0002673,0.0002672,0.0002673,48260.0
1764106200000,2025-11-25 23:30:00,0.0002673,0.0002674,0.0002671,0.0002671,1474770.0
1764106500000,2025-11-25 23:35:00,0.0002671,0.0002673,0.0002671,0.0002671,276850.0
1764106800000,2025-11-25 23:40:00,0.0002671,0.0002679,0.0002671,0.0002676,7123210.0
1764107100000,2025-11-25 23:45:00,0.0002676,0.0002677,0.0002674,0.0002675,341000.0
1764107400000,2025-11-25 23:50:00,0.0002675,0.0002677,0.0002675,0.0002677,189010.0
1764107700000,2025-11-25 23:55:00,0.0002677,0.0002677,0.0002672,0.0002674,508240.0
1764108000000,2025-11-26 00:00:00,0.0002674,0.0002674,0.0002658,0.0002658,1921570.0
1764108300000,2025-11-26 00:05:00,0.0002658,0.000266,0.0002656,0.000266,439780.0
1764108600000,2025-11-26 00:10:00,0.000266,0.0002661,0.0002646,0.0002647,1829310.0
1764108900000,2025-11-26 00:15:00,0.0002647,0.0002661,0.0002647,0.000266,2695300.0
1764109200000,2025-11-26 00:20:00,0.000266,0.0002669,0.000266,0.0002667,1304620.0
1764109500000,2025-11-26 00:25:00,0.0002667,0.0002675,0.0002667,0.0002675,5306550.0
1764109800000,2025-11-26 00:30:00,0.0002675,0.0002679,0.0002674,0.0002679,1865940.0
1764110100000,2025-11-26 00:35:00,0.0002679,0.0002689,0.0002679,0.0002689,496090.0
1764110400000,2025-11-26 00:40:00,0.0002689,0.0002692,0.0002687,0.0002691,1018440.0
1764110700000,2025-11-26 00:45:00,0.0002691,0.0002691,0.0002677,0.0002679,2500720.0
1764111000000,2025-11-26 00:50:00,0.0002679,0.0002684,0.0002678,0.0002682,608900.0
1764111300000,2025-11-26 00:55:00,0.0002682,0.0002695,0.0002672,0.0002693,1862000.0
1764111600000,2025-11-26 01:00:00,0.0002693,0.0002693,0.0002681,0.0002681,1046600.0
1764111900000,2025-11-26 01:05:00,0.0002681,0.0002697,0.000268,0.0002697,270200.0
1764112200000,2025-11-26 01:10:00,0.0002697,0.0002703,0.0002697,0.0002702,915860.0
1764112500000,2025-11-26 01:15:00,0.0002702,0.0002702,0.0002693,0.0002699,1356100.0
1764112800000,2025-11-26 01:20:00,0.0002699,0.00027,0.000269,0.000269,433080.0
1764113100000,2025-11-26 01:25:00,0.000269,0.0002693,0.000269,0.0002691,995340.0
1764113400000,2025-11-26 01:30:00,0.0002691,0.0002699,0.0002691,0.0002699,360620.0
1764113700000,2025-11-26 01:35:00,0.0002699,0.0002699,0.0002691,0.0002694,342570.0
1764114000000,2025-11-26 01:40:00,0.0002694,0.0002698,0.0002694,0.0002698,204200.0
1764114300000,2025-11-26 01:45:00,0.0002698,0.0002698,0.0002692,0.0002693,169410.0
1764114600000,2025-11-26 01:50:00,0.0002693,0.0002693,0.0002692,0.0002692,10030.0
1764114900000,2025-11-26 01:55:00,0.0002692,0.0002692,0.0002691,0.0002692,1513060.0
1764115200000,2025-11-26 02:00:00,0.0002692,0.0002694,0.0002687,0.0002688,1320950.0
1764115500000,2025-11-26 02:05:00,0.0002688,0.0002689,0.0002683,0.0002683,1234480.0
1764115800000,2025-11-26 02:10:00,0.0002683,0.0002688,0.0002683,0.0002688,192390.0
1764116100000,2025-11-26 02:15:00,0.0002688,0.000269,0.0002682,0.0002682,1075260.0
1764116400000,2025-11-26 02:20:00,0.0002682,0.0002688,0.0002682,0.0002688,1855400.0
1764116700000,2025-11-26 02:25:00,0.0002688,0.0002688,0.0002679,0.0002681,196490.0
1764117000000,2025-11-26 02:30:00,0.0002681,0.0002685,0.000268,0.0002682,584560.0
1764117300000,2025-11-26 02:35:00,0.0002682,0.0002684,0.0002681,0.0002681,197790.0
1764117600000,2025-11-26 02:40:00,0.0002681,0.0002692,0.0002677,0.0002687,20691710.0
1764117900000,2025-11-26 02:45:00,0.0002687,0.0002688,0.0002685,0.0002687,4233010.0
1764118200000,2025-11-26 02:50:00,0.0002687,0.0002688,0.0002683,0.0002683,806610.0
1764118500000,2025-11-26 02:55:00,0.0002683,0.0002683,0.000268,0.0002682,645700.0
1764118800000,2025-11-26 03:00:00,0.0002682,0.0002683,0.0002677,0.0002677,3281970.0
1764119100000,2025-11-26 03:05:00,0.0002677,0.0002679,0.0002674,0.0002675,2389210.0
1764119400000,2025-11-26 03:10:00,0.0002675,0.0002675,0.0002673,0.0002674,4917850.0
1764119700000,2025-11-26 03:15:00,0.0002674,0.0002689,0.0002674,0.0002686,1334870.0
1764120000000,2025-11-26 03:20:00,0.0002686,0.0002686,0.000268,0.0002683,1745990.0
1764120300000,2025-11-26 03:25:00,0.0002683,0.000269,0.0002682,0.0002686,744580.0
1764120600000,2025-11-26 03:30:00,0.0002686,0.0002691,0.0002685,0.0002691,1165080.0
1764120900000,2025-11-26 03:35:00,0.0002691,0.0002694,0.0002671,0.0002678,10565840.0
1764121200000,2025-11-26 03:40:00,0.0002678,0.0002691,0.0002677,0.000268,5073570.0
1764121500000,2025-11-26 03:45:00,0.000268,0.0002683,0.0002678,0.0002681,1120590.0
1764121800000,2025-11-26 03:50:00,0.0002681,0.0002681,0.0002678,0.0002679,501930.0
1764122100000,2025-11-26 03:55:00,0.0002679,0.0002682,0.0002678,0.0002682,528010.0
1764122400000,2025-11-26 04:00:00,0.0002682,0.0002688,0.0002679,0.0002688,2696470.0
1764122700000,2025-11-26 04:05:00,0.0002688,0.0002703,0.0002683,0.0002691,12279110.0
1764123000000,2025-11-26 04:10:00,0.0002691,0.0002699,0.0002685,0.0002685,10187820.0
1764123300000,2025-11-26 04:15:00,0.0002685,0.0002688,0.0002677,0.0002679,1937740.0
1764123600000,2025-11-26 04:20:00,0.0002679,0.0002683,0.0002664,0.0002664,7480870.0
1764123900000,2025-11-26 04:25:00,0.0002664,0.0002667,0.0002664,0.0002664,1308230.0
1764124200000,2025-11-26 04:30:00,0.0002664,0.0002668,0.000266,0.0002663,5294060.0
1764124500000,2025-11-26 04:35:00,0.0002663,0.0002663,0.0002655,0.000266,12622290.0
1764124800000,2025-11-26 04:40:00,0.000266,0.000267,0.0002657,0.0002663,14290290.0
1764125100000,2025-11-26 04:45:00,0.0002663,0.0002668,0.000266,0.0002661,5881430.0
1764125400000,2025-11-26 04:50:00,0.0002661,0.0002678,0.0002661,0.0002672,9982180.0
1764125700000,2025-11-26 04:55:00,0.0002672,0.0002682,0.0002669,0.0002677,1487310.0
1764126000000,2025-11-26 05:00:00,0.0002677,0.0002683,0.0002672,0.0002681,3140120.0
1764126300000,2025-11-26 05:05:00,0.0002681,0.0002685,0.000268,0.0002684,1472300.0
1764126600000,2025-11-26 05:10:00,0.0002684,0.0002688,0.0002682,0.0002683,1662880.0
1764126900000,2025-11-26 05:15:00,0.0002683,0.0002683,0.0002683,0.0002683,0.0
1764127200000,2025-11-26 05:20:00,0.0002683,0.0002685,0.0002683,0.0002684,1109510.0
1764127500000,2025-11-26 05:25:00,0.0002684,0.0002687,0.0002684,0.0002686,3980070.0
1764127800000,2025-11-26 05:30:00,0.0002686,0.000269,0.0002683,0.0002683,7348250.0
1764128100000,2025-11-26 05:35:00,0.0002683,0.0002689,0.0002683,0.0002688,865520.0
1764128400000,2025-11-26 05:40:00,0.0002688,0.000269,0.0002688,0.0002689,447090.0
1764128700000,2025-11-26 05:45:00,0.0002689,0.0002689,0.000268,0.0002681,507370.0
1764129000000,2025-11-26 05:50:00,0.0002681,0.0002685,0.000268,0.000268,940280.0
1764129300000,2025-11-26 05:55:00,0.000268,0.000268,0.0002679,0.0002679,601930.0
1764129600000,2025-11-26 06:00:00,0.0002679,0.0002682,0.0002675,0.0002675,5229410.0
1764129900000,2025-11-26 06:05:00,0.0002675,0.0002676,0.000267,0.0002675,866700.0
1764130200000,2025-11-26 06:10:00,0.0002675,0.0002675,0.0002664,0.0002664,899040.0
1764130500000,2025-11-26 06:15:00,0.0002664,0.000267,0.0002664,0.000267,361580.0
1764130800000,2025-11-26 06:20:00,0.000267,0.0002672,0.000267,0.0002672,64870.0
1764131100000,2025-11-26 06:25:00,0.0002672,0.0002672,0.0002665,0.0002666,135560.0
1764131400000,2025-11-26 06:30:00,0.0002666,0.0002668,0.0002663,0.0002668,258720.0
1764131700000,2025-11-26 06:35:00,0.0002668,0.0002669,0.0002668,0.0002669,306300.0
1764132000000,2025-11-26 06:40:00,0.0002669,0.0002671,0.0002669,0.0002669,67290.0
1764132300000,2025-11-26 06:45:00,0.0002669,0.0002669,0.0002666,0.0002666,193740.0
1764132600000,2025-11-26 06:50:00,0.0002666,0.0002666,0.0002663,0.0002665,122180.0
1764132900000,2025-11-26 06:55:00,0.0002665,0.0002665,0.0002665,0.0002665,0.0
1764133200000,2025-11-26 07:00:00,0.0002665,0.0002665,0.0002663,0.0002665,663030.0
1764133500000,2025-11-26 07:05:00,0.0002665,0.0002668,0.0002664,0.0002666,169020.0
1764133800000,2025-11-26 07:10:00,0.0002666,0.0002667,0.0002666,0.0002667,42740.0
1764134100000,2025-11-26 07:15:00,0.0002667,0.0002671,0.0002663,0.0002671,549960.0
1764134400000,2025-11-26 07:20:00,0.0002671,0.0002675,0.0002662,0.0002663,488580.0
1764134700000,2025-11-26 07:25:00,0.0002663,0.0002667,0.0002663,0.0002667,809440.0
1764135000000,2025-11-26 07:30:00,0.0002667,0.0002677,0.0002667,0.0002677,2433760.0
1764135300000,2025-11-26 07:35:00,0.0002677,0.000268,0.0002677,0.0002679,326190.0
1764135600000,2025-11-26 07:40:00,0.0002679,0.000268,0.0002679,0.0002679,313140.0
1764135900000,2025-11-26 07:45:00,0.0002679,0.000269,0.0002677,0.0002687,6895860.0
1764136200000,2025-11-26 07:50:00,0.0002687,0.0002687,0.0002683,0.0002684,8253520.0
1764136500000,2025-11-26 07:55:00,0.0002684,0.0002689,0.0002684,0.0002685,8064970.0
1764136800000,2025-11-26 08:00:00,0.0002685,0.0002686,0.0002678,0.000268,1434420.0
1764137100000,2025-11-26 08:05:00,0.000268,0.0002683,0.0002676,0.0002677,941810.0
1764137400000,2025-11-26 08:10:00,0.0002677,0.0002679,0.0002672,0.0002675,1235310.0
1764137700000,2025-11-26 08:15:00,0.0002675,0.0002675,0.0002667,0.0002669,1617960.0
1764138000000,2025-11-26 08:20:00,0.0002669,0.0002672,0.0002668,0.0002669,1119640.0
1764138300000,2025-11-26 08:25:00,0.0002669,0.0002671,0.0002669,0.0002671,6211560.0
1764138600000,2025-11-26 08:30:00,0.0002671,0.0002671,0.0002668,0.000267,450290.0
1764138900000,2025-11-26 08:35:00,0.000267,0.0002677,0.000267,0.0002674,2849270.0
1764139200000,2025-11-26 08:40:00,0.0002674,0.0002675,0.0002674,0.0002675,152070.0
1764139500000,2025-11-26 08:45:00,0.0002675,0.0002676,0.0002673,0.0002673,608060.0
1764139800000,2025-11-26 08:50:00,0.0002673,0.0002683,0.0002673,0.0002683,145940.0
1764140100000,2025-11-26 08:55:00,0.0002683,0.0002683,0.0002678,0.0002678,219120.0
1764140400000,2025-11-26 09:00:00,0.0002678,0.0002678,0.0002672,0.0002673,1436330.0
1764140700000,2025-11-26 09:05:00,0.0002673,0.0002673,0.0002671,0.0002673,2080540.0
1764141000000,2025-11-26 09:10:00,0.0002673,0.0002676,0.0002673,0.0002675,837870.0
1764141300000,2025-11-26 09:15:00,0.0002675,0.0002675,0.0002671,0.0002673,433470.0
1764141600000,2025-11-26 09:20:00,0.0002673,0.0002673,0.0002673,0.0002673,36930.0
1764141900000,2025-11-26 09:25:00,0.0002673,0.0002678,0.0002673,0.0002678,486480.0
1764142200000,2025-11-26 09:30:00,0.0002678,0.000268,0.0002677,0.000268,402410.0
1764142500000,2025-11-26 09:35:00,0.000268,0.000268,0.0002678,0.0002678,83100.0
1764142800000,2025-11-26 09:40:00,0.0002678,0.0002678,0.0002676,0.0002676,64090.0
1764143100000,2025-11-26 09:45:00,0.0002676,0.0002682,0.0002674,0.0002681,1037220.0
1764143400000,2025-11-26 09:50:00,0.0002681,0.0002681,0.0002678,0.0002681,560060.0
1764143700000,2025-11-26 09:55:00,0.0002681,0.0002686,0.0002681,0.0002685,563090.0
1764144000000,2025-11-26 10:00:00,0.0002685,0.0002686,0.0002682,0.0002684,1165780.0
1764144300000,2025-11-26 10:05:00,0.0002684,0.0002684,0.0002683,0.0002683,1074000.0
1764144600000,2025-11-26 10:10:00,0.0002683,0.0002683,0.000268,0.000268,1188320.0
1764144900000,2025-11-26 10:15:00,0.000268,0.000268,0.0002674,0.0002674,7635830.0
1764145200000,2025-11-26 10:20:00,0.0002674,0.0002674,0.0002666,0.000267,3896680.0
1764145500000,2025-11-26 10:25:00,0.000267,0.000267,0.000267,0.000267,44080.0
1764145800000,2025-11-26 10:30:00,0.000267,0.000267,0.0002668,0.0002669,92320.0
1764146100000,2025-11-26 10:35:00,0.0002669,0.000267,0.0002664,0.000267,5098310.0
1764146400000,2025-11-26 10:40:00,0.000267,0.000267,0.000267,0.000267,294280.0
1764146700000,2025-11-26 10:45:00,0.000267,0.000267,0.0002668,0.000267,352990.0
1764147000000,2025-11-26 10:50:00,0.000267,0.000267,0.0002665,0.0002665,154700.0
1764147300000,2025-11-26 10:55:00,0.0002665,0.0002665,0.0002661,0.0002663,158860.0
1764147600000,2025-11-26 11:00:00,0.0002663,0.0002668,0.0002663,0.0002666,1197020.0
1764147900000,2025-11-26 11:05:00,0.0002666,0.0002667,0.000266,0.0002664,1660070.0
1764148200000,2025-11-26 11:10:00,0.0002664,0.0002672,0.0002663,0.0002669,4385260.0
1764148500000,2025-11-26 11:15:00,0.0002669,0.0002669,0.0002663,0.0002669,2389770.0
1764148800000,2025-11-26 11:20:00,0.0002669,0.000267,0.0002666,0.000267,537840.0
1764149100000,2025-11-26 11:25:00,0.000267,0.0002671,0.0002668,0.000267,808030.0
1764149400000,2025-11-26 11:30:00,0.000267,0.000267,0.0002666,0.0002666,345030.0
1764149700000,2025-11-26 11:35:00,0.0002666,0.0002666,0.0002662,0.0002666,1504360.0
1764150000000,2025-11-26 11:40:00,0.0002666,0.000267,0.0002666,0.0002669,41420.0
1764150300000,2025-11-26 11:45:00,0.0002669,0.0002669,0.0002661,0.0002661,478770.0
1764150600000,2025-11-26 11:50:00,0.0002661,0.0002661,0.0002661,0.0002661,270560.0
1764150900000,2025-11-26 11:55:00,0.0002661,0.0002662,0.000266,0.0002662,147120.0
1764151200000,2025-11-26 12:00:00,0.0002662,0.0002671,0.0002662,0.0002671,867990.0
1764151500000,2025-11-26 12:05:00,0.0002671,0.0002671,0.0002666,0.0002666,1652440.0
1764151800000,2025-11-26 12:10:00,0.0002666,0.0002668,0.0002665,0.0002665,900870.0
1764152100000,2025-11-26 12:15:00,0.0002665,0.0002665,0.0002662,0.0002664,2343730.0
1764152400000,2025-11-26 12:20:00,0.0002664,0.0002664,0.0002659,0.000266,1495640.0
1764152700000,2025-11-26 12:25:00,0.000266,0.0002662,0.000266,0.0002662,237290.0
1764153000000,2025-11-26 12:30:00,0.0002662,0.0002662,0.0002659,0.0002659,129070.0
1764153300000,2025-11-26 12:35:00,0.0002659,0.0002659,0.0002656,0.0002657,449940.0
1764153600000,2025-11-26 12:40:00,0.0002657,0.0002665,0.0002657,0.000266,566730.0
1764153900000,2025-11-26 12:45:00,0.000266,0.000266,0.0002656,0.0002659,824550.0
1764154200000,2025-11-26 12:50:00,0.0002659,0.0002662,0.0002659,0.0002662,26480.0
1764154500000,2025-11-26 12:55:00,0.0002662,0.0002663,0.0002662,0.0002663,239880.0
1764154800000,2025-11-26 13:00:00,0.0002663,0.0002663,0.0002654,0.0002658,2711540.0
1764155100000,2025-11-26 13:05:00,0.0002658,0.0002663,0.0002658,0.0002663,3955660.0
1764155400000,2025-11-26 13:10:00,0.0002663,0.0002666,0.0002662,0.0002666,32940.0
1764155700000,2025-11-26 13:15:00,0.0002666,0.0002666,0.0002665,0.0002665,82160.0
1764156000000,2025-11-26 13:20:00,0.0002665,0.0002665,0.0002662,0.0002662,193690.0
1764156300000,2025-11-26 13:25:00,0.0002662,0.0002662,0.0002662,0.0002662,69740.0
1764156600000,2025-11-26 13:30:00,0.0002662,0.0002662,0.0002657,0.0002657,359840.0
1764156900000,2025-11-26 13:35:00,0.0002657,0.000266,0.0002657,0.0002658,3140580.0
1764157200000,2025-11-26 13:40:00,0.0002658,0.0002663,0.0002658,0.0002662,4191130.0
1764157500000,2025-11-26 13:45:00,0.0002662,0.0002662,0.0002654,0.0002654,2250780.0
1764157800000,2025-11-26 13:50:00,0.0002654,0.0002656,0.0002654,0.0002656,484130.0
1764158100000,2025-11-26 13:55:00,0.0002656,0.0002656,0.0002655,0.0002655,261360.0
1764158400000,2025-11-26 14:00:00,0.0002655,0.000266,0.0002641,0.0002643,11257960.0
1764158700000,2025-11-26 14:05:00,0.0002643,0.0002643,0.0002636,0.0002641,2660640.0
1764159000000,2025-11-26 14:10:00,0.0002641,0.0002645,0.0002641,0.0002644,857600.0
1764159300000,2025-11-26 14:15:00,0.0002644,0.0002645,0.000264,0.0002641,347560.0
1764159600000,2025-11-26 14:20:00,0.0002641,0.0002645,0.0002637,0.0002645,1487290.0
1764159900000,2025-11-26 14:25:00,0.0002645,0.0002648,0.0002643,0.0002644,427160.0
1764160200000,2025-11-26 14:30:00,0.0002644,0.0002649,0.0002644,0.0002649,26000.0
1764160500000,2025-11-26 14:35:00,0.0002649,0.0002652,0.0002648,0.0002651,87120.0
1764160800000,2025-11-26 14:40:00,0.0002651,0.0002654,0.000265,0.000265,189200.0
1764161100000,2025-11-26 14:45:00,0.000265,0.0002653,0.000265,0.0002651,278770.0
1764161400000,2025-11-26 14:50:00,0.0002651,0.0002652,0.0002651,0.0002652,166030.0
1764161700000,2025-11-26 14:55:00,0.0002652,0.0002652,0.0002652,0.0002652,0.0
1764162000000,2025-11-26 15:00:00,0.0002652,0.0002652,0.0002649,0.000265,1783740.0
1764162300000,2025-11-26 15:05:00,0.000265,0.0002654,0.000265,0.0002654,563560.0
1764162600000,2025-11-26 15:10:00,0.0002654,0.0002654,0.0002652,0.0002654,354630.0
1764162900000,2025-11-26 15:15:00,0.0002654,0.0002661,0.0002654,0.0002661,102870.0
1764163200000,2025-11-26 15:20:00,0.0002661,0.0002661,0.000265,0.0002659,15268100.0
1764163500000,2025-11-26 15:25:00,0.0002659,0.0002661,0.0002659,0.0002661,202670.0
1764163800000,2025-11-26 15:30:00,0.0002661,0.0002661,0.0002652,0.0002653,2263460.0
1764164100000,2025-11-26 15:35:00,0.0002653,0.0002661,0.000265,0.0002661,2587270.0
1764164400000,2025-11-26 15:40:00,0.0002661,0.0002668,0.000266,0.0002662,1587570.0
1764164700000,2025-11-26 15:45:00,0.0002662,0.0002662,0.0002662,0.0002662,0.0
1764165000000,2025-11-26 15:50:00,0.0002662,0.0002668,0.0002662,0.0002664,2763130.0
1764165300000,2025-11-26 15:55:00,0.0002664,0.0002669,0.0002664,0.0002668,1264620.0
1764165600000,2025-11-26 16:00:00,0.0002668,0.0002671,0.0002663,0.0002671,1827440.0
1764165900000,2025-11-26 16:05:00,0.0002671,0.0002676,0.0002671,0.0002675,1475460.0
1764166200000,2025-11-26 16:10:00,0.0002675,0.0002685,0.0002671,0.0002684,1969010.0
1764166500000,2025-11-26 16:15:00,0.0002684,0.0002684,0.0002674,0.0002675,5091640.0
1764166800000,2025-11-26 16:20:00,0.0002675,0.0002675,0.0002672,0.0002675,165910.0
1764167100000,2025-11-26 16:25:00,0.0002675,0.0002675,0.0002671,0.0002674,1665610.0
1764167400000,2025-11-26 16:30:00,0.0002674,0.0002677,0.0002671,0.0002672,4052380.0
1764167700000,2025-11-26 16:35:00,0.0002672,0.0002681,0.0002672,0.0002679,3297580.0
1764168000000,2025-11-26 16:40:00,0.0002679,0.000269,0.0002679,0.0002682,1623450.0
1764168300000,2025-11-26 16:45:00,0.0002682,0.0002694,0.0002682,0.0002694,334450.0
1764168600000,2025-11-26 16:50:00,0.0002694,0.0002695,0.0002671,0.0002671,2932910.0
1764168900000,2025-11-26 16:55:00,0.0002671,0.0002672,0.000266,0.0002662,8431930.0
1764169200000,2025-11-26 17:00:00,0.0002662,0.0002672,0.0002661,0.0002671,2317800.0
1764169500000,2025-11-26 17:05:00,0.0002671,0.0002675,0.0002668,0.0002672,515310.0
1764169800000,2025-11-26 17:10:00,0.0002672,0.0002673,0.0002666,0.000267,436450.0
1764170100000,2025-11-26 17:15:00,0.000267,0.0002673,0.0002662,0.0002666,1625700.0
1764170400000,2025-11-26 17:20:00,0.0002666,0.0002666,0.0002659,0.0002659,325780.0
1764170700000,2025-11-26 17:25:00,0.0002659,0.0002676,0.0002659,0.0002675,1722530.0
1764171000000,2025-11-26 17:30:00,0.0002675,0.0002676,0.0002664,0.0002664,1267900.0
1764171300000,2025-11-26 17:35:00,0.0002664,0.0002668,0.000266,0.000266,515280.0
1764171600000,2025-11-26 17:40:00,0.000266,0.0002664,0.0002656,0.0002656,193170.0
1764171900000,2025-11-26 17:45:00,0.0002656,0.0002656,0.000265,0.000265,502380.0
1764172200000,2025-11-26 17:50:00,0.000265,0.0002657,0.0002649,0.0002657,88360.0
1764172500000,2025-11-26 17:55:00,0.0002657,0.000266,0.0002654,0.000266,161660.0
1764172800000,2025-11-26 18:00:00,0.000266,0.0002665,0.0002659,0.0002665,1931630.0
1764173100000,2025-11-26 18:05:00,0.0002665,0.0002669,0.0002658,0.000266,4268110.0
1764173400000,2025-11-26 18:10:00,0.000266,0.0002671,0.000266,0.0002671,528550.0
1764173700000,2025-11-26 18:15:00,0.0002671,0.0002681,0.0002669,0.0002669,924880.0
1764174000000,2025-11-26 18:20:00,0.0002669,0.0002677,0.0002669,0.0002677,1410030.0
1764174300000,2025-11-26 18:25:00,0.0002677,0.0002678,0.0002674,0.0002674,412450.0
1764174600000,2025-11-26 18:30:00,0.0002674,0.0002677,0.000267,0.0002677,657110.0
1764174900000,2025-11-26 18:35:00,0.0002677,0.0002686,0.0002677,0.0002683,1719490.0
1764175200000,2025-11-26 18:40:00,0.0002683,0.0002684,0.0002672,0.0002676,4673230.0
1764175500000,2025-11-26 18:45:00,0.0002676,0.0002678,0.0002672,0.0002672,855780.0
1764175800000,2025-11-26 18:50:00,0.0002672,0.0002673,0.000267,0.0002671,460210.0
1764176100000,2025-11-26 18:55:00,0.0002671,0.0002677,0.0002671,0.0002677,479870.0
1764176400000,2025-11-26 19:00:00,0.0002677,0.0002682,0.0002677,0.0002678,2361280.0
1764176700000,2025-11-26 19:05:00,0.0002678,0.0002691,0.0002678,0.0002683,8087930.0
1764177000000,2025-11-26 19:10:00,0.0002683,0.0002688,0.0002677,0.0002677,3801170.0
1764177300000,2025-11-26 19:15:00,0.0002677,0.0002678,0.0002673,0.0002673,1286380.0
1764177600000,2025-11-26 19:20:00,0.0002673,0.0002682,0.000267,0.0002682,6816460.0
1764177900000,2025-11-26 19:25:00,0.0002682,0.0002707,0.0002682,0.0002698,7534210.0
1764178200000,2025-11-26 19:30:00,0.0002698,0.0002707,0.0002693,0.0002705,5508950.0
1764178500000,2025-11-26 19:35:00,0.0002705,0.0002708,0.0002702,0.0002702,4474210.0
1764178800000,2025-11-26 19:40:00,0.0002702,0.0002706,0.0002701,0.0002705,814160.0
1764179100000,2025-11-26 19:45:00,0.0002705,0.0002709,0.0002701,0.0002703,9063660.0
1764179400000,2025-11-26 19:50:00,0.0002703,0.0002703,0.0002699,0.0002699,3066300.0
1764179700000,2025-11-26 19:55:00,0.0002699,0.0002706,0.0002699,0.0002703,776070.0
1764180000000,2025-11-26 20:00:00,0.0002703,0.0002714,0.0002703,0.0002709,24384810.0
1764180300000,2025-11-26 20:05:00,0.0002709,0.0002717,0.0002699,0.0002702,9253220.0
1764180600000,2025-11-26 20:10:00,0.0002702,0.000271,0.00027,0.000271,2690400.0
1764180900000,2025-11-26 20:15:00,0.000271,0.0002715,0.000271,0.0002712,7171270.0
1764181200000,2025-11-26 20:20:00,0.0002712,0.0002716,0.000271,0.0002711,2781560.0
1764181500000,2025-11-26 20:25:00,0.0002711,0.0002714,0.0002711,0.0002713,3914760.0
1764181800000,2025-11-26 20:30:00,0.0002713,0.0002715,0.0002709,0.0002709,4220060.0
1764182100000,2025-11-26 20:35:00,0.0002709,0.0002713,0.0002707,0.0002707,4626950.0
1764182400000,2025-11-26 20:40:00,0.0002707,0.0002712,0.0002707,0.0002708,1720830.0
1764182700000,2025-11-26 20:45:00,0.0002708,0.0002713,0.0002707,0.0002713,430910.0
1764183000000,2025-11-26 20:50:00,0.0002713,0.0002713,0.0002709,0.000271,7978920.0
1764183300000,2025-11-26 20:55:00,0.000271,0.0002712,0.000271,0.0002712,903670.0
1764183600000,2025-11-26 21:00:00,0.0002712,0.0002714,0.0002711,0.0002713,2005510.0
1764183900000,2025-11-26 21:05:00,0.0002713,0.0002716,0.0002712,0.0002713,928860.0
1764184200000,2025-11-26 21:10:00,0.0002713,0.0002713,0.0002707,0.0002708,5079630.0
1764184500000,2025-11-26 21:15:00,0.0002708,0.000271,0.0002708,0.000271,53210.0
1764184800000,2025-11-26 21:20:00,0.000271,0.0002714,0.0002709,0.0002709,439030.0
1764185100000,2025-11-26 21:25:00,0.0002709,0.000271,0.0002709,0.000271,67090.0
1764185400000,2025-11-26 21:30:00,0.000271,0.0002711,0.0002704,0.0002709,1664310.0
1764185700000,2025-11-26 21:35:00,0.0002709,0.000271,0.0002705,0.0002709,1909260.0
1764186000000,2025-11-26 21:40:00,0.0002709,0.0002711,0.0002709,0.000271,1052810.0
1764186300000,2025-11-26 21:45:00,0.000271,0.000271,0.0002703,0.0002703,55620.0
1764186600000,2025-11-26 21:50:00,0.0002703,0.0002709,0.0002703,0.0002707,3724810.0
1764186900000,2025-11-26 21:55:00,0.0002707,0.0002707,0.0002707,0.0002707,216340.0
1764187200000,2025-11-26 22:00:00,0.0002707,0.0002707,0.0002703,0.0002703,1493330.0
1764187500000,2025-11-26 22:05:00,0.0002703,0.0002704,0.0002693,0.0002694,3266940.0
1764187800000,2025-11-26 22:10:00,0.0002694,0.0002706,0.0002694,0.0002705,139120.0
1764188100000,2025-11-26 22:15:00,0.0002705,0.0002705,0.00027,0.0002702,1145220.0
1764188400000,2025-11-26 22:20:00,0.0002702,0.0002702,0.0002699,0.00027,395750.0
1764188700000,2025-11-26 22:25:00,0.00027,0.0002704,0.00027,0.0002701,179320.0
1764189000000,2025-11-26 22:30:00,0.0002701,0.0002704,0.00027,0.00027,196020.0
1764189300000,2025-11-26 22:35:00,0.00027,0.0002704,0.00027,0.0002704,861770.0
1764189600000,2025-11-26 22:40:00,0.0002704,0.0002705,0.0002701,0.0002701,186610.0
1764189900000,2025-11-26 22:45:00,0.0002701,0.0002701,0.0002699,0.0002699,157580.0
1764190200000,2025-11-26 22:50:00,0.0002699,0.0002706,0.0002699,0.0002705,321740.0
1764190500000,2025-11-26 22:55:00,0.0002705,0.0002705,0.0002704,0.0002705,1174950.0
1764190800000,2025-11-26 23:00:00,0.0002705,0.0002705,0.0002705,0.0002705,1852460.0
1764191100000,2025-11-26 23:05:00,0.0002705,0.0002705,0.0002698,0.0002698,6900750.0
1764191400000,2025-11-26 23:10:00,0.0002698,0.0002698,0.0002693,0.0002693,15251640.0
1764191700000,2025-11-26 23:15:00,0.0002693,0.0002695,0.0002691,0.0002691,5582420.0
1764192000000,2025-11-26 23:20:00,0.0002691,0.0002695,0.000269,0.0002695,4728730.0
1764192300000,2025-11-26 23:25:00,0.0002695,0.0002709,0.0002695,0.0002709,1620160.0
1764192600000,2025-11-26 23:30:00,0.0002709,0.0002709,0.0002704,0.0002704,786280.0
1764192900000,2025-11-26 23:35:00,0.0002704,0.0002704,0.0002703,0.0002704,734810.0
1764193200000,2025-11-26 23:40:00,0.0002704,0.0002706,0.0002704,0.0002704,851400.0
1764193500000,2025-11-26 23:45:00,0.0002704,0.0002709,0.0002704,0.0002707,996860.0
1764193800000,2025-11-26 23:50:00,0.0002707,0.0002707,0.0002705,0.0002705,301310.0
1764194100000,2025-11-26 23:55:00,0.0002705,0.0002705,0.0002697,0.0002697,2305310.0
1764194400000,2025-11-27 00:00:00,0.0002697,0.0002701,0.0002697,0.0002697,1927970.0
1764194700000,2025-11-27 00:05:00,0.0002697,0.0002701,0.0002697,0.0002701,833030.0
1764195000000,2025-11-27 00:10:00,0.0002701,0.0002705,0.00027,0.00027,1331030.0
1764195300000,2025-11-27 00:15:00,0.00027,0.00027,0.0002699,0.00027,109270.0
1764195600000,2025-11-27 00:20:00,0.00027,0.0002707,0.0002696,0.0002696,3774230.0
1764195900000,2025-11-27 00:25:00,0.0002696,0.0002697,0.0002695,0.0002696,138280.0
1764196200000,2025-11-27 00:30:00,0.0002696,0.0002705,0.0002696,0.0002702,4963470.0
1764196500000,2025-11-27 00:35:00,0.0002702,0.0002705,0.0002701,0.0002701,231230.0
1764196800000,2025-11-27 00:40:00,0.0002701,0.0002701,0.0002694,0.0002694,2032860.0
1764197100000,2025-11-27 00:45:00,0.0002694,0.0002697,0.0002694,0.0002694,2011200.0
1764197400000,2025-11-27 00:50:00,0.0002694,0.0002698,0.0002694,0.0002697,134610.0
1764197700000,2025-11-27 00:55:00,0.0002697,0.0002702,0.0002697,0.00027,469090.0
1764198000000,2025-11-27 01:00:00,0.00027,0.0002707,0.00027,0.0002707,2112360.0
1764198300000,2025-11-27 01:05:00,0.0002707,0.000271,0.0002707,0.0002708,1974150.0
1764198600000,2025-11-27 01:10:00,0.0002708,0.000271,0.0002707,0.0002707,158250.0
1764198900000,2025-11-27 01:15:00,0.0002707,0.0002708,0.0002705,0.0002705,429730.0
1764199200000,2025-11-27 01:20:00,0.0002705,0.0002717,0.0002704,0.0002717,7777740.0
1764199500000,2025-11-27 01:25:00,0.0002717,0.0002719,0.0002712,0.0002712,6205850.0
1764199800000,2025-11-27 01:30:00,0.0002712,0.0002717,0.0002711,0.0002717,1398240.0
1764200100000,2025-11-27 01:35:00,0.0002717,0.0002718,0.0002716,0.0002716,1407980.0
1764200400000,2025-11-27 01:40:00,0.0002716,0.0002719,0.0002716,0.0002716,333980.0
1764200700000,2025-11-27 01:45:00,0.0002716,0.0002717,0.0002713,0.0002717,882070.0
1764201000000,2025-11-27 01:50:00,0.0002717,0.0002717,0.0002714,0.0002715,1079120.0
1764201300000,2025-11-27 01:55:00,0.0002715,0.0002715,0.000271,0.0002713,1056410.0
1764201600000,2025-11-27 02:00:00,0.0002713,0.0002713,0.0002708,0.000271,1191800.0
1764201900000,2025-11-27 02:05:00,0.000271,0.0002715,0.0002705,0.0002711,1943630.0
1764202200000,2025-11-27 02:10:00,0.0002711,0.0002711,0.00027,0.00027,1491640.0
1764202500000,2025-11-27 02:15:00,0.00027,0.0002705,0.00027,0.0002704,3411820.0
1764202800000,2025-11-27 02:20:00,0.0002704,0.0002704,0.0002699,0.0002699,634080.0
1764203100000,2025-11-27 02:25:00,0.0002699,0.0002699,0.0002698,0.0002699,3711310.0
1764203400000,2025-11-27 02:30:00,0.0002699,0.0002699,0.0002694,0.0002695,2013290.0
1764203700000,2025-11-27 02:35:00,0.0002695,0.0002695,0.000269,0.000269,2431090.0
1764204000000,2025-11-27 02:40:00,0.000269,0.0002694,0.0002688,0.0002689,5029510.0
1764204300000,2025-11-27 02:45:00,0.0002689,0.0002709,0.0002688,0.0002708,9880480.0
1764204600000,2025-11-27 02:50:00,0.0002708,0.0002708,0.0002698,0.0002699,1875900.0
1764204900000,2025-11-27 02:55:00,0.0002699,0.0002703,0.0002699,0.0002699,171580.0
1764205200000,2025-11-27 03:00:00,0.0002699,0.0002705,0.0002696,0.0002705,2897410.0
1764205500000,2025-11-27 03:05:00,0.0002705,0.000271,0.0002705,0.0002707,2185580.0
1764205800000,2025-11-27 03:10:00,0.0002707,0.0002707,0.0002698,0.00027,679680.0
1764206100000,2025-11-27 03:15:00,0.00027,0.0002712,0.00027,0.0002711,1702020.0
1764206400000,2025-11-27 03:20:00,0.0002711,0.0002711,0.0002706,0.0002706,83230.0
1764206700000,2025-11-27 03:25:00,0.0002706,0.0002709,0.0002703,0.0002709,1006980.0
1764207000000,2025-11-27 03:30:00,0.0002709,0.000271,0.0002704,0.000271,78580.0
1764207300000,2025-11-27 03:35:00,0.000271,0.0002711,0.0002709,0.000271,1587750.0
1764207600000,2025-11-27 03:40:00,0.000271,0.0002712,0.000271,0.0002712,354550.0
1764207900000,2025-11-27 03:45:00,0.0002712,0.0002712,0.000271,0.0002711,1089020.0
1764208200000,2025-11-27 03:50:00,0.0002711,0.0002711,0.0002708,0.0002708,267670.0
1764208500000,2025-11-27 03:55:00,0.0002708,0.000272,0.0002708,0.000272,3639440.0
1764208800000,2025-11-27 04:00:00,0.000272,0.000272,0.0002704,0.0002706,1218550.0
1764209100000,2025-11-27 04:05:00,0.0002706,0.0002714,0.0002706,0.0002714,3340140.0
1764209400000,2025-11-27 04:10:00,0.0002714,0.0002718,0.0002714,0.0002715,2352130.0
1764209700000,2025-11-27 04:15:00,0.0002715,0.0002717,0.0002713,0.0002714,160930.0
1764210000000,2025-11-27 04:20:00,0.0002714,0.0002721,0.0002707,0.000271,14170400.0
1764210300000,2025-11-27 04:25:00,0.000271,0.0002721,0.000271,0.0002721,943980.0
1764210600000,2025-11-27 04:30:00,0.0002721,0.0002721,0.0002718,0.0002718,2059490.0
1764210900000,2025-11-27 04:35:00,0.0002718,0.000272,0.0002713,0.0002717,3281550.0
1764211200000,2025-11-27 04:40:00,0.0002717,0.0002721,0.0002717,0.0002721,124470.0
1764211500000,2025-11-27 04:45:00,0.0002721,0.0002723,0.000271,0.0002715,1849080.0
1764211800000,2025-11-27 04:50:00,0.0002715,0.0002717,0.000271,0.000271,708160.0
1764212100000,2025-11-27 04:55:00,0.000271,0.0002717,0.0002709,0.0002716,1230660.0
1764212400000,2025-11-27 05:00:00,0.0002716,0.0002718,0.0002715,0.0002717,867700.0
1764212700000,2025-11-27 05:05:00,0.0002717,0.0002725,0.0002717,0.0002725,849430.0
1764213000000,2025-11-27 05:10:00,0.0002725,0.0002727,0.0002722,0.0002726,6224330.0
1764213300000,2025-11-27 05:15:00,0.0002726,0.0002735,0.0002725,0.0002727,10595270.0
1764213600000,2025-11-27 05:20:00,0.0002727,0.0002728,0.0002725,0.0002725,606580.0
1764213900000,2025-11-27 05:25:00,0.0002725,0.0002726,0.0002723,0.0002723,278050.0
1764214200000,2025-11-27 05:30:00,0.0002723,0.0002723,0.0002719,0.000272,993070.0
1764214500000,2025-11-27 05:35:00,0.000272,0.0002723,0.0002719,0.0002719,1127570.0
1764214800000,2025-11-27 05:40:00,0.0002719,0.0002719,0.0002708,0.0002709,5276810.0
1764215100000,2025-11-27 05:45:00,0.0002709,0.0002711,0.0002708,0.000271,843730.0
1764215400000,2025-11-27 05:50:00,0.000271,0.000271,0.0002709,0.0002709,361270.0
1764215700000,2025-11-27 05:55:00,0.0002709,0.000271,0.0002708,0.0002708,364930.0
1764216000000,2025-11-27 06:00:00,0.0002708,0.0002708,0.0002705,0.0002706,1109290.0
1764216300000,2025-11-27 06:05:00,0.0002706,0.0002713,0.0002706,0.0002713,1148370.0
1764216600000,2025-11-27 06:10:00,0.0002713,0.0002724,0.0002713,0.0002723,3916600.0
1764216900000,2025-11-27 06:15:00,0.0002723,0.0002727,0.0002723,0.0002723,6580480.0
1764217200000,2025-11-27 06:20:00,0.0002723,0.0002724,0.0002722,0.0002723,1969920.0
1764217500000,2025-11-27 06:25:00,0.0002723,0.0002726,0.0002718,0.0002718,6232940.0
1764217800000,2025-11-27 06:30:00,0.0002718,0.0002719,0.0002718,0.0002719,26720.0
1764218100000,2025-11-27 06:35:00,0.0002719,0.0002721,0.0002719,0.0002721,1246940.0
1764218400000,2025-11-27 06:40:00,0.0002721,0.0002722,0.0002716,0.0002716,688470.0
1764218700000,2025-11-27 06:45:00,0.0002716,0.0002717,0.0002716,0.0002717,24130.0
1764219000000,2025-11-27 06:50:00,0.0002717,0.0002717,0.0002717,0.0002717,839790.0
1764219300000,2025-11-27 06:55:00,0.0002717,0.0002719,0.0002715,0.0002715,415840.0
1764219600000,2025-11-27 07:00:00,0.0002715,0.0002715,0.0002711,0.0002713,1187840.0
1764219900000,2025-11-27 07:05:00,0.0002713,0.0002713,0.0002703,0.0002704,614690.0
1764220200000,2025-11-27 07:10:00,0.0002704,0.0002707,0.0002703,0.0002707,1614380.0
1764220500000,2025-11-27 07:15:00,0.0002707,0.0002707,0.0002703,0.0002703,79180.0
1764220800000,2025-11-27 07:20:00,0.0002703,0.0002705,0.00027,0.0002704,3008240.0
1764221100000,2025-11-27 07:25:00,0.0002704,0.0002708,0.0002704,0.0002707,2852030.0
1764221400000,2025-11-27 07:30:00,0.0002707,0.0002707,0.0002699,0.0002701,251210.0
1764221700000,2025-11-27 07:35:00,0.0002701,0.0002703,0.0002691,0.0002692,1638780.0
1764222000000,2025-11-27 07:40:00,0.0002692,0.0002695,0.0002692,0.0002694,367440.0
1764222300000,2025-11-27 07:45:00,0.0002694,0.00027,0.0002694,0.0002696,1728580.0
1764222600000,2025-11-27 07:50:00,0.0002696,0.0002702,0.0002696,0.0002702,262130.0
1764222900000,2025-11-27 07:55:00,0.0002702,0.0002705,0.0002701,0.0002704,1130720.0
1764223200000,2025-11-27 08:00:00,0.0002704,0.0002705,0.00027,0.00027,898030.0
1764223500000,2025-11-27 08:05:00,0.00027,0.0002706,0.00027,0.0002706,2409470.0
1764223800000,2025-11-27 08:10:00,0.0002706,0.0002708,0.0002706,0.0002708,762330.0
1764224100000,2025-11-27 08:15:00,0.0002708,0.0002708,0.0002702,0.0002702,787650.0
1764224400000,2025-11-27 08:20:00,0.0002702,0.0002703,0.0002701,0.0002703,249380.0
1764224700000,2025-11-27 08:25:00,0.0002703,0.0002703,0.00027,0.0002701,344960.0
1764225000000,2025-11-27 08:30:00,0.0002701,0.0002707,0.0002701,0.0002707,131580.0
1764225300000,2025-11-27 08:35:00,0.0002707,0.0002713,0.0002707,0.0002713,451430.0
1764225600000,2025-11-27 08:40:00,0.0002713,0.0002713,0.000271,0.000271,629050.0
1764225900000,2025-11-27 08:45:00,0.000271,0.000271,0.0002708,0.0002709,51130.0
1764226200000,2025-11-27 08:50:00,0.0002709,0.0002711,0.0002708,0.0002709,320730.0
1764226500000,2025-11-27 08:55:00,0.0002709,0.000271,0.0002704,0.0002704,365860.0
1764226800000,2025-11-27 09:00:00,0.0002704,0.0002707,0.0002701,0.0002704,1718530.0
1764227100000,2025-11-27 09:05:00,0.0002704,0.0002704,0.0002702,0.0002702,37810.0
1764227400000,2025-11-27 09:10:00,0.0002702,0.0002706,0.0002701,0.0002702,251760.0
1764227700000,2025-11-27 09:15:00,0.0002702,0.0002706,0.0002701,0.0002705,538080.0
1764228000000,2025-11-27 09:20:00,0.0002705,0.0002707,0.0002704,0.0002704,389570.0
1764228300000,2025-11-27 09:25:00,0.0002704,0.0002708,0.0002704,0.0002708,4347440.0
1764228600000,2025-11-27 09:30:00,0.0002708,0.0002708,0.0002704,0.0002706,1084380.0
1764228900000,2025-11-27 09:35:00,0.0002706,0.0002706,0.0002702,0.0002702,600060.0
1764229200000,2025-11-27 09:40:00,0.0002702,0.0002703,0.0002701,0.0002702,908630.0
1764229500000,2025-11-27 09:45:00,0.0002702,0.0002702,0.0002701,0.0002701,130490.0
1764229800000,2025-11-27 09:50:00,0.0002701,0.0002702,0.0002701,0.0002701,635020.0
1764230100000,2025-11-27 09:55:00,0.0002701,0.0002701,0.00027,0.00027,150160.0
1764230400000,2025-11-27 10:00:00,0.00027,0.0002702,0.0002698,0.0002698,492920.0
1764230700000,2025-11-27 10:05:00,0.0002698,0.0002703,0.0002697,0.00027,3424400.0
1764231000000,2025-11-27 10:10:00,0.00027,0.0002701,0.000269,0.000269,1079880.0
1764231300000,2025-11-27 10:15:00,0.000269,0.0002693,0.0002681,0.0002685,2462390.0
1764231600000,2025-11-27 10:20:00,0.0002685,0.0002689,0.0002685,0.0002689,318590.0
1764231900000,2025-11-27 10:25:00,0.0002689,0.0002692,0.0002687,0.0002692,696710.0
1764232200000,2025-11-27 10:30:00,0.0002692,0.0002699,0.0002692,0.0002698,5362350.0
1764232500000,2025-11-27 10:35:00,0.0002698,0.0002702,0.0002698,0.0002701,1300370.0
1764232800000,2025-11-27 10:40:00,0.0002701,0.0002704,0.00027,0.00027,887710.0
1764233100000,2025-11-27 10:45:00,0.00027,0.00027,0.0002699,0.00027,91070.0
1764233400000,2025-11-27 10:50:00,0.00027,0.00027,0.00027,0.00027,0.0
1764233700000,2025-11-27 10:55:00,0.00027,0.0002704,0.00027,0.0002704,2590400.0
1764234000000,2025-11-27 11:00:00,0.0002704,0.0002704,0.0002699,0.00027,1330860.0
1764234300000,2025-11-27 11:05:00,0.00027,0.0002702,0.00027,0.0002701,258670.0
1764234600000,2025-11-27 11:10:00,0.0002701,0.0002703,0.0002701,0.0002703,330160.0
1764234900000,2025-11-27 11:15:00,0.0002703,0.0002711,0.0002703,0.0002711,487890.0
1764235200000,2025-11-27 11:20:00,0.0002711,0.0002714,0.0002711,0.0002713,1793670.0
1764235500000,2025-11-27 11:25:00,0.0002713,0.0002713,0.0002707,0.0002707,233610.0
1764235800000,2025-11-27 11:30:00,0.0002707,0.000272,0.0002707,0.0002719,1172230.0
1764236100000,2025-11-27 11:35:00,0.0002719,0.0002719,0.0002717,0.0002718,4142650.0
1764236400000,2025-11-27 11:40:00,0.0002718,0.0002718,0.0002716,0.0002718,1125600.0
1764236700000,2025-11-27 11:45:00,0.0002718,0.0002718,0.0002714,0.0002714,3053850.0
1764237000000,2025-11-27 11:50:00,0.0002714,0.0002714,0.0002711,0.0002711,2306770.0
1764237300000,2025-11-27 11:55:00,0.0002711,0.0002713,0.0002711,0.0002713,49220.0
1764237600000,2025-11-27 12:00:00,0.0002713,0.0002719,0.0002712,0.0002713,13906380.0
1764237900000,2025-11-27 12:05:00,0.0002713,0.0002714,0.0002712,0.0002712,2362140.0
1764238200000,2025-11-27 12:10:00,0.0002712,0.0002712,0.0002708,0.0002712,2431190.0
1764238500000,2025-11-27 12:15:00,0.0002712,0.0002718,0.0002711,0.0002717,1926450.0
1764238800000,2025-11-27 12:20:00,0.0002717,0.0002719,0.0002715,0.0002719,977800.0
1764239100000,2025-11-27 12:25:00,0.0002719,0.000272,0.0002717,0.0002717,793770.0
1764239400000,2025-11-27 12:30:00,0.0002717,0.0002723,0.0002712,0.0002718,12116700.0
1764239700000,2025-11-27 12:35:00,0.0002718,0.0002721,0.0002718,0.0002721,1715380.0
1764240000000,2025-11-27 12:40:00,0.0002721,0.0002729,0.0002721,0.0002726,3500610.0
1764240300000,2025-11-27 12:45:00,0.0002726,0.0002729,0.0002725,0.0002726,786320.0
1764240600000,2025-11-27 12:50:00,0.0002726,0.0002736,0.0002726,0.0002736,5903530.0
1764240900000,2025-11-27 12:55:00,0.0002736,0.000274,0.0002735,0.0002738,5226520.0
1764241200000,2025-11-27 13:00:00,0.0002738,0.0002747,0.0002734,0.0002742,28539430.0
1764241500000,2025-11-27 13:05:00,0.0002742,0.0002753,0.0002742,0.0002746,13983760.0
1764241800000,2025-11-27 13:10:00,0.0002746,0.0002747,0.0002743,0.0002743,1128930.0
1764242100000,2025-11-27 13:15:00,0.0002743,0.0002743,0.0002739,0.000274,1171250.0
1764242400000,2025-11-27 13:20:00,0.000274,0.0002741,0.0002705,0.0002724,45142530.0
1764242700000,2025-11-27 13:25:00,0.0002724,0.0002727,0.0002722,0.0002722,2940620.0
1764243000000,2025-11-27 13:30:00,0.0002722,0.000273,0.0002721,0.0002725,10748590.0
1764243300000,2025-11-27 13:35:00,0.0002725,0.0002732,0.0002725,0.0002732,3337560.0
1764243600000,2025-11-27 13:40:00,0.0002732,0.0002733,0.0002725,0.0002725,3739670.0
1764243900000,2025-11-27 13:45:00,0.0002725,0.0002725,0.0002718,0.0002718,20202020.0
1764244200000,2025-11-27 13:50:00,0.0002718,0.0002719,0.0002717,0.0002718,190440.0
1764244500000,2025-11-27 13:55:00,0.0002718,0.000272,0.0002718,0.0002719,443720.0
1764244800000,2025-11-27 14:00:00,0.0002719,0.0002727,0.0002717,0.0002724,3021720.0
1764245100000,2025-11-27 14:05:00,0.0002724,0.0002725,0.0002716,0.000272,3511920.0
1764245400000,2025-11-27 14:10:00,0.000272,0.0002721,0.0002693,0.0002708,37875730.0
1764245700000,2025-11-27 14:15:00,0.0002708,0.0002709,0.0002702,0.0002705,2311510.0
1764246000000,2025-11-27 14:20:00,0.0002705,0.000271,0.0002703,0.000271,6643820.0
1764246300000,2025-11-27 14:25:00,0.000271,0.0002712,0.000271,0.000271,534670.0
1764246600000,2025-11-27 14:30:00,0.000271,0.0002712,0.0002707,0.0002707,319720.0
1764246900000,2025-11-27 14:35:00,0.0002707,0.0002707,0.0002706,0.0002707,697000.0
1764247200000,2025-11-27 14:40:00,0.0002707,0.0002707,0.0002702,0.0002703,1542170.0
1764247500000,2025-11-27 14:45:00,0.0002703,0.0002705,0.0002701,0.0002701,2170390.0
1764247800000,2025-11-27 14:50:00,0.0002701,0.0002701,0.0002693,0.0002697,7329130.0
1764248100000,2025-11-27 14:55:00,0.0002697,0.0002698,0.0002694,0.0002696,621210.0
1764248400000,2025-11-27 15:00:00,0.0002696,0.00027,0.0002696,0.0002699,746490.0
1764248700000,2025-11-27 15:05:00,0.0002699,0.0002702,0.0002699,0.0002702,4444390.0
1764249000000,2025-11-27 15:10:00,0.0002702,0.0002702,0.0002696,0.0002699,887820.0
1764249300000,2025-11-27 15:15:00,0.0002699,0.0002702,0.0002695,0.00027,370290.0
1764249600000,2025-11-27 15:20:00,0.00027,0.0002705,0.0002699,0.0002705,920510.0
1764249900000,2025-11-27 15:25:00,0.0002705,0.0002714,0.0002705,0.0002714,2804870.0
1764250200000,2025-11-27 15:30:00,0.0002714,0.0002714,0.0002709,0.0002711,1588350.0
1764250500000,2025-11-27 15:35:00,0.0002711,0.0002717,0.0002707,0.0002714,1665860.0
1764250800000,2025-11-27 15:40:00,0.0002714,0.0002714,0.0002712,0.0002712,182310.0
1764251100000,2025-11-27 15:45:00,0.0002712,0.0002712,0.0002708,0.0002709,397760.0
1764251400000,2025-11-27 15:50:00,0.0002709,0.0002714,0.0002709,0.0002714,529940.0
1764251700000,2025-11-27 15:55:00,0.0002714,0.0002714,0.0002709,0.000271,4140210.0
1764252000000,2025-11-27 16:00:00,0.000271,0.000271,0.0002701,0.0002702,4749230.0
1764252300000,2025-11-27 16:05:00,0.0002702,0.0002702,0.0002701,0.0002702,315680.0
1764252600000,2025-11-27 16:10:00,0.0002702,0.0002705,0.0002701,0.0002704,343270.0
1764252900000,2025-11-27 16:15:00,0.0002704,0.0002707,0.0002704,0.0002707,272900.0
1764253200000,2025-11-27 16:20:00,0.0002707,0.0002707,0.0002704,0.0002706,620390.0
1764253500000,2025-11-27 16:25:00,0.0002706,0.0002712,0.0002706,0.0002712,712760.0
1764253800000,2025-11-27 16:30:00,0.0002712,0.0002713,0.0002711,0.0002712,1288160.0
1764254100000,2025-11-27 16:35:00,0.0002712,0.0002712,0.0002707,0.0002709,261930.0
1764254400000,2025-11-27 16:40:00,0.0002709,0.0002711,0.0002709,0.0002711,1083050.0
1764254700000,2025-11-27 16:45:00,0.0002711,0.0002714,0.0002709,0.0002711,1171970.0
1764255000000,2025-11-27 16:50:00,0.0002711,0.0002718,0.0002711,0.0002716,12603670.0
1764255300000,2025-11-27 16:55:00,0.0002716,0.0002729,0.0002716,0.0002718,19716440.0
1764255600000,2025-11-27 17:00:00,0.0002718,0.0002722,0.0002714,0.0002722,7325890.0
1764255900000,2025-11-27 17:05:00,0.0002722,0.0002722,0.0002712,0.0002712,3474890.0
1764256200000,2025-11-27 17:10:00,0.0002712,0.0002712,0.0002709,0.0002709,363220.0
1764256500000,2025-11-27 17:15:00,0.0002709,0.0002714,0.0002709,0.0002713,434570.0
1764256800000,2025-11-27 17:20:00,0.0002713,0.0002714,0.0002713,0.0002713,705400.0
1764257100000,2025-11-27 17:25:00,0.0002713,0.0002714,0.0002708,0.0002708,3556240.0
1764257400000,2025-11-27 17:30:00,0.0002708,0.0002709,0.0002706,0.0002707,2621160.0
1764257700000,2025-11-27 17:35:00,0.0002707,0.0002711,0.0002699,0.0002699,4841430.0
1764258000000,2025-11-27 17:40:00,0.0002699,0.00027,0.0002696,0.00027,807620.0
1764258300000,2025-11-27 17:45:00,0.00027,0.0002709,0.00027,0.0002709,1540430.0
1764258600000,2025-11-27 17:50:00,0.0002709,0.0002712,0.0002709,0.0002711,236890.0
1764258900000,2025-11-27 17:55:00,0.0002711,0.0002714,0.0002711,0.0002713,3701320.0
1764259200000,2025-11-27 18:00:00,0.0002713,0.0002716,0.000271,0.000271,7112090.0
1764259500000,2025-11-27 18:05:00,0.000271,0.0002719,0.000271,0.0002714,22326510.0
1764259800000,2025-11-27 18:10:00,0.0002714,0.0002726,0.0002714,0.0002725,12787820.0
1764260100000,2025-11-27 18:15:00,0.0002725,0.0002727,0.0002718,0.000272,5165170.0
1764260400000,2025-11-27 18:20:00,0.000272,0.0002721,0.0002717,0.0002717,539820.0
1764260700000,2025-11-27 18:25:00,0.0002717,0.0002717,0.0002711,0.0002713,207320.0
1764261000000,2025-11-27 18:30:00,0.0002713,0.0002721,0.0002712,0.000272,926730.0
1764261300000,2025-11-27 18:35:00,0.000272,0.0002723,0.0002718,0.0002723,1623640.0
1764261600000,2025-11-27 18:40:00,0.0002723,0.0002726,0.0002721,0.0002726,5283190.0
1764261900000,2025-11-27 18:45:00,0.0002726,0.0002726,0.0002722,0.0002726,1362200.0
1764262200000,2025-11-27 18:50:00,0.0002726,0.0002728,0.0002722,0.0002728,657790.0
1764262500000,2025-11-27 18:55:00,0.0002728,0.0002731,0.0002728,0.000273,4835750.0
1764262800000,2025-11-27 19:00:00,0.000273,0.000273,0.0002724,0.0002728,1931320.0
1764263100000,2025-11-27 19:05:00,0.0002728,0.0002728,0.0002727,0.0002727,31810.0
1764263400000,2025-11-27 19:10:00,0.0002727,0.0002729,0.0002727,0.0002729,21490.0
1764263700000,2025-11-27 19:15:00,0.0002729,0.0002732,0.0002728,0.0002728,788190.0
1764264000000,2025-11-27 19:20:00,0.0002728,0.0002731,0.0002725,0.0002725,1314870.0
1764264300000,2025-11-27 19:25:00,0.0002725,0.0002728,0.0002725,0.0002726,992850.0
1764264600000,2025-11-27 19:30:00,0.0002726,0.0002727,0.0002724,0.0002727,5523160.0
1764264900000,2025-11-27 19:35:00,0.0002727,0.0002729,0.0002727,0.0002728,711960.0
1764265200000,2025-11-27 19:40:00,0.0002728,0.000273,0.0002719,0.0002726,18907900.0
1764265500000,2025-11-27 19:45:00,0.0002726,0.0002729,0.0002726,0.0002729,3030100.0
1764265800000,2025-11-27 19:50:00,0.0002729,0.0002736,0.0002729,0.0002736,2241940.0
1764266100000,2025-11-27 19:55:00,0.0002736,0.0002739,0.0002736,0.0002739,143380.0
1764266400000,2025-11-27 20:00:00,0.0002739,0.0002739,0.0002732,0.0002732,1797500.0
1764266700000,2025-11-27 20:05:00,0.0002732,0.0002737,0.0002732,0.0002734,1101040.0
1764267000000,2025-11-27 20:10:00,0.0002734,0.0002734,0.0002724,0.0002727,17239370.0
1764267300000,2025-11-27 20:15:00,0.0002727,0.0002732,0.0002726,0.000273,5429080.0
1764267600000,2025-11-27 20:20:00,0.000273,0.000273,0.0002728,0.000273,354110.0
1764267900000,2025-11-27 20:25:00,0.000273,0.0002732,0.000273,0.0002731,247780.0
1764268200000,2025-11-27 20:30:00,0.0002731,0.0002731,0.000273,0.000273,23250.0
1764268500000,2025-11-27 20:35:00,0.000273,0.0002738,0.000273,0.0002738,6559300.0
1764268800000,2025-11-27 20:40:00,0.0002738,0.0002743,0.0002738,0.0002743,83810.0
1764269100000,2025-11-27 20:45:00,0.0002743,0.0002747,0.0002741,0.0002741,704180.0
1764269400000,2025-11-27 20:50:00,0.0002741,0.0002741,0.000274,0.000274,3070130.0
1764269700000,2025-11-27 20:55:00,0.000274,0.0002744,0.000274,0.0002744,805260.0
1764270000000,2025-11-27 21:00:00,0.0002744,0.0002746,0.0002739,0.0002746,1003230.0
1764270300000,2025-11-27 21:05:00,0.0002746,0.0002748,0.0002745,0.0002748,1367710.0
1764270600000,2025-11-27 21:10:00,0.0002748,0.0002748,0.0002747,0.0002747,505110.0
1764270900000,2025-11-27 21:15:00,0.0002747,0.0002749,0.0002747,0.0002749,623160.0
1764271200000,2025-11-27 21:20:00,0.0002749,0.0002749,0.0002741,0.0002741,893240.0
1764271500000,2025-11-27 21:25:00,0.0002741,0.0002741,0.0002737,0.0002737,29916450.0
1764271800000,2025-11-27 21:30:00,0.0002737,0.0002739,0.0002733,0.0002738,18585320.0
1764272100000,2025-11-27 21:35:00,0.0002738,0.0002739,0.0002738,0.0002739,710140.0
1764272400000,2025-11-27 21:40:00,0.0002739,0.000274,0.0002739,0.000274,799630.0
1764272700000,2025-11-27 21:45:00,0.000274,0.000274,0.0002738,0.0002738,334650.0
1764273000000,2025-11-27 21:50:00,0.0002738,0.0002738,0.000273,0.0002736,4486670.0
1764273300000,2025-11-27 21:55:00,0.0002736,0.0002736,0.000273,0.0002731,496200.0
1764273600000,2025-11-27 22:00:00,0.0002731,0.0002734,0.0002723,0.0002734,17063070.0
1764273900000,2025-11-27 22:05:00,0.0002734,0.0002734,0.0002732,0.0002732,199340.0
1764274200000,2025-11-27 22:10:00,0.0002732,0.0002732,0.0002725,0.0002725,3363600.0
1764274500000,2025-11-27 22:15:00,0.0002725,0.0002729,0.0002725,0.0002729,212530.0
1764274800000,2025-11-27 22:20:00,0.0002729,0.000273,0.0002728,0.0002728,390240.0
1764275100000,2025-11-27 22:25:00,0.0002728,0.0002729,0.0002726,0.0002728,1349360.0
1764275400000,2025-11-27 22:30:00,0.0002728,0.0002732,0.0002727,0.0002732,4110400.0
1764275700000,2025-11-27 22:35:00,0.0002732,0.0002732,0.0002729,0.000273,75600.0
1764276000000,2025-11-27 22:40:00,0.000273,0.000273,0.0002729,0.0002729,5070.0
1764276300000,2025-11-27 22:45:00,0.0002729,0.0002731,0.0002725,0.0002725,5650270.0
1764276600000,2025-11-27 22:50:00,0.0002725,0.0002726,0.0002725,0.0002726,39290.0
1764276900000,2025-11-27 22:55:00,0.0002726,0.0002726,0.0002724,0.0002724,320770.0
1764277200000,2025-11-27 23:00:00,0.0002724,0.0002729,0.0002724,0.0002729,3225500.0
1764277500000,2025-11-27 23:05:00,0.0002729,0.000273,0.0002725,0.0002725,2257210.0
1764277800000,2025-11-27 23:10:00,0.0002725,0.0002726,0.0002725,0.0002725,55600.0
1764278100000,2025-11-27 23:15:00,0.0002725,0.0002728,0.0002724,0.0002728,137300.0
1764278400000,2025-11-27 23:20:00,0.0002728,0.000273,0.0002727,0.0002728,300310.0
1764278700000,2025-11-27 23:25:00,0.0002728,0.0002728,0.0002727,0.0002727,41420.0
1764279000000,2025-11-27 23:30:00,0.0002727,0.000273,0.0002726,0.0002727,1866530.0
1764279300000,2025-11-27 23:35:00,0.0002727,0.0002727,0.0002727,0.0002727,0.0
1764279600000,2025-11-27 23:40:00,0.0002727,0.0002727,0.0002723,0.0002726,372700.0
1764279900000,2025-11-27 23:45:00,0.0002726,0.0002726,0.0002724,0.0002724,1859700.0
1764280200000,2025-11-27 23:50:00,0.0002724,0.0002725,0.0002722,0.0002725,1986390.0
1764280500000,2025-11-27 23:55:00,0.0002725,0.0002725,0.0002724,0.0002724,7649220.0
1764280800000,2025-11-28 00:00:00,0.0002724,0.0002724,0.0002723,0.0002724,4129190.0
1764281100000,2025-11-28 00:05:00,0.0002724,0.0002728,0.0002724,0.0002728,4932640.0
1764281400000,2025-11-28 00:10:00,0.0002728,0.0002728,0.0002722,0.0002726,7621000.0
1764281700000,2025-11-28 00:15:00,0.0002726,0.0002726,0.0002726,0.0002726,0.0
1764282000000,2025-11-28 00:20:00,0.0002726,0.0002726,0.0002721,0.0002721,49690.0
1764282300000,2025-11-28 00:25:00,0.0002721,0.0002721,0.0002719,0.0002719,246830.0
1764282600000,2025-11-28 00:30:00,0.0002719,0.0002719,0.0002717,0.0002717,153170.0
1764282900000,2025-11-28 00:35:00,0.0002717,0.0002717,0.0002711,0.0002713,1196970.0
1764283200000,2025-11-28 00:40:00,0.0002713,0.0002716,0.0002708,0.0002709,9784570.0
1764283500000,2025-11-28 00:45:00,0.0002709,0.000271,0.0002705,0.0002707,10979170.0
1764283800000,2025-11-28 00:50:00,0.0002707,0.0002708,0.0002701,0.0002704,2072620.0
1764284100000,2025-11-28 00:55:00,0.0002704,0.0002707,0.0002703,0.0002705,1578040.0
1764284400000,2025-11-28 01:00:00,0.0002705,0.0002707,0.0002703,0.0002706,1149120.0
1764284700000,2025-11-28 01:05:00,0.0002706,0.0002706,0.0002706,0.0002706,37160.0
1764285000000,2025-11-28 01:10:00,0.0002706,0.0002706,0.0002695,0.0002699,1624440.0
1764285300000,2025-11-28 01:15:00,0.0002699,0.0002708,0.0002699,0.0002703,2009650.0
1764285600000,2025-11-28 01:20:00,0.0002703,0.0002703,0.0002699,0.0002699,847370.0
1764285900000,2025-11-28 01:25:00,0.0002699,0.0002699,0.0002697,0.0002699,857000.0
1764286200000,2025-11-28 01:30:00,0.0002699,0.0002699,0.0002691,0.0002694,3777570.0
1764286500000,2025-11-28 01:35:00,0.0002694,0.0002697,0.0002694,0.0002697,792560.0
1764286800000,2025-11-28 01:40:00,0.0002697,0.0002702,0.0002697,0.0002702,116500.0
1764287100000,2025-11-28 01:45:00,0.0002702,0.0002704,0.0002702,0.0002703,659590.0
1764287400000,2025-11-28 01:50:00,0.0002703,0.0002703,0.0002699,0.0002701,860590.0
1764287700000,2025-11-28 01:55:00,0.0002701,0.0002702,0.0002699,0.0002702,912030.0
1764288000000,2025-11-28 02:00:00,0.0002702,0.0002704,0.0002699,0.0002702,2370430.0
1764288300000,2025-11-28 02:05:00,0.0002702,0.0002711,0.0002702,0.0002705,724740.0
1764288600000,2025-11-28 02:10:00,0.0002705,0.0002707,0.0002705,0.0002706,102290.0
1764288900000,2025-11-28 02:15:00,0.0002706,0.0002706,0.0002703,0.0002704,1823740.0
1764289200000,2025-11-28 02:20:00,0.0002704,0.0002708,0.0002704,0.0002706,194980.0
1764289500000,2025-11-28 02:25:00,0.0002706,0.0002709,0.0002706,0.0002709,467170.0
1764289800000,2025-11-28 02:30:00,0.0002709,0.0002711,0.0002709,0.0002711,54930.0
1764290100000,2025-11-28 02:35:00,0.0002711,0.0002714,0.0002707,0.0002707,614580.0
1764290400000,2025-11-28 02:40:00,0.0002707,0.0002707,0.0002704,0.0002704,113910.0
1764290700000,2025-11-28 02:45:00,0.0002704,0.0002704,0.0002701,0.0002704,95200.0
1764291000000,2025-11-28 02:50:00,0.0002704,0.000271,0.0002702,0.0002705,5714930.0
1764291300000,2025-11-28 02:55:00,0.0002705,0.0002705,0.0002705,0.0002705,0.0
1764291600000,2025-11-28 03:00:00,0.0002705,0.0002705,0.00027,0.0002701,4381850.0
1764291900000,2025-11-28 03:05:00,0.0002701,0.000271,0.0002701,0.0002707,3913470.0
1764292200000,2025-11-28 03:10:00,0.0002707,0.0002707,0.0002696,0.0002697,2378170.0
1764292500000,2025-11-28 03:15:00,0.0002697,0.0002697,0.0002693,0.0002693,97790.0
1764292800000,2025-11-28 03:20:00,0.0002693,0.0002697,0.0002693,0.0002697,374240.0
1764293100000,2025-11-28 03:25:00,0.0002697,0.00027,0.0002697,0.00027,43860.0
1764293400000,2025-11-28 03:30:00,0.00027,0.00027,0.0002693,0.0002696,113990.0
1764293700000,2025-11-28 03:35:00,0.0002696,0.0002699,0.0002696,0.0002697,572630.0
1764294000000,2025-11-28 03:40:00,0.0002697,0.0002697,0.0002693,0.0002693,169970.0
1764294300000,2025-11-28 03:45:00,0.0002693,0.0002694,0.0002689,0.0002689,1153920.0
1764294600000,2025-11-28 03:50:00,0.0002689,0.0002689,0.0002672,0.0002682,11810460.0
1764294900000,2025-11-28 03:55:00,0.0002682,0.0002683,0.0002678,0.0002681,1036460.0
1764295200000,2025-11-28 04:00:00,0.0002681,0.0002685,0.0002677,0.0002681,10418950.0
1764295500000,2025-11-28 04:05:00,0.0002681,0.0002683,0.0002678,0.0002679,6132370.0
1764295800000,2025-11-28 04:10:00,0.0002679,0.0002685,0.0002679,0.0002683,3579040.0
1764296100000,2025-11-28 04:15:00,0.0002683,0.0002686,0.0002673,0.0002675,1257460.0
1764296400000,2025-11-28 04:20:00,0.0002675,0.0002683,0.0002675,0.0002681,1511440.0
1764296700000,2025-11-28 04:25:00,0.0002681,0.0002681,0.0002678,0.000268,87160.0
1764297000000,2025-11-28 04:30:00,0.000268,0.000268,0.0002677,0.0002678,5207210.0
1764297300000,2025-11-28 04:35:00,0.0002678,0.0002684,0.0002678,0.0002684,390720.0
1764297600000,2025-11-28 04:40:00,0.0002684,0.0002684,0.0002678,0.0002678,269330.0
1764297900000,2025-11-28 04:45:00,0.0002678,0.0002681,0.0002678,0.0002681,193070.0
1764298200000,2025-11-28 04:50:00,0.0002681,0.0002686,0.000268,0.0002686,547220.0
1764298500000,2025-11-28 04:55:00,0.0002686,0.0002691,0.0002686,0.0002689,244820.0
1764298800000,2025-11-28 05:00:00,0.0002689,0.0002689,0.0002687,0.0002687,1728290.0
1764299100000,2025-11-28 05:05:00,0.0002687,0.0002688,0.0002686,0.0002687,792440.0
1764299400000,2025-11-28 05:10:00,0.0002687,0.000269,0.0002684,0.0002684,584800.0
1764299700000,2025-11-28 05:15:00,0.0002684,0.0002684,0.0002683,0.0002683,70290.0
1764300000000,2025-11-28 05:20:00,0.0002683,0.0002689,0.0002683,0.0002687,273310.0
1764300300000,2025-11-28 05:25:00,0.0002687,0.0002687,0.0002687,0.0002687,0.0
1764300600000,2025-11-28 05:30:00,0.0002687,0.0002691,0.0002687,0.0002691,974130.0
1764300900000,2025-11-28 05:35:00,0.0002691,0.0002691,0.000269,0.0002691,346120.0
1764301200000,2025-11-28 05:40:00,0.0002691,0.0002691,0.0002687,0.0002687,2861810.0
1764301500000,2025-11-28 05:45:00,0.0002687,0.0002689,0.0002687,0.0002689,6480.0
1764301800000,2025-11-28 05:50:00,0.0002689,0.0002691,0.0002689,0.0002691,1063100.0
1764302100000,2025-11-28 05:55:00,0.0002691,0.0002691,0.000269,0.000269,133840.0
1764302400000,2025-11-28 06:00:00,0.000269,0.000269,0.0002688,0.0002688,579300.0
1764302700000,2025-11-28 06:05:00,0.0002688,0.0002695,0.0002688,0.0002695,8700.0
1764303000000,2025-11-28 06:10:00,0.0002695,0.0002701,0.0002695,0.0002701,722750.0
1764303300000,2025-11-28 06:15:00,0.0002701,0.0002701,0.00027,0.00027,182630.0
1764303600000,2025-11-28 06:20:00,0.00027,0.00027,0.0002697,0.0002697,116810.0
1764303900000,2025-11-28 06:25:00,0.0002697,0.0002697,0.0002697,0.0002697,0.0
1764304200000,2025-11-28 06:30:00,0.0002697,0.0002701,0.0002697,0.0002701,1959890.0
1764304500000,2025-11-28 06:35:00,0.0002701,0.0002701,0.00027,0.00027,41820.0
1764304800000,2025-11-28 06:40:00,0.00027,0.00027,0.0002694,0.0002695,495480.0
1764305100000,2025-11-28 06:45:00,0.0002695,0.0002695,0.0002691,0.0002693,346830.0
1764305400000,2025-11-28 06:50:00,0.0002693,0.0002697,0.0002693,0.0002695,295760.0
1764305700000,2025-11-28 06:55:00,0.0002695,0.0002696,0.0002693,0.0002693,104430.0
1764306000000,2025-11-28 07:00:00,0.0002693,0.0002693,0.0002688,0.0002688,871620.0
1764306300000,2025-11-28 07:05:00,0.0002688,0.0002693,0.0002688,0.0002693,3260450.0
1764306600000,2025-11-28 07:10:00,0.0002693,0.0002694,0.0002692,0.0002694,381100.0
1764306900000,2025-11-28 07:15:00,0.0002694,0.00027,0.0002694,0.0002697,2165140.0
1764307200000,2025-11-28 07:20:00,0.0002697,0.0002698,0.0002694,0.0002694,1178790.0
1764307500000,2025-11-28 07:25:00,0.0002694,0.0002694,0.0002693,0.0002693,66900.0
1764307800000,2025-11-28 07:30:00,0.0002693,0.0002696,0.000269,0.000269,1000170.0
1764308100000,2025-11-28 07:35:00,0.000269,0.0002693,0.000269,0.000269,748120.0
1764308400000,2025-11-28 07:40:00,0.000269,0.000269,0.000269,0.000269,86350.0
1764308700000,2025-11-28 07:45:00,0.000269,0.0002691,0.000269,0.0002691,54440.0
1764309000000,2025-11-28 07:50:00,0.0002691,0.0002692,0.0002691,0.0002691,86620.0
1764309300000,2025-11-28 07:55:00,0.0002691,0.0002692,0.000269,0.000269,69200.0
1764309600000,2025-11-28 08:00:00,0.000269,0.000269,0.000268,0.0002682,13416830.0
1764309900000,2025-11-28 08:05:00,0.0002682,0.0002688,0.0002681,0.0002688,8431420.0
1764310200000,2025-11-28 08:10:00,0.0002688,0.0002688,0.0002685,0.0002685,587420.0
1764310500000,2025-11-28 08:15:00,0.0002685,0.0002685,0.0002682,0.0002684,119010.0
1764310800000,2025-11-28 08:20:00,0.0002684,0.0002684,0.0002678,0.0002678,81450.0
1764311100000,2025-11-28 08:25:00,0.0002678,0.0002679,0.0002676,0.0002677,198750.0
1764311400000,2025-11-28 08:30:00,0.0002677,0.0002678,0.0002674,0.0002674,93240.0
1764311700000,2025-11-28 08:35:00,0.0002674,0.0002677,0.0002671,0.0002676,3568820.0
1764312000000,2025-11-28 08:40:00,0.0002676,0.000268,0.0002676,0.0002679,8410.0
1764312300000,2025-11-28 08:45:00,0.0002679,0.0002679,0.0002679,0.0002679,62670.0
1764312600000,2025-11-28 08:50:00,0.0002679,0.0002679,0.0002679,0.0002679,77180.0
1764312900000,2025-11-28 08:55:00,0.0002679,0.0002679,0.0002675,0.0002675,46790.0
1764313200000,2025-11-28 09:00:00,0.0002675,0.0002677,0.0002671,0.0002675,19717910.0
1764313500000,2025-11-28 09:05:00,0.0002675,0.000268,0.0002675,0.000268,353160.0
1764313800000,2025-11-28 09:10:00,0.000268,0.0002682,0.0002678,0.000268,1787660.0
1764314100000,2025-11-28 09:15:00,0.000268,0.000268,0.0002679,0.000268,86000.0
1764314400000,2025-11-28 09:20:00,0.000268,0.0002683,0.000268,0.0002683,328500.0
1764314700000,2025-11-28 09:25:00,0.0002683,0.0002685,0.0002683,0.0002685,4534580.0
1764315000000,2025-11-28 09:30:00,0.0002685,0.0002685,0.0002684,0.0002684,5095870.0
1764315300000,2025-11-28 09:35:00,0.0002684,0.0002685,0.0002682,0.0002682,763290.0
1764315600000,2025-11-28 09:40:00,0.0002682,0.0002682,0.0002678,0.0002678,2874880.0
1764315900000,2025-11-28 09:45:00,0.0002678,0.000268,0.0002678,0.0002679,113110.0
1764316200000,2025-11-28 09:50:00,0.0002679,0.0002679,0.0002677,0.0002677,106870.0
1764316500000,2025-11-28 09:55:00,0.0002677,0.0002677,0.0002677,0.0002677,38990.0
1764316800000,2025-11-28 10:00:00,0.0002677,0.0002678,0.0002676,0.0002678,766560.0
1764317100000,2025-11-28 10:05:00,0.0002678,0.0002688,0.0002677,0.0002688,4877220.0
1764317400000,2025-11-28 10:10:00,0.0002688,0.0002703,0.0002688,0.0002703,8780630.0
1764317700000,2025-11-28 10:15:00,0.0002703,0.0002703,0.0002695,0.0002697,972880.0
1764318000000,2025-11-28 10:20:00,0.0002697,0.0002706,0.0002697,0.0002703,523240.0
1764318300000,2025-11-28 10:25:00,0.0002703,0.0002703,0.00027,0.0002701,51860.0
1764318600000,2025-11-28 10:30:00,0.0002701,0.0002703,0.0002698,0.0002698,664940.0
1764318900000,2025-11-28 10:35:00,0.0002698,0.0002707,0.0002697,0.0002703,10554950.0
1764319200000,2025-11-28 10:40:00,0.0002703,0.0002703,0.0002701,0.0002701,251300.0
1764319500000,2025-11-28 10:45:00,0.0002701,0.0002702,0.0002699,0.0002702,315780.0
1764319800000,2025-11-28 10:50:00,0.0002702,0.000274,0.0002702,0.0002719,3871460.0
1764320100000,2025-11-28 10:55:00,0.0002719,0.0002719,0.0002713,0.0002716,287210.0
1764320400000,2025-11-28 11:00:00,0.0002716,0.000272,0.0002711,0.0002715,2630350.0
1764320700000,2025-11-28 11:05:00,0.0002715,0.0002722,0.0002713,0.0002722,715670.0
1764321000000,2025-11-28 11:10:00,0.0002722,0.0002724,0.0002717,0.0002717,851950.0
1764321300000,2025-11-28 11:15:00,0.0002717,0.0002717,0.0002717,0.0002717,179670.0
1764321600000,2025-11-28 11:20:00,0.0002717,0.0002717,0.0002707,0.0002712,3459280.0
1764321900000,2025-11-28 11:25:00,0.0002712,0.0002712,0.0002705,0.0002705,1487550.0
1764322200000,2025-11-28 11:30:00,0.0002705,0.000271,0.0002705,0.0002709,113530.0
1764322500000,2025-11-28 11:35:00,0.0002709,0.0002713,0.0002706,0.0002706,1181020.0
1764322800000,2025-11-28 11:40:00,0.0002706,0.0002708,0.0002705,0.0002708,166080.0
1764323100000,2025-11-28 11:45:00,0.0002708,0.0002713,0.0002707,0.0002713,212770.0
1764323400000,2025-11-28 11:50:00,0.0002713,0.0002713,0.0002711,0.0002711,234810.0
1764323700000,2025-11-28 11:55:00,0.0002711,0.0002717,0.0002711,0.0002717,199060.0
1764324000000,2025-11-28 12:00:00,0.0002717,0.0002721,0.0002715,0.0002719,13964970.0
1764324300000,2025-11-28 12:05:00,0.0002719,0.0002719,0.0002717,0.0002718,411530.0
1764324600000,2025-11-28 12:10:00,0.0002718,0.0002718,0.0002712,0.0002712,3565820.0
1764324900000,2025-11-28 12:15:00,0.0002712,0.0002712,0.0002709,0.0002712,527610.0
1764325200000,2025-11-28 12:20:00,0.0002712,0.0002713,0.0002709,0.0002709,214760.0
1764325500000,2025-11-28 12:25:00,0.0002709,0.0002709,0.0002709,0.0002709,21900.0
1764325800000,2025-11-28 12:30:00,0.0002709,0.0002714,0.0002709,0.0002714,870330.0
1764326100000,2025-11-28 12:35:00,0.0002714,0.0002714,0.000271,0.0002714,19211590.0
1764326400000,2025-11-28 12:40:00,0.0002714,0.0002715,0.0002712,0.0002712,49180.0
1764326700000,2025-11-28 12:45:00,0.0002712,0.0002713,0.0002711,0.0002711,86900.0
1764327000000,2025-11-28 12:50:00,0.0002711,0.0002715,0.0002711,0.0002715,67370.0
1764327300000,2025-11-28 12:55:00,0.0002715,0.0002716,0.0002713,0.0002716,1881150.0
1764327600000,2025-11-28 13:00:00,0.0002716,0.0002716,0.0002708,0.0002708,111180.0
1764327900000,2025-11-28 13:05:00,0.0002708,0.0002708,0.0002703,0.0002703,216070.0
1764328200000,2025-11-28 13:10:00,0.0002703,0.0002703,0.0002694,0.0002694,898160.0
1764328500000,2025-11-28 13:15:00,0.0002694,0.0002694,0.0002675,0.0002689,5187940.0
1764328800000,2025-11-28 13:20:00,0.0002689,0.0002696,0.0002689,0.0002696,237210.0
1764329100000,2025-11-28 13:25:00,0.0002696,0.0002696,0.000269,0.0002694,323470.0
1764329400000,2025-11-28 13:30:00,0.0002694,0.0002694,0.0002692,0.0002692,301620.0
1764329700000,2025-11-28 13:35:00,0.0002692,0.0002697,0.0002692,0.0002697,974070.0
1764330000000,2025-11-28 13:40:00,0.0002697,0.0002698,0.0002695,0.0002696,140590.0
1764330300000,2025-11-28 13:45:00,0.0002696,0.0002699,0.0002694,0.0002697,6283520.0
1764330600000,2025-11-28 13:50:00,0.0002697,0.0002698,0.0002694,0.0002695,550860.0
1764330900000,2025-11-28 13:55:00,0.0002695,0.0002698,0.0002695,0.0002696,193040.0
1764331200000,2025-11-28 14:00:00,0.0002696,0.00027,0.0002693,0.0002697,12008510.0
1764331500000,2025-11-28 14:05:00,0.0002697,0.0002704,0.0002696,0.0002703,2543390.0
1764331800000,2025-11-28 14:10:00,0.0002703,0.0002707,0.0002701,0.0002705,845330.0
1764332100000,2025-11-28 14:15:00,0.0002705,0.0002705,0.00027,0.0002703,649350.0
1764332400000,2025-11-28 14:20:00,0.0002703,0.0002704,0.0002698,0.0002698,116450.0
1764332700000,2025-11-28 14:25:00,0.0002698,0.0002699,0.0002697,0.0002699,151270.0
1764333000000,2025-11-28 14:30:00,0.0002699,0.00027,0.0002696,0.0002697,424010.0
1764333300000,2025-11-28 14:35:00,0.0002697,0.0002701,0.0002697,0.0002701,408690.0
1764333600000,2025-11-28 14:40:00,0.0002701,0.0002703,0.0002701,0.0002703,84410.0
1764333900000,2025-11-28 14:45:00,0.0002703,0.0002703,0.0002699,0.0002701,586880.0
1764334200000,2025-11-28 14:50:00,0.0002701,0.0002701,0.0002698,0.00027,102770.0
1764334500000,2025-11-28 14:55:00,0.00027,0.00027,0.0002698,0.0002699,53350.0
1764334800000,2025-11-28 15:00:00,0.0002699,0.0002699,0.0002695,0.0002695,79470.0
1764335100000,2025-11-28 15:05:00,0.0002695,0.0002695,0.0002686,0.0002689,1809730.0
1764335400000,2025-11-28 15:10:00,0.0002689,0.0002691,0.0002687,0.0002691,338780.0
1764335700000,2025-11-28 15:15:00,0.0002691,0.0002698,0.0002691,0.0002698,19720.0
1764336000000,2025-11-28 15:20:00,0.0002698,0.0002699,0.0002697,0.0002697,1319760.0
1764336300000,2025-11-28 15:25:00,0.0002697,0.0002697,0.0002697,0.0002697,3880.0
1764336600000,2025-11-28 15:30:00,0.0002697,0.0002699,0.0002697,0.0002698,170200.0
1764336900000,2025-11-28 15:35:00,0.0002698,0.0002701,0.0002698,0.0002699,2711980.0
1764337200000,2025-11-28 15:40:00,0.0002699,0.0002699,0.0002698,0.0002699,130850.0
1764337500000,2025-11-28 15:45:00,0.0002699,0.0002715,0.0002699,0.0002709,10196490.0
1764337800000,2025-11-28 15:50:00,0.0002709,0.0002709,0.0002705,0.0002707,248490.0
1764338100000,2025-11-28 15:55:00,0.0002707,0.000271,0.0002706,0.000271,154990.0
1764338400000,2025-11-28 16:00:00,0.000271,0.0002715,0.000271,0.0002714,1049680.0
1764338700000,2025-11-28 16:05:00,0.0002714,0.0002716,0.0002712,0.0002716,604150.0
1764339000000,2025-11-28 16:10:00,0.0002716,0.0002716,0.0002711,0.0002712,115380.0
1764339300000,2025-11-28 16:15:00,0.0002712,0.0002712,0.000271,0.0002711,146080.0
1764339600000,2025-11-28 16:20:00,0.0002711,0.0002718,0.0002711,0.0002718,70930.0
1764339900000,2025-11-28 16:25:00,0.0002718,0.0002724,0.0002718,0.0002721,564600.0
1764340200000,2025-11-28 16:30:00,0.0002721,0.0002723,0.000271,0.0002717,1795110.0
1764340500000,2025-11-28 16:35:00,0.0002717,0.0002733,0.0002709,0.0002713,35961340.0
1764340800000,2025-11-28 16:40:00,0.0002713,0.0002715,0.0002705,0.0002708,8161900.0
1764341100000,2025-11-28 16:45:00,0.0002708,0.0002715,0.0002659,0.0002702,86921580.0
1764341400000,2025-11-28 16:50:00,0.0002702,0.0002706,0.0002691,0.0002697,6133040.0
1764341700000,2025-11-28 16:55:00,0.0002697,0.0002703,0.0002696,0.0002701,617210.0
1764342000000,2025-11-28 17:00:00,0.0002701,0.0002703,0.0002697,0.0002703,4974250.0
1764342300000,2025-11-28 17:05:00,0.0002703,0.0002708,0.0002695,0.00027,6162750.0
1764342600000,2025-11-28 17:10:00,0.00027,0.00027,0.0002697,0.0002698,2242350.0
1764342900000,2025-11-28 17:15:00,0.0002698,0.0002708,0.0002698,0.0002708,353780.0
1764343200000,2025-11-28 17:20:00,0.0002708,0.0002717,0.0002708,0.0002717,2484500.0
1764343500000,2025-11-28 17:25:00,0.0002717,0.0002717,0.0002714,0.0002715,237550.0
1764343800000,2025-11-28 17:30:00,0.0002715,0.0002719,0.0002708,0.0002713,2730760.0
1764344100000,2025-11-28 17:35:00,0.0002713,0.0002714,0.0002706,0.0002706,712480.0
1764344400000,2025-11-28 17:40:00,0.0002706,0.0002706,0.00027,0.0002702,2097950.0
1764344700000,2025-11-28 17:45:00,0.0002702,0.0002702,0.0002696,0.0002697,1310600.0
1764345000000,2025-11-28 17:50:00,0.0002697,0.0002697,0.0002689,0.0002697,2114260.0
1764345300000,2025-11-28 17:55:00,0.0002697,0.0002698,0.0002692,0.0002698,343640.0
1764345600000,2025-11-28 18:00:00,0.0002698,0.0002699,0.0002692,0.0002695,10181020.0
1764345900000,2025-11-28 18:05:00,0.0002695,0.0002697,0.000269,0.0002691,2700610.0
1764346200000,2025-11-28 18:10:00,0.0002691,0.0002697,0.0002691,0.0002697,2952710.0
1764346500000,2025-11-28 18:15:00,0.0002697,0.0002697,0.0002693,0.0002696,3371540.0
1764346800000,2025-11-28 18:20:00,0.0002696,0.0002697,0.0002671,0.0002681,15453760.0
1764347100000,2025-11-28 18:25:00,0.0002681,0.0002681,0.0002669,0.0002672,9036690.0
1764347400000,2025-11-28 18:30:00,0.0002672,0.0002679,0.0002663,0.0002679,2543290.0
1764347700000,2025-11-28 18:35:00,0.0002679,0.0002681,0.0002676,0.0002678,6577750.0
1764348000000,2025-11-28 18:40:00,0.0002678,0.0002679,0.0002676,0.0002679,618580.0
1764348300000,2025-11-28 18:45:00,0.0002679,0.0002682,0.0002677,0.000268,3636140.0
1764348600000,2025-11-28 18:50:00,0.000268,0.000268,0.0002674,0.0002674,2366530.0
1764348900000,2025-11-28 18:55:00,0.0002674,0.0002675,0.0002667,0.0002667,12702530.0
1764349200000,2025-11-28 19:00:00,0.0002667,0.0002667,0.0002661,0.0002667,3947660.0
1764349500000,2025-11-28 19:05:00,0.0002667,0.0002669,0.0002664,0.0002666,1573500.0
1764349800000,2025-11-28 19:10:00,0.0002666,0.0002673,0.0002657,0.0002658,2982300.0
1764350100000,2025-11-28 19:15:00,0.0002658,0.000266,0.000265,0.0002657,3449490.0
1764350400000,2025-11-28 19:20:00,0.0002657,0.000266,0.0002657,0.000266,199100.0
1764350700000,2025-11-28 19:25:00,0.000266,0.000266,0.0002649,0.0002655,1433280.0
1764351000000,2025-11-28 19:30:00,0.0002655,0.0002655,0.0002646,0.0002649,1438730.0
1764351300000,2025-11-28 19:35:00,0.0002649,0.000265,0.0002644,0.0002648,141800.0
1764351600000,2025-11-28 19:40:00,0.0002648,0.0002648,0.0002647,0.0002648,425180.0
1764351900000,2025-11-28 19:45:00,0.0002648,0.000265,0.0002646,0.0002649,1403320.0
1764352200000,2025-11-28 19:50:00,0.0002649,0.0002652,0.0002649,0.000265,301950.0
1764352500000,2025-11-28 19:55:00,0.000265,0.0002653,0.0002645,0.000265,548300.0
1764352800000,2025-11-28 20:00:00,0.000265,0.0002652,0.0002633,0.0002637,4749110.0
1764353100000,2025-11-28 20:05:00,0.0002637,0.0002643,0.0002635,0.0002643,3385380.0
1764353400000,2025-11-28 20:10:00,0.0002643,0.0002659,0.0002643,0.0002659,2095140.0
1764353700000,2025-11-28 20:15:00,0.0002659,0.0002659,0.0002653,0.0002654,3065000.0
1764354000000,2025-11-28 20:20:00,0.0002654,0.0002656,0.000265,0.000265,3051650.0
1764354300000,2025-11-28 20:25:00,0.000265,0.0002654,0.0002648,0.0002653,202210.0
1764354600000,2025-11-28 20:30:00,0.0002653,0.0002653,0.0002646,0.0002649,719190.0
1764354900000,2025-11-28 20:35:00,0.0002649,0.0002653,0.0002637,0.0002647,16840170.0
1764355200000,2025-11-28 20:40:00,0.0002647,0.0002649,0.0002642,0.0002649,4250990.0
1764355500000,2025-11-28 20:45:00,0.0002649,0.0002653,0.0002646,0.0002649,834520.0
1764355800000,2025-11-28 20:50:00,0.0002649,0.000265,0.0002644,0.0002647,5040430.0
1764356100000,2025-11-28 20:55:00,0.0002647,0.0002652,0.0002645,0.0002652,1473680.0
1764356400000,2025-11-28 21:00:00,0.0002652,0.0002662,0.000265,0.000266,4182680.0
1764356700000,2025-11-28 21:05:00,0.000266,0.0002661,0.0002657,0.0002658,3497680.0
1764357000000,2025-11-28 21:10:00,0.0002658,0.0002659,0.0002653,0.0002659,187150.0
1764357300000,2025-11-28 21:15:00,0.0002659,0.0002661,0.0002658,0.0002661,210650.0
1764357600000,2025-11-28 21:20:00,0.0002661,0.0002672,0.0002661,0.0002672,272080.0
1764357900000,2025-11-28 21:25:00,0.0002672,0.0002672,0.000267,0.000267,159760.0
1764358200000,2025-11-28 21:30:00,0.000267,0.000267,0.0002669,0.000267,60910.0
1764358500000,2025-11-28 21:35:00,0.000267,0.0002675,0.000267,0.0002675,342750.0
1764358800000,2025-11-28 21:40:00,0.0002675,0.0002675,0.0002672,0.0002672,159580.0
1764359100000,2025-11-28 21:45:00,0.0002672,0.0002672,0.000267,0.0002671,58120.0
1764359400000,2025-11-28 21:50:00,0.0002671,0.0002671,0.0002668,0.000267,94310.0
1764359700000,2025-11-28 21:55:00,0.000267,0.0002672,0.000267,0.0002671,184380.0
1764360000000,2025-11-28 22:00:00,0.0002671,0.0002671,0.0002661,0.0002663,939620.0
1764360300000,2025-11-28 22:05:00,0.0002663,0.0002663,0.0002659,0.000266,344850.0
1764360600000,2025-11-28 22:10:00,0.000266,0.000266,0.0002655,0.0002657,1556880.0
1764360900000,2025-11-28 22:15:00,0.0002657,0.0002667,0.0002654,0.0002667,4925930.0
1764361200000,2025-11-28 22:20:00,0.0002667,0.000267,0.0002667,0.000267,426420.0
1764361500000,2025-11-28 22:25:00,0.000267,0.000267,0.0002667,0.0002668,900920.0
1764361800000,2025-11-28 22:30:00,0.0002668,0.0002669,0.0002667,0.0002667,212040.0
1764362100000,2025-11-28 22:35:00,0.0002667,0.0002667,0.0002665,0.0002666,654820.0
1764362400000,2025-11-28 22:40:00,0.0002666,0.0002673,0.0002666,0.0002672,556330.0
1764362700000,2025-11-28 22:45:00,0.0002672,0.0002672,0.0002667,0.0002668,722360.0
1764363000000,2025-11-28 22:50:00,0.0002668,0.0002673,0.0002668,0.0002673,37820.0
1764363300000,2025-11-28 22:55:00,0.0002673,0.0002677,0.0002673,0.0002677,102750.0
1764363600000,2025-11-28 23:00:00,0.0002677,0.0002679,0.0002672,0.0002674,3728900.0
1764363900000,2025-11-28 23:05:00,0.0002674,0.0002677,0.0002673,0.0002677,2964970.0
1764364200000,2025-11-28 23:10:00,0.0002677,0.0002677,0.0002677,0.0002677,680.0
1764364500000,2025-11-28 23:15:00,0.0002677,0.0002679,0.0002673,0.0002673,205960.0
1764364800000,2025-11-28 23:20:00,0.0002673,0.0002675,0.0002673,0.0002675,79680.0
1764365100000,2025-11-28 23:25:00,0.0002675,0.0002681,0.0002675,0.0002681,275840.0
1764365400000,2025-11-28 23:30:00,0.0002681,0.0002683,0.000268,0.0002682,1812540.0
1764365700000,2025-11-28 23:35:00,0.0002682,0.0002683,0.0002682,0.0002683,20310.0
1764366000000,2025-11-28 23:40:00,0.0002683,0.0002686,0.0002683,0.0002683,1241070.0
1764366300000,2025-11-28 23:45:00,0.0002683,0.0002683,0.000268,0.000268,986030.0
1764366600000,2025-11-28 23:50:00,0.000268,0.000268,0.0002669,0.0002669,7843900.0
1764366900000,2025-11-28 23:55:00,0.0002669,0.0002669,0.0002663,0.0002663,3563430.0
1764367200000,2025-11-29 00:00:00,0.0002663,0.0002664,0.000266,0.0002661,1761320.0
1764367500000,2025-11-29 00:05:00,0.0002661,0.0002672,0.0002661,0.0002668,1754070.0
1764367800000,2025-11-29 00:10:00,0.0002668,0.0002674,0.0002668,0.0002671,287690.0
1764368100000,2025-11-29 00:15:00,0.0002671,0.0002671,0.0002662,0.0002664,2592480.0
1764368400000,2025-11-29 00:20:00,0.0002664,0.0002665,0.0002659,0.0002659,643370.0
1764368700000,2025-11-29 00:25:00,0.0002659,0.0002666,0.0002658,0.0002662,219240.0
1764369000000,2025-11-29 00:30:00,0.0002662,0.0002668,0.0002662,0.0002668,362680.0
1764369300000,2025-11-29 00:35:00,0.0002668,0.0002677,0.0002668,0.0002676,260300.0
1764369600000,2025-11-29 00:40:00,0.0002676,0.0002676,0.000267,0.0002672,1844960.0
1764369900000,2025-11-29 00:45:00,0.0002672,0.0002673,0.0002671,0.0002673,19580.0
1764370200000,2025-11-29 00:50:00,0.0002673,0.0002676,0.0002672,0.0002672,1032920.0
1764370500000,2025-11-29 00:55:00,0.0002672,0.0002672,0.0002672,0.0002672,179170.0
1764370800000,2025-11-29 01:00:00,0.0002672,0.0002677,0.0002672,0.0002677,2444840.0
1764371100000,2025-11-29 01:05:00,0.0002677,0.0002677,0.0002671,0.0002674,742030.0
1764371400000,2025-11-29 01:10:00,0.0002674,0.0002676,0.0002671,0.0002676,169580.0
1764371700000,2025-11-29 01:15:00,0.0002676,0.0002676,0.0002666,0.0002666,2506260.0
1764372000000,2025-11-29 01:20:00,0.0002666,0.0002667,0.0002665,0.0002667,70150.0
1764372300000,2025-11-29 01:25:00,0.0002667,0.0002667,0.0002665,0.0002666,402140.0
1764372600000,2025-11-29 01:30:00,0.0002666,0.0002666,0.0002666,0.0002666,75330.0
1764372900000,2025-11-29 01:35:00,0.0002666,0.0002666,0.0002665,0.0002665,25400.0
1764373200000,2025-11-29 01:40:00,0.0002665,0.0002669,0.0002665,0.0002668,1130070.0
1764373500000,2025-11-29 01:45:00,0.0002668,0.0002669,0.0002668,0.0002669,310920.0
1764373800000,2025-11-29 01:50:00,0.0002669,0.0002671,0.0002669,0.0002671,273070.0
1764374100000,2025-11-29 01:55:00,0.0002671,0.0002671,0.0002669,0.0002669,706650.0
1764374400000,2025-11-29 02:00:00,0.0002669,0.0002669,0.0002664,0.0002664,702430.0
1764374700000,2025-11-29 02:05:00,0.0002664,0.0002673,0.0002664,0.0002671,1122190.0
1764375000000,2025-11-29 02:10:00,0.0002671,0.0002672,0.0002669,0.000267,537540.0
1764375300000,2025-11-29 02:15:00,0.000267,0.000267,0.0002664,0.0002664,533980.0
1764375600000,2025-11-29 02:20:00,0.0002664,0.000267,0.0002664,0.000267,317030.0
1764375900000,2025-11-29 02:25:00,0.000267,0.0002672,0.0002667,0.000267,2324270.0
1764376200000,2025-11-29 02:30:00,0.000267,0.000267,0.0002664,0.0002667,1447300.0
1764376500000,2025-11-29 02:35:00,0.0002667,0.0002678,0.0002667,0.0002678,844990.0
1764376800000,2025-11-29 02:40:00,0.0002678,0.0002679,0.0002675,0.0002675,1307920.0
1764377100000,2025-11-29 02:45:00,0.0002675,0.000268,0.0002672,0.0002674,3458300.0
1764377400000,2025-11-29 02:50:00,0.0002674,0.0002674,0.000267,0.0002673,551740.0
1764377700000,2025-11-29 02:55:00,0.0002673,0.0002673,0.0002672,0.0002673,50530.0
1764378000000,2025-11-29 03:00:00,0.0002673,0.000268,0.0002671,0.0002679,1007910.0
1764378300000,2025-11-29 03:05:00,0.0002679,0.0002682,0.0002679,0.0002682,781760.0
1764378600000,2025-11-29 03:10:00,0.0002682,0.0002685,0.0002681,0.0002681,698210.0
1764378900000,2025-11-29 03:15:00,0.0002681,0.0002687,0.0002681,0.0002681,351380.0
1764379200000,2025-11-29 03:20:00,0.0002681,0.0002681,0.000268,0.0002681,207370.0
1764379500000,2025-11-29 03:25:00,0.0002681,0.0002688,0.0002681,0.0002681,4347730.0
1764379800000,2025-11-29 03:30:00,0.0002681,0.0002682,0.000268,0.0002682,169580.0
1764380100000,2025-11-29 03:35:00,0.0002682,0.0002682,0.0002681,0.0002681,651860.0
1764380400000,2025-11-29 03:40:00,0.0002681,0.0002681,0.0002677,0.0002679,58010.0
1764380700000,2025-11-29 03:45:00,0.0002679,0.0002681,0.0002679,0.000268,555510.0
1764381000000,2025-11-29 03:50:00,0.000268,0.0002695,0.000268,0.0002688,22532330.0
1764381300000,2025-11-29 03:55:00,0.0002688,0.000269,0.0002688,0.000269,349590.0
1764381600000,2025-11-29 04:00:00,0.000269,0.000269,0.0002688,0.000269,2007790.0
1764381900000,2025-11-29 04:05:00,0.000269,0.0002691,0.0002688,0.0002691,314430.0
1764382200000,2025-11-29 04:10:00,0.0002691,0.0002695,0.0002691,0.0002695,865040.0
1764382500000,2025-11-29 04:15:00,0.0002695,0.0002697,0.0002693,0.0002694,1111210.0
1764382800000,2025-11-29 04:20:00,0.0002694,0.0002695,0.0002693,0.0002693,716550.0
1764383100000,2025-11-29 04:25:00,0.0002693,0.0002694,0.0002692,0.0002692,111900.0
1764383400000,2025-11-29 04:30:00,0.0002692,0.0002696,0.0002687,0.0002687,594450.0
1764383700000,2025-11-29 04:35:00,0.0002687,0.000269,0.0002687,0.000269,598410.0
1764384000000,2025-11-29 04:40:00,0.000269,0.0002694,0.000269,0.0002694,21420.0
1764384300000,2025-11-29 04:45:00,0.0002694,0.0002694,0.000269,0.0002694,328870.0
1764384600000,2025-11-29 04:50:00,0.0002694,0.0002694,0.0002691,0.0002691,2590.0
1764384900000,2025-11-29 04:55:00,0.0002691,0.0002693,0.0002691,0.0002693,89220.0
1764385200000,2025-11-29 05:00:00,0.0002693,0.0002702,0.000269,0.0002702,4778260.0
1764385500000,2025-11-29 05:05:00,0.0002702,0.0002707,0.00027,0.0002707,2387230.0
1764385800000,2025-11-29 05:10:00,0.0002707,0.0002707,0.00027,0.0002706,4107670.0
1764386100000,2025-11-29 05:15:00,0.0002706,0.0002706,0.0002703,0.0002704,175290.0
1764386400000,2025-11-29 05:20:00,0.0002704,0.0002704,0.0002701,0.0002701,235350.0
1764386700000,2025-11-29 05:25:00,0.0002701,0.0002701,0.0002698,0.0002698,2780.0
1764387000000,2025-11-29 05:30:00,0.0002698,0.0002699,0.0002697,0.0002697,161780.0
1764387300000,2025-11-29 05:35:00,0.0002697,0.0002697,0.0002695,0.0002695,754070.0
1764387600000,2025-11-29 05:40:00,0.0002695,0.0002699,0.0002695,0.0002699,21320.0
1764387900000,2025-11-29 05:45:00,0.0002699,0.0002699,0.0002699,0.0002699,0.0
1764388200000,2025-11-29 05:50:00,0.0002699,0.0002699,0.0002699,0.0002699,0.0
1764388500000,2025-11-29 05:55:00,0.0002699,0.0002699,0.0002699,0.0002699,1786970.0
1764388800000,2025-11-29 06:00:00,0.0002699,0.0002699,0.0002695,0.0002698,774290.0
1764389100000,2025-11-29 06:05:00,0.0002698,0.0002698,0.0002698,0.0002698,0.0
1764389400000,2025-11-29 06:10:00,0.0002698,0.0002699,0.0002698,0.0002699,291830.0
1764389700000,2025-11-29 06:15:00,0.0002699,0.0002699,0.0002692,0.0002692,723500.0
1764390000000,2025-11-29 06:20:00,0.0002692,0.0002692,0.0002692,0.0002692,96790.0
1764390300000,2025-11-29 06:25:00,0.0002692,0.0002698,0.0002692,0.0002698,155940.0
1764390600000,2025-11-29 06:30:00,0.0002698,0.0002701,0.0002698,0.0002701,133190.0
1764390900000,2025-11-29 06:35:00,0.0002701,0.0002705,0.0002701,0.0002705,2448190.0
1764391200000,2025-11-29 06:40:00,0.0002705,0.0002707,0.0002705,0.0002707,693810.0
1764391500000,2025-11-29 06:45:00,0.0002707,0.0002707,0.0002707,0.0002707,2112040.0
1764391800000,2025-11-29 06:50:00,0.0002707,0.0002707,0.0002707,0.0002707,0.0
1764392100000,2025-11-29 06:55:00,0.0002707,0.0002713,0.0002707,0.0002713,15304730.0
1764392400000,2025-11-29 07:00:00,0.0002713,0.0002715,0.0002708,0.0002708,7281080.0
1764392700000,2025-11-29 07:05:00,0.0002708,0.0002708,0.0002706,0.0002706,1371340.0
1764393000000,2025-11-29 07:10:00,0.0002706,0.0002709,0.0002706,0.0002706,183400.0
1764393300000,2025-11-29 07:15:00,0.0002706,0.0002707,0.0002703,0.0002705,7639170.0
1764393600000,2025-11-29 07:20:00,0.0002705,0.0002707,0.0002705,0.0002707,11130.0
1764393900000,2025-11-29 07:25:00,0.0002707,0.0002707,0.0002704,0.0002704,260920.0
1764394200000,2025-11-29 07:30:00,0.0002704,0.0002704,0.0002704,0.0002704,20090.0
1764394500000,2025-11-29 07:35:00,0.0002704,0.0002708,0.0002704,0.0002708,403180.0
1764394800000,2025-11-29 07:40:00,0.0002708,0.0002708,0.0002701,0.0002706,8317810.0
1764395100000,2025-11-29 07:45:00,0.0002706,0.0002706,0.0002695,0.0002701,8587870.0
1764395400000,2025-11-29 07:50:00,0.0002701,0.0002706,0.00027,0.0002703,6455490.0
1764395700000,2025-11-29 07:55:00,0.0002703,0.0002715,0.0002703,0.0002715,1368410.0
1764396000000,2025-11-29 08:00:00,0.0002715,0.000272,0.0002704,0.000271,7987160.0
1764396300000,2025-11-29 08:05:00,0.000271,0.0002711,0.0002708,0.0002708,816120.0
1764396600000,2025-11-29 08:10:00,0.0002708,0.0002709,0.0002702,0.0002702,3650940.0
1764396900000,2025-11-29 08:15:00,0.0002702,0.0002703,0.00027,0.0002702,5679520.0
1764397200000,2025-11-29 08:20:00,0.0002702,0.0002703,0.0002685,0.0002687,4494710.0
1764397500000,2025-11-29 08:25:00,0.0002687,0.0002691,0.0002686,0.000269,2365590.0
1764397800000,2025-11-29 08:30:00,0.000269,0.000269,0.0002676,0.0002676,4667840.0
1764398100000,2025-11-29 08:35:00,0.0002676,0.0002688,0.0002675,0.0002687,2765140.0
1764398400000,2025-11-29 08:40:00,0.0002687,0.0002689,0.0002686,0.0002688,1444250.0
1764398700000,2025-11-29 08:45:00,0.0002688,0.0002694,0.0002688,0.000269,1880370.0
1764399000000,2025-11-29 08:50:00,0.000269,0.0002692,0.000269,0.0002692,194560.0
1764399300000,2025-11-29 08:55:00,0.0002692,0.00027,0.0002692,0.00027,6309560.0
1764399600000,2025-11-29 09:00:00,0.00027,0.0002701,0.0002691,0.0002693,14869450.0
1764399900000,2025-11-29 09:05:00,0.0002693,0.0002694,0.000269,0.0002693,940170.0
1764400200000,2025-11-29 09:10:00,0.0002693,0.0002693,0.0002689,0.0002693,747870.0
1764400500000,2025-11-29 09:15:00,0.0002693,0.0002694,0.0002689,0.0002689,780220.0
1764400800000,2025-11-29 09:20:00,0.0002689,0.000269,0.0002684,0.0002684,364980.0
1764401100000,2025-11-29 09:25:00,0.0002684,0.0002687,0.0002684,0.0002687,265890.0
1764401400000,2025-11-29 09:30:00,0.0002687,0.0002687,0.0002682,0.0002684,363270.0
1764401700000,2025-11-29 09:35:00,0.0002684,0.0002684,0.0002678,0.0002679,983190.0
1764402000000,2025-11-29 09:40:00,0.0002679,0.000268,0.0002678,0.000268,87700.0
1764402300000,2025-11-29 09:45:00,0.000268,0.0002683,0.000268,0.0002682,243490.0
1764402600000,2025-11-29 09:50:00,0.0002682,0.0002683,0.0002681,0.0002681,29080.0
1764402900000,2025-11-29 09:55:00,0.0002681,0.0002683,0.0002681,0.0002681,460340.0
1764403200000,2025-11-29 10:00:00,0.0002681,0.0002681,0.0002676,0.0002677,562400.0
1764403500000,2025-11-29 10:05:00,0.0002677,0.0002681,0.0002676,0.0002676,709460.0
1764403800000,2025-11-29 10:10:00,0.0002676,0.0002682,0.0002675,0.0002682,846220.0
1764404100000,2025-11-29 10:15:00,0.0002682,0.0002683,0.000268,0.000268,256890.0
1764404400000,2025-11-29 10:20:00,0.000268,0.0002682,0.0002679,0.0002681,193540.0
1764404700000,2025-11-29 10:25:00,0.0002681,0.0002681,0.0002676,0.0002679,1313640.0
1764405000000,2025-11-29 10:30:00,0.0002679,0.000268,0.0002675,0.000268,378850.0
1764405300000,2025-11-29 10:35:00,0.000268,0.0002682,0.000268,0.000268,318220.0
1764405600000,2025-11-29 10:40:00,0.000268,0.000268,0.0002674,0.0002675,165990.0
1764405900000,2025-11-29 10:45:00,0.0002675,0.0002675,0.0002675,0.0002675,0.0
1764406200000,2025-11-29 10:50:00,0.0002675,0.0002675,0.0002674,0.0002674,209160.0
1764406500000,2025-11-29 10:55:00,0.0002674,0.0002674,0.0002672,0.0002673,3286420.0
1764406800000,2025-11-29 11:00:00,0.0002673,0.0002675,0.0002673,0.0002674,678010.0
1764407100000,2025-11-29 11:05:00,0.0002674,0.0002678,0.0002674,0.0002676,418580.0
1764407400000,2025-11-29 11:10:00,0.0002676,0.0002684,0.0002676,0.0002684,57130.0
1764407700000,2025-11-29 11:15:00,0.0002684,0.0002684,0.0002682,0.0002682,69970.0
1764408000000,2025-11-29 11:20:00,0.0002682,0.0002682,0.0002678,0.0002679,167300.0
1764408300000,2025-11-29 11:25:00,0.0002679,0.0002679,0.0002679,0.0002679,308540.0
1764408600000,2025-11-29 11:30:00,0.0002679,0.000268,0.0002678,0.000268,63350.0
1764408900000,2025-11-29 11:35:00,0.000268,0.0002681,0.000268,0.000268,495900.0
1764409200000,2025-11-29 11:40:00,0.000268,0.000268,0.0002679,0.000268,32360.0
1764409500000,2025-11-29 11:45:00,0.000268,0.0002681,0.000268,0.0002681,5410.0
1764409800000,2025-11-29 11:50:00,0.0002681,0.0002681,0.0002678,0.0002678,505980.0
1764410100000,2025-11-29 11:55:00,0.0002678,0.0002678,0.0002675,0.0002675,210610.0
1764410400000,2025-11-29 12:00:00,0.0002675,0.0002676,0.0002675,0.0002676,1184660.0
1764410700000,2025-11-29 12:05:00,0.0002676,0.0002678,0.0002675,0.0002675,2233820.0
1764411000000,2025-11-29 12:10:00,0.0002675,0.0002679,0.0002672,0.0002672,3314630.0
1764411300000,2025-11-29 12:15:00,0.0002672,0.0002677,0.0002671,0.0002671,2116480.0
1764411600000,2025-11-29 12:20:00,0.0002671,0.0002674,0.0002668,0.0002673,960790.0
1764411900000,2025-11-29 12:25:00,0.0002673,0.0002681,0.0002673,0.0002681,1343380.0
1764412200000,2025-11-29 12:30:00,0.0002681,0.0002682,0.0002678,0.0002681,1056270.0
1764412500000,2025-11-29 12:35:00,0.0002681,0.0002683,0.0002681,0.0002683,1715220.0
1764412800000,2025-11-29 12:40:00,0.0002683,0.0002686,0.0002681,0.0002685,1794180.0
1764413100000,2025-11-29 12:45:00,0.0002685,0.0002685,0.0002681,0.0002682,2188250.0
1764413400000,2025-11-29 12:50:00,0.0002682,0.0002684,0.0002682,0.0002683,550780.0
1764413700000,2025-11-29 12:55:00,0.0002683,0.0002686,0.0002683,0.0002686,853410.0
1764414000000,2025-11-29 13:00:00,0.0002686,0.0002689,0.0002683,0.0002689,2738310.0
1764414300000,2025-11-29 13:05:00,0.0002689,0.000269,0.0002683,0.0002683,2316840.0
1764414600000,2025-11-29 13:10:00,0.0002683,0.000269,0.0002683,0.000269,5212950.0
1764414900000,2025-11-29 13:15:00,0.000269,0.000269,0.0002676,0.0002681,26380660.0
1764415200000,2025-11-29 13:20:00,0.0002681,0.0002681,0.0002679,0.0002681,1259430.0
1764415500000,2025-11-29 13:25:00,0.0002681,0.0002681,0.000268,0.000268,539880.0
1764415800000,2025-11-29 13:30:00,0.000268,0.0002681,0.0002679,0.000268,3464340.0
1764416100000,2025-11-29 13:35:00,0.000268,0.0002686,0.000268,0.0002686,10252040.0
1764416400000,2025-11-29 13:40:00,0.0002686,0.0002698,0.0002685,0.0002696,14024720.0
1764416700000,2025-11-29 13:45:00,0.0002696,0.0002704,0.0002691,0.0002696,12196870.0
1764417000000,2025-11-29 13:50:00,0.0002696,0.0002697,0.0002694,0.0002695,2450650.0
1764417300000,2025-11-29 13:55:00,0.0002695,0.0002698,0.0002695,0.0002698,891690.0
1764417600000,2025-11-29 14:00:00,0.0002698,0.0002698,0.0002679,0.0002694,57547400.0
1764417900000,2025-11-29 14:05:00,0.0002694,0.0002702,0.0002694,0.0002696,3463460.0
1764418200000,2025-11-29 14:10:00,0.0002696,0.0002697,0.000269,0.0002692,772420.0
1764418500000,2025-11-29 14:15:00,0.0002692,0.0002692,0.0002683,0.0002683,759980.0
1764418800000,2025-11-29 14:20:00,0.0002683,0.0002686,0.0002683,0.0002683,370310.0
1764419100000,2025-11-29 14:25:00,0.0002683,0.0002686,0.0002683,0.0002683,294030.0
1764419400000,2025-11-29 14:30:00,0.0002683,0.0002683,0.0002682,0.0002682,1252580.0
1764419700000,2025-11-29 14:35:00,0.0002682,0.0002683,0.0002681,0.0002683,1507290.0
1764420000000,2025-11-29 14:40:00,0.0002683,0.0002683,0.000268,0.000268,218010.0
1764420300000,2025-11-29 14:45:00,0.000268,0.000268,0.0002676,0.0002677,2968520.0
1764420600000,2025-11-29 14:50:00,0.0002677,0.0002678,0.0002676,0.0002676,254140.0
1764420900000,2025-11-29 14:55:00,0.0002676,0.0002678,0.0002673,0.0002675,1137180.0
1764421200000,2025-11-29 15:00:00,0.0002675,0.0002675,0.0002669,0.0002673,2235420.0
1764421500000,2025-11-29 15:05:00,0.0002673,0.0002673,0.000267,0.000267,418540.0
1764421800000,2025-11-29 15:10:00,0.000267,0.0002677,0.000267,0.0002672,12877290.0
1764422100000,2025-11-29 15:15:00,0.0002672,0.0002672,0.0002668,0.000267,469270.0
1764422400000,2025-11-29 15:20:00,0.000267,0.0002675,0.000267,0.0002675,1200.0
1764422700000,2025-11-29 15:25:00,0.0002675,0.0002675,0.0002673,0.0002674,402410.0
1764423000000,2025-11-29 15:30:00,0.0002674,0.0002675,0.0002674,0.0002675,45870.0
1764423300000,2025-11-29 15:35:00,0.0002675,0.0002675,0.000267,0.000267,207900.0
1764423600000,2025-11-29 15:40:00,0.000267,0.0002674,0.000267,0.0002674,349840.0
1764423900000,2025-11-29 15:45:00,0.0002674,0.000268,0.0002674,0.000268,232020.0
1764424200000,2025-11-29 15:50:00,0.000268,0.000268,0.000268,0.000268,101020.0
1764424500000,2025-11-29 15:55:00,0.000268,0.000268,0.0002679,0.0002679,79820.0
1764424800000,2025-11-29 16:00:00,0.0002679,0.0002679,0.0002674,0.0002674,1078200.0
1764425100000,2025-11-29 16:05:00,0.0002674,0.0002676,0.0002674,0.0002676,267540.0
1764425400000,2025-11-29 16:10:00,0.0002676,0.0002682,0.0002676,0.0002682,424640.0
1764425700000,2025-11-29 16:15:00,0.0002682,0.0002682,0.0002681,0.0002681,128280.0
1764426000000,2025-11-29 16:20:00,0.0002681,0.0002682,0.0002678,0.000268,1260800.0
1764426300000,2025-11-29 16:25:00,0.000268,0.000268,0.000268,0.000268,0.0
1764426600000,2025-11-29 16:30:00,0.000268,0.000268,0.0002679,0.000268,376360.0
1764426900000,2025-11-29 16:35:00,0.000268,0.000268,0.000268,0.000268,0.0
1764427200000,2025-11-29 16:40:00,0.000268,0.000268,0.0002675,0.0002677,38160.0
1764427500000,2025-11-29 16:45:00,0.0002677,0.0002683,0.0002677,0.0002682,1577440.0
1764427800000,2025-11-29 16:50:00,0.0002682,0.0002684,0.0002677,0.0002679,1210220.0
1764428100000,2025-11-29 16:55:00,0.0002679,0.0002679,0.0002678,0.0002678,47830.0
1764428400000,2025-11-29 17:00:00,0.0002678,0.0002696,0.0002676,0.0002689,8427960.0
1764428700000,2025-11-29 17:05:00,0.0002689,0.000275,0.0002689,0.000275,247935610.0
1764429000000,2025-11-29 17:10:00,0.000275,0.000294,0.0002737,0.0002859,827453070.0
1764429300000,2025-11-29 17:15:00,0.0002859,0.0002894,0.0002777,0.00028,763367600.0
1764429600000,2025-11-29 17:20:00,0.00028,0.0002913,0.0002779,0.0002818,476443810.0
1764429900000,2025-11-29 17:25:00,0.0002818,0.0002829,0.0002756,0.000276,201238490.0
1764430200000,2025-11-29 17:30:00,0.000276,0.0002806,0.0002754,0.0002779,140705620.0
1764430500000,2025-11-29 17:35:00,0.0002779,0.0002814,0.0002773,0.0002796,171746270.0
1764430800000,2025-11-29 17:40:00,0.0002796,0.0002828,0.0002784,0.0002794,247535280.0
1764431100000,2025-11-29 17:45:00,0.0002794,0.0002823,0.0002788,0.0002792,87485300.0
1764431400000,2025-11-29 17:50:00,0.0002792,0.0002793,0.0002755,0.0002755,144666080.0
1764431700000,2025-11-29 17:55:00,0.0002755,0.0002758,0.0002738,0.0002747,87123330.0
1764432000000,2025-11-29 18:00:00,0.0002747,0.0002752,0.0002725,0.0002751,118874220.0
1764432300000,2025-11-29 18:05:00,0.0002751,0.0002758,0.000273,0.0002734,114939790.0
1764432600000,2025-11-29 18:10:00,0.0002734,0.0002746,0.0002722,0.0002727,82712260.0
1764432900000,2025-11-29 18:15:00,0.0002727,0.000273,0.00027,0.0002714,119046990.0
1764433200000,2025-11-29 18:20:00,0.0002714,0.000272,0.0002698,0.0002704,119358730.0
1764433500000,2025-11-29 18:25:00,0.0002704,0.0002708,0.0002681,0.0002691,91435200.0
1764433800000,2025-11-29 18:30:00,0.0002691,0.0002691,0.0002655,0.0002686,210396960.0
1764434100000,2025-11-29 18:35:00,0.0002686,0.0002689,0.000268,0.0002686,27561100.0
1764434400000,2025-11-29 18:40:00,0.0002686,0.0002692,0.0002677,0.000268,22213700.0
1764434700000,2025-11-29 18:45:00,0.000268,0.0002692,0.0002678,0.0002692,34166370.0
1764435000000,2025-11-29 18:50:00,0.0002692,0.0002706,0.0002688,0.0002699,26069570.0
1764435300000,2025-11-29 18:55:00,0.0002699,0.0002704,0.0002682,0.0002685,22191990.0
1764435600000,2025-11-29 19:00:00,0.0002685,0.0002685,0.0002668,0.0002674,41451550.0
1764435900000,2025-11-29 19:05:00,0.0002674,0.0002693,0.000267,0.000269,51166990.0
1764436200000,2025-11-29 19:10:00,0.000269,0.0002715,0.000269,0.00027,25128510.0
1764436500000,2025-11-29 19:15:00,0.00027,0.0002707,0.0002685,0.0002688,13578410.0
1764436800000,2025-11-29 19:20:00,0.0002688,0.0002695,0.0002688,0.0002689,12850740.0
1764437100000,2025-11-29 19:25:00,0.0002689,0.0002692,0.0002685,0.000269,6420370.0
1764437400000,2025-11-29 19:30:00,0.000269,0.0002691,0.0002676,0.0002679,16313820.0
1764437700000,2025-11-29 19:35:00,0.0002679,0.0002687,0.0002675,0.0002686,6908820.0
1764438000000,2025-11-29 19:40:00,0.0002686,0.0002688,0.0002681,0.0002682,5014580.0
1764438300000,2025-11-29 19:45:00,0.0002682,0.0002684,0.0002671,0.0002671,11883160.0
1764438600000,2025-11-29 19:50:00,0.0002671,0.0002673,0.0002656,0.0002659,20092730.0
1764438900000,2025-11-29 19:55:00,0.0002659,0.0002664,0.0002651,0.0002662,11682760.0
1764439200000,2025-11-29 20:00:00,0.0002662,0.0002669,0.0002651,0.000266,10203290.0
1764439500000,2025-11-29 20:05:00,0.000266,0.0002665,0.0002647,0.0002663,26915460.0
1764439800000,2025-11-29 20:10:00,0.0002663,0.0002675,0.000266,0.0002675,9776060.0
1764440100000,2025-11-29 20:15:00,0.0002675,0.0002676,0.0002663,0.0002669,45281360.0
1764440400000,2025-11-29 20:20:00,0.0002669,0.0002671,0.0002654,0.0002658,14742710.0
1764440700000,2025-11-29 20:25:00,0.0002658,0.000266,0.000265,0.0002651,6575970.0
1764441000000,2025-11-29 20:30:00,0.0002651,0.0002658,0.000265,0.0002655,6567080.0
1764441300000,2025-11-29 20:35:00,0.0002655,0.0002661,0.0002655,0.000266,3238030.0
1764441600000,2025-11-29 20:40:00,0.000266,0.0002662,0.0002657,0.0002657,5764770.0
1764441900000,2025-11-29 20:45:00,0.0002657,0.0002663,0.0002654,0.0002657,24051710.0
1764442200000,2025-11-29 20:50:00,0.0002657,0.0002664,0.0002657,0.0002662,8711040.0
1764442500000,2025-11-29 20:55:00,0.0002662,0.0002667,0.0002662,0.0002664,3382210.0
1764442800000,2025-11-29 21:00:00,0.0002664,0.0002674,0.0002664,0.000267,4533070.0
1764443100000,2025-11-29 21:05:00,0.000267,0.0002677,0.0002669,0.0002677,4313290.0
1764443400000,2025-11-29 21:10:00,0.0002677,0.000268,0.0002673,0.0002679,5129380.0
1764443700000,2025-11-29 21:15:00,0.0002679,0.000268,0.0002671,0.0002675,12564340.0
1764444000000,2025-11-29 21:20:00,0.0002675,0.0002676,0.000267,0.000267,5078870.0
1764444300000,2025-11-29 21:25:00,0.000267,0.0002674,0.000267,0.0002673,3575210.0
1764444600000,2025-11-29 21:30:00,0.0002673,0.0002674,0.0002663,0.0002666,4745020.0
1764444900000,2025-11-29 21:35:00,0.0002666,0.0002674,0.0002662,0.0002672,7375710.0
1764445200000,2025-11-29 21:40:00,0.0002672,0.0002685,0.0002672,0.0002684,10496390.0
1764445500000,2025-11-29 21:45:00,0.0002684,0.0002686,0.0002677,0.0002677,3282280.0
1764445800000,2025-11-29 21:50:00,0.0002677,0.0002683,0.0002675,0.0002679,4782350.0
1764446100000,2025-11-29 21:55:00,0.0002679,0.0002681,0.0002671,0.0002674,4827660.0
1764446400000,2025-11-29 22:00:00,0.0002674,0.0002679,0.0002673,0.0002676,7713420.0
1764446700000,2025-11-29 22:05:00,0.0002676,0.0002683,0.0002672,0.0002675,6273600.0
1764447000000,2025-11-29 22:10:00,0.0002675,0.0002675,0.0002659,0.0002663,10960340.0
1764447300000,2025-11-29 22:15:00,0.0002663,0.000269,0.0002663,0.0002681,15677340.0
1764447600000,2025-11-29 22:20:00,0.0002681,0.0002681,0.0002653,0.000268,30183300.0
1764447900000,2025-11-29 22:25:00,0.000268,0.0002699,0.0002679,0.0002686,5331290.0
1764448200000,2025-11-29 22:30:00,0.0002686,0.0002698,0.0002683,0.0002695,8952430.0
1764448500000,2025-11-29 22:35:00,0.0002695,0.0002697,0.0002686,0.0002686,2530470.0
1764448800000,2025-11-29 22:40:00,0.0002686,0.0002688,0.0002674,0.0002681,17174640.0
1764449100000,2025-11-29 22:45:00,0.0002681,0.0002683,0.0002676,0.000268,16037780.0
1764449400000,2025-11-29 22:50:00,0.000268,0.0002681,0.0002674,0.0002677,51756200.0
1764449700000,2025-11-29 22:55:00,0.0002677,0.0002677,0.0002671,0.0002672,10066060.0
1764450000000,2025-11-29 23:00:00,0.0002672,0.0002672,0.0002661,0.0002667,9342040.0
1764450300000,2025-11-29 23:05:00,0.0002667,0.0002672,0.0002662,0.0002662,6608840.0
1764450600000,2025-11-29 23:10:00,0.0002662,0.0002663,0.0002658,0.0002662,3681350.0
1764450900000,2025-11-29 23:15:00,0.0002662,0.0002666,0.0002661,0.0002665,6044730.0
1764451200000,2025-11-29 23:20:00,0.0002665,0.0002668,0.0002662,0.0002668,2424210.0
1764451500000,2025-11-29 23:25:00,0.0002668,0.0002671,0.0002666,0.0002666,1649790.0
1764451800000,2025-11-29 23:30:00,0.0002666,0.0002667,0.0002664,0.0002665,2311610.0
1764452100000,2025-11-29 23:35:00,0.0002665,0.000267,0.0002663,0.000267,2812260.0
1764452400000,2025-11-29 23:40:00,0.000267,0.0002672,0.0002666,0.000267,3701070.0
1764452700000,2025-11-29 23:45:00,0.000267,0.0002675,0.0002669,0.0002675,2921610.0
1764453000000,2025-11-29 23:50:00,0.0002675,0.0002679,0.0002673,0.0002679,5950040.0
1764453300000,2025-11-29 23:55:00,0.0002679,0.000268,0.0002675,0.0002679,5313680.0
1764453600000,2025-11-30 00:00:00,0.0002679,0.0002679,0.0002672,0.0002677,2394010.0
1764453900000,2025-11-30 00:05:00,0.0002677,0.0002684,0.0002676,0.000268,11375090.0
1764454200000,2025-11-30 00:10:00,0.000268,0.0002683,0.0002676,0.0002676,5617210.0
1764454500000,2025-11-30 00:15:00,0.0002676,0.0002677,0.0002672,0.0002672,3864440.0
1764454800000,2025-11-30 00:20:00,0.0002672,0.0002675,0.0002671,0.0002674,1892240.0
1764455100000,2025-11-30 00:25:00,0.0002674,0.0002675,0.0002672,0.0002672,1293760.0
1764455400000,2025-11-30 00:30:00,0.0002672,0.0002674,0.000267,0.0002671,7661280.0
1764455700000,2025-11-30 00:35:00,0.0002671,0.0002677,0.000267,0.0002676,5100310.0
1764456000000,2025-11-30 00:40:00,0.0002676,0.000268,0.0002674,0.0002676,8561960.0
1764456300000,2025-11-30 00:45:00,0.0002676,0.0002679,0.0002674,0.0002674,1912170.0
1764456600000,2025-11-30 00:50:00,0.0002674,0.0002678,0.0002672,0.0002676,1667220.0
1764456900000,2025-11-30 00:55:00,0.0002676,0.0002679,0.0002672,0.0002673,7019190.0
1764457200000,2025-11-30 01:00:00,0.0002673,0.0002675,0.0002672,0.0002674,1164700.0
1764457500000,2025-11-30 01:05:00,0.0002674,0.0002674,0.0002668,0.0002668,1219530.0
1764457800000,2025-11-30 01:10:00,0.0002668,0.0002673,0.0002668,0.0002673,1153260.0
1764458100000,2025-11-30 01:15:00,0.0002673,0.0002678,0.0002673,0.0002678,1145950.0
1764458400000,2025-11-30 01:20:00,0.0002678,0.0002683,0.0002678,0.0002683,4147100.0
1764458700000,2025-11-30 01:25:00,0.0002683,0.0002684,0.0002679,0.0002679,2083020.0
1764459000000,2025-11-30 01:30:00,0.0002679,0.0002681,0.0002674,0.0002677,1473880.0
1764459300000,2025-11-30 01:35:00,0.0002677,0.0002678,0.0002677,0.0002677,648450.0
1764459600000,2025-11-30 01:40:00,0.0002677,0.0002679,0.0002677,0.0002679,222740.0
1764459900000,2025-11-30 01:45:00,0.0002679,0.0002682,0.0002679,0.0002681,648830.0
1764460200000,2025-11-30 01:50:00,0.0002681,0.0002685,0.0002681,0.0002681,2594640.0
1764460500000,2025-11-30 01:55:00,0.0002681,0.0002683,0.0002675,0.0002676,2700010.0
1764460800000,2025-11-30 02:00:00,0.0002676,0.0002692,0.0002671,0.0002684,9418730.0
1764461100000,2025-11-30 02:05:00,0.0002684,0.0002687,0.0002683,0.0002685,3394290.0
1764461400000,2025-11-30 02:10:00,0.0002685,0.0002687,0.0002683,0.0002686,1198110.0
1764461700000,2025-11-30 02:15:00,0.0002686,0.0002688,0.0002683,0.0002683,727080.0
1764462000000,2025-11-30 02:20:00,0.0002683,0.0002687,0.0002683,0.0002686,286350.0
1764462300000,2025-11-30 02:25:00,0.0002686,0.0002687,0.0002685,0.0002686,827580.0
1764462600000,2025-11-30 02:30:00,0.0002686,0.0002688,0.0002684,0.0002685,1581420.0
1764462900000,2025-11-30 02:35:00,0.0002685,0.0002685,0.0002679,0.000268,763350.0
1764463200000,2025-11-30 02:40:00,0.000268,0.0002685,0.000268,0.000268,1871310.0
1764463500000,2025-11-30 02:45:00,0.000268,0.0002685,0.000268,0.0002684,476860.0
1764463800000,2025-11-30 02:50:00,0.0002684,0.0002687,0.0002681,0.0002682,341570.0
1764464100000,2025-11-30 02:55:00,0.0002682,0.0002689,0.0002682,0.0002688,5800780.0
1764464400000,2025-11-30 03:00:00,0.0002688,0.0002698,0.0002685,0.0002697,6413850.0
1764464700000,2025-11-30 03:05:00,0.0002697,0.0002702,0.0002696,0.0002696,1381420.0
1764465000000,2025-11-30 03:10:00,0.0002696,0.0002699,0.0002694,0.0002696,1083370.0
1764465300000,2025-11-30 03:15:00,0.0002696,0.0002701,0.0002696,0.0002698,1113650.0
1764465600000,2025-11-30 03:20:00,0.0002698,0.0002704,0.0002695,0.0002699,13747270.0
1764465900000,2025-11-30 03:25:00,0.0002699,0.0002699,0.000269,0.0002694,1023220.0
1764466200000,2025-11-30 03:30:00,0.0002694,0.0002698,0.0002693,0.0002698,310150.0
1764466500000,2025-11-30 03:35:00,0.0002698,0.0002698,0.0002696,0.0002697,529900.0
1764466800000,2025-11-30 03:40:00,0.0002697,0.0002697,0.0002691,0.0002692,1027710.0
1764467100000,2025-11-30 03:45:00,0.0002692,0.0002694,0.0002691,0.0002694,352250.0
1764467400000,2025-11-30 03:50:00,0.0002694,0.0002694,0.000269,0.0002691,1222970.0
1764467700000,2025-11-30 03:55:00,0.0002691,0.0002691,0.0002689,0.0002689,183670.0
1764468000000,2025-11-30 04:00:00,0.0002689,0.00027,0.0002689,0.00027,1199700.0
1764468300000,2025-11-30 04:05:00,0.00027,0.00027,0.0002698,0.0002699,1320040.0
1764468600000,2025-11-30 04:10:00,0.0002699,0.0002701,0.0002698,0.0002698,3562970.0
1764468900000,2025-11-30 04:15:00,0.0002698,0.0002701,0.0002697,0.0002701,954580.0
1764469200000,2025-11-30 04:20:00,0.0002701,0.0002709,0.00027,0.0002709,2968780.0
1764469500000,2025-11-30 04:25:00,0.0002709,0.0002709,0.0002706,0.0002709,1478330.0
1764469800000,2025-11-30 04:30:00,0.0002709,0.0002711,0.0002707,0.0002711,4951510.0
1764470100000,2025-11-30 04:35:00,0.0002711,0.0002711,0.0002702,0.0002702,650950.0
1764470400000,2025-11-30 04:40:00,0.0002702,0.0002702,0.0002698,0.0002702,1034890.0
1764470700000,2025-11-30 04:45:00,0.0002702,0.0002702,0.00027,0.0002701,207060.0
1764471000000,2025-11-30 04:50:00,0.0002701,0.0002701,0.0002696,0.0002696,374100.0
1764471300000,2025-11-30 04:55:00,0.0002696,0.00027,0.0002695,0.0002699,3506500.0
1764471600000,2025-11-30 05:00:00,0.0002699,0.0002699,0.0002694,0.0002697,1894150.0
1764471900000,2025-11-30 05:05:00,0.0002697,0.00027,0.0002692,0.0002692,3245270.0
1764472200000,2025-11-30 05:10:00,0.0002692,0.0002696,0.0002689,0.000269,9012090.0
1764472500000,2025-11-30 05:15:00,0.000269,0.0002692,0.0002667,0.0002668,5977590.0
1764472800000,2025-11-30 05:20:00,0.0002668,0.0002682,0.0002667,0.0002679,6871040.0
1764473100000,2025-11-30 05:25:00,0.0002679,0.0002682,0.0002679,0.0002682,870230.0
1764473400000,2025-11-30 05:30:00,0.0002682,0.0002687,0.0002682,0.0002686,930690.0
1764473700000,2025-11-30 05:35:00,0.0002686,0.0002686,0.0002679,0.0002681,948100.0
1764474000000,2025-11-30 05:40:00,0.0002681,0.0002694,0.0002681,0.0002692,1647080.0
1764474300000,2025-11-30 05:45:00,0.0002692,0.0002699,0.0002692,0.0002694,858590.0
1764474600000,2025-11-30 05:50:00,0.0002694,0.0002698,0.0002693,0.0002697,1269660.0
1764474900000,2025-11-30 05:55:00,0.0002697,0.0002706,0.0002697,0.0002704,3675750.0
1764475200000,2025-11-30 06:00:00,0.0002704,0.0002706,0.0002698,0.0002702,1831360.0
1764475500000,2025-11-30 06:05:00,0.0002702,0.0002713,0.00027,0.0002713,30021430.0
1764475800000,2025-11-30 06:10:00,0.0002713,0.0002715,0.0002711,0.0002711,566350.0
1764476100000,2025-11-30 06:15:00,0.0002711,0.0002711,0.0002704,0.0002709,7436560.0
1764476400000,2025-11-30 06:20:00,0.0002709,0.0002727,0.0002709,0.0002723,25113330.0
1764476700000,2025-11-30 06:25:00,0.0002723,0.0002726,0.0002711,0.0002716,25442930.0
1764477000000,2025-11-30 06:30:00,0.0002716,0.000272,0.0002713,0.0002713,27215370.0
1764477300000,2025-11-30 06:35:00,0.0002713,0.0002719,0.0002712,0.0002712,9310740.0
1764477600000,2025-11-30 06:40:00,0.0002712,0.0002717,0.0002711,0.0002713,2639670.0
1764477900000,2025-11-30 06:45:00,0.0002713,0.0002727,0.000271,0.000272,26337540.0
1764478200000,2025-11-30 06:50:00,0.000272,0.0002721,0.0002705,0.0002707,17339790.0
1764478500000,2025-11-30 06:55:00,0.0002707,0.0002707,0.0002702,0.0002706,1390570.0
1764478800000,2025-11-30 07:00:00,0.0002706,0.0002708,0.0002701,0.0002703,2329120.0
1764479100000,2025-11-30 07:05:00,0.0002703,0.0002706,0.00027,0.0002701,2373830.0
1764479400000,2025-11-30 07:10:00,0.0002701,0.0002713,0.00027,0.0002704,4566730.0
1764479700000,2025-11-30 07:15:00,0.0002704,0.0002708,0.0002696,0.0002696,3040080.0
1764480000000,2025-11-30 07:20:00,0.0002696,0.00027,0.0002688,0.0002688,4236710.0
1764480300000,2025-11-30 07:25:00,0.0002688,0.0002695,0.0002688,0.0002692,3900290.0
1764480600000,2025-11-30 07:30:00,0.0002692,0.0002698,0.0002687,0.0002691,31121660.0
1764480900000,2025-11-30 07:35:00,0.0002691,0.0002691,0.0002682,0.0002689,11109260.0
1764481200000,2025-11-30 07:40:00,0.0002689,0.0002697,0.0002689,0.0002693,1975060.0
1764481500000,2025-11-30 07:45:00,0.0002693,0.0002694,0.0002692,0.0002694,1553600.0
1764481800000,2025-11-30 07:50:00,0.0002694,0.0002694,0.0002691,0.0002691,474230.0
1764482100000,2025-11-30 07:55:00,0.0002691,0.0002692,0.000268,0.000268,604370.0
1764482400000,2025-11-30 08:00:00,0.000268,0.0002685,0.000268,0.0002683,3317610.0
1764482700000,2025-11-30 08:05:00,0.0002683,0.0002684,0.000267,0.000267,1280590.0
1764483000000,2025-11-30 08:10:00,0.000267,0.000269,0.0002669,0.000269,2646890.0
1764483300000,2025-11-30 08:15:00,0.000269,0.000269,0.0002687,0.0002689,984370.0
1764483600000,2025-11-30 08:20:00,0.0002689,0.000269,0.0002688,0.000269,3664420.0
1764483900000,2025-11-30 08:25:00,0.000269,0.0002691,0.000269,0.000269,306000.0
1764484200000,2025-11-30 08:30:00,0.000269,0.0002696,0.000269,0.0002693,2594020.0
1764484500000,2025-11-30 08:35:00,0.0002693,0.0002696,0.0002693,0.0002695,547750.0
1764484800000,2025-11-30 08:40:00,0.0002695,0.0002696,0.0002685,0.0002686,8265470.0
1764485100000,2025-11-30 08:45:00,0.0002686,0.0002686,0.0002682,0.0002682,1482430.0
1764485400000,2025-11-30 08:50:00,0.0002682,0.0002682,0.0002679,0.000268,187250.0
1764485700000,2025-11-30 08:55:00,0.000268,0.000268,0.0002678,0.0002678,426660.0
1764486000000,2025-11-30 09:00:00,0.0002678,0.0002684,0.0002674,0.0002684,5482160.0
1764486300000,2025-11-30 09:05:00,0.0002684,0.0002688,0.0002682,0.0002683,881000.0
1764486600000,2025-11-30 09:10:00,0.0002683,0.0002685,0.0002679,0.0002682,2836290.0
1764486900000,2025-11-30 09:15:00,0.0002682,0.0002686,0.0002682,0.0002684,2304980.0
1764487200000,2025-11-30 09:20:00,0.0002684,0.0002684,0.0002681,0.0002681,226330.0
1764487500000,2025-11-30 09:25:00,0.0002681,0.0002682,0.0002681,0.0002681,403860.0
1764487800000,2025-11-30 09:30:00,0.0002681,0.0002681,0.0002673,0.0002673,194810.0
1764488100000,2025-11-30 09:35:00,0.0002673,0.0002677,0.0002672,0.0002673,2146290.0
1764488400000,2025-11-30 09:40:00,0.0002673,0.0002673,0.0002666,0.0002668,1530070.0
1764488700000,2025-11-30 09:45:00,0.0002668,0.000267,0.0002667,0.000267,1037820.0
1764489000000,2025-11-30 09:50:00,0.000267,0.0002672,0.0002667,0.0002667,499890.0
1764489300000,2025-11-30 09:55:00,0.0002667,0.0002671,0.0002667,0.000267,1478810.0
1764489600000,2025-11-30 10:00:00,0.000267,0.0002675,0.0002667,0.0002667,6943330.0
1764489900000,2025-11-30 10:05:00,0.0002667,0.0002671,0.0002667,0.0002667,610240.0
1764490200000,2025-11-30 10:10:00,0.0002667,0.0002668,0.0002661,0.0002667,2876510.0
1764490500000,2025-11-30 10:15:00,0.0002667,0.0002667,0.0002661,0.0002665,2169950.0
1764490800000,2025-11-30 10:20:00,0.0002665,0.0002676,0.0002662,0.0002673,2183930.0
1764491100000,2025-11-30 10:25:00,0.0002673,0.0002673,0.0002657,0.0002661,1177120.0
1764491400000,2025-11-30 10:30:00,0.0002661,0.0002661,0.0002655,0.0002659,2893760.0
1764491700000,2025-11-30 10:35:00,0.0002659,0.0002659,0.0002649,0.000265,4417180.0
1764492000000,2025-11-30 10:40:00,0.000265,0.0002658,0.0002649,0.0002658,4208820.0
1764492300000,2025-11-30 10:45:00,0.0002658,0.0002658,0.0002653,0.0002655,2424800.0
1764492600000,2025-11-30 10:50:00,0.0002655,0.0002659,0.0002652,0.0002652,8319650.0
1764492900000,2025-11-30 10:55:00,0.0002652,0.0002656,0.000265,0.0002654,1654350.0
1764493200000,2025-11-30 11:00:00,0.0002654,0.0002654,0.0002644,0.0002647,6909870.0
1764493500000,2025-11-30 11:05:00,0.0002647,0.000265,0.0002645,0.0002648,2235070.0
1764493800000,2025-11-30 11:10:00,0.0002648,0.0002656,0.0002648,0.0002652,4445500.0
1764494100000,2025-11-30 11:15:00,0.0002652,0.0002652,0.0002646,0.0002651,2745030.0
1764494400000,2025-11-30 11:20:00,0.0002651,0.0002652,0.0002651,0.0002652,713460.0
1764494700000,2025-11-30 11:25:00,0.0002652,0.0002652,0.0002647,0.0002647,297470.0
1764495000000,2025-11-30 11:30:00,0.0002647,0.000265,0.0002641,0.0002641,11522640.0
1764495300000,2025-11-30 11:35:00,0.0002641,0.0002646,0.0002641,0.0002642,3320180.0
1764495600000,2025-11-30 11:40:00,0.0002642,0.0002644,0.000261,0.0002628,28130300.0
1764495900000,2025-11-30 11:45:00,0.0002628,0.0002636,0.0002624,0.0002632,31226490.0
1764496200000,2025-11-30 11:50:00,0.0002632,0.0002637,0.0002625,0.0002626,14125590.0
1764496500000,2025-11-30 11:55:00,0.0002626,0.0002631,0.0002624,0.0002627,8355010.0
1764496800000,2025-11-30 12:00:00,0.0002627,0.0002631,0.0002622,0.0002622,7555790.0
1764497100000,2025-11-30 12:05:00,0.0002622,0.0002627,0.0002621,0.0002621,8319740.0
1764497400000,2025-11-30 12:10:00,0.0002621,0.0002634,0.000262,0.0002627,10441620.0
1764497700000,2025-11-30 12:15:00,0.0002627,0.0002631,0.0002627,0.0002629,5512730.0
1764498000000,2025-11-30 12:20:00,0.0002629,0.000263,0.0002627,0.0002629,5679170.0
1764498300000,2025-11-30 12:25:00,0.0002629,0.0002638,0.0002629,0.0002633,13933940.0
1764498600000,2025-11-30 12:30:00,0.0002633,0.0002641,0.0002629,0.0002629,2628100.0
1764498900000,2025-11-30 12:35:00,0.0002629,0.0002631,0.0002627,0.0002631,1879650.0
1764499200000,2025-11-30 12:40:00,0.0002631,0.0002632,0.0002627,0.0002632,3532590.0
1764499500000,2025-11-30 12:45:00,0.0002632,0.0002632,0.0002628,0.0002628,2505670.0
1764499800000,2025-11-30 12:50:00,0.0002628,0.0002639,0.0002628,0.0002637,1287150.0
1764500100000,2025-11-30 12:55:00,0.0002637,0.0002638,0.0002632,0.0002632,811080.0
1764500400000,2025-11-30 13:00:00,0.0002632,0.000264,0.0002632,0.0002638,1987220.0
1764500700000,2025-11-30 13:05:00,0.0002638,0.0002641,0.0002638,0.0002641,1124630.0
1764501000000,2025-11-30 13:10:00,0.0002641,0.0002644,0.0002641,0.0002641,626070.0
1764501300000,2025-11-30 13:15:00,0.0002641,0.0002642,0.000264,0.000264,2076320.0
1764501600000,2025-11-30 13:20:00,0.000264,0.0002643,0.000264,0.000264,444800.0
1764501900000,2025-11-30 13:25:00,0.000264,0.0002642,0.0002637,0.0002641,2235850.0
1764502200000,2025-11-30 13:30:00,0.0002641,0.0002647,0.0002639,0.0002644,3092630.0
1764502500000,2025-11-30 13:35:00,0.0002644,0.0002646,0.0002644,0.0002646,567760.0
1764502800000,2025-11-30 13:40:00,0.0002646,0.0002646,0.0002645,0.0002645,81190.0
1764503100000,2025-11-30 13:45:00,0.0002645,0.0002649,0.0002645,0.0002645,2307490.0
1764503400000,2025-11-30 13:50:00,0.0002645,0.0002646,0.0002642,0.0002646,857060.0
1764503700000,2025-11-30 13:55:00,0.0002646,0.0002647,0.0002643,0.0002645,621880.0
1764504000000,2025-11-30 14:00:00,0.0002645,0.0002647,0.0002637,0.0002638,9687510.0
1764504300000,2025-11-30 14:05:00,0.0002638,0.0002642,0.0002637,0.0002642,1577230.0
1764504600000,2025-11-30 14:10:00,0.0002642,0.0002649,0.0002642,0.0002646,3401810.0
1764504900000,2025-11-30 14:15:00,0.0002646,0.0002649,0.0002646,0.0002649,705990.0
1764505200000,2025-11-30 14:20:00,0.0002649,0.0002649,0.0002647,0.0002649,4252020.0
1764505500000,2025-11-30 14:25:00,0.0002649,0.0002649,0.0002646,0.0002646,783940.0
1764505800000,2025-11-30 14:30:00,0.0002646,0.0002646,0.0002643,0.0002643,964990.0
1764506100000,2025-11-30 14:35:00,0.0002643,0.0002645,0.0002642,0.0002642,1119730.0
1764506400000,2025-11-30 14:40:00,0.0002642,0.0002656,0.0002642,0.0002656,6091130.0
1764506700000,2025-11-30 14:45:00,0.0002656,0.0002665,0.0002655,0.0002655,7121090.0
1764507000000,2025-11-30 14:50:00,0.0002655,0.0002656,0.0002654,0.0002654,3013830.0
1764507300000,2025-11-30 14:55:00,0.0002654,0.0002654,0.000265,0.000265,5096010.0
1764507600000,2025-11-30 15:00:00,0.000265,0.0002659,0.000265,0.0002659,2782520.0
1764507900000,2025-11-30 15:05:00,0.0002659,0.000266,0.0002658,0.000266,251280.0
1764508200000,2025-11-30 15:10:00,0.000266,0.000266,0.0002656,0.000266,1803490.0
1764508500000,2025-11-30 15:15:00,0.000266,0.0002663,0.000266,0.0002662,4866740.0
1764508800000,2025-11-30 15:20:00,0.0002662,0.0002667,0.000266,0.0002664,4058680.0
1764509100000,2025-11-30 15:25:00,0.0002664,0.0002664,0.0002662,0.0002662,1078320.0
1764509400000,2025-11-30 15:30:00,0.0002662,0.0002663,0.0002659,0.0002663,3258620.0
1764509700000,2025-11-30 15:35:00,0.0002663,0.0002666,0.0002658,0.0002659,833680.0
1764510000000,2025-11-30 15:40:00,0.0002659,0.0002664,0.0002657,0.0002664,1897490.0
1764510300000,2025-11-30 15:45:00,0.0002664,0.0002664,0.0002663,0.0002663,486500.0
1764510600000,2025-11-30 15:50:00,0.0002663,0.0002663,0.0002661,0.0002662,242690.0
1764510900000,2025-11-30 15:55:00,0.0002662,0.0002664,0.0002661,0.0002662,371340.0
1764511200000,2025-11-30 16:00:00,0.0002662,0.0002662,0.0002657,0.0002657,695160.0
1764511500000,2025-11-30 16:05:00,0.0002657,0.0002659,0.0002656,0.0002656,838130.0
1764511800000,2025-11-30 16:10:00,0.0002656,0.0002658,0.0002655,0.0002658,284850.0
1764512100000,2025-11-30 16:15:00,0.0002658,0.0002658,0.0002658,0.0002658,232290.0
1764512400000,2025-11-30 16:20:00,0.0002658,0.0002658,0.0002653,0.0002653,435370.0
1764512700000,2025-11-30 16:25:00,0.0002653,0.0002655,0.0002652,0.0002652,786300.0
1764513000000,2025-11-30 16:30:00,0.0002652,0.0002652,0.0002647,0.0002647,755740.0
1764513300000,2025-11-30 16:35:00,0.0002647,0.0002652,0.0002646,0.0002651,1681660.0
1764513600000,2025-11-30 16:40:00,0.0002651,0.0002651,0.0002648,0.0002649,231080.0
1764513900000,2025-11-30 16:45:00,0.0002649,0.0002649,0.0002641,0.0002644,1677680.0
1764514200000,2025-11-30 16:50:00,0.0002644,0.000265,0.0002644,0.000265,574920.0
1764514500000,2025-11-30 16:55:00,0.000265,0.0002653,0.000265,0.0002653,851790.0
1764514800000,2025-11-30 17:00:00,0.0002653,0.0002664,0.000265,0.0002664,4109250.0
1764515100000,2025-11-30 17:05:00,0.0002664,0.0002683,0.0002658,0.0002663,71933590.0
1764515400000,2025-11-30 17:10:00,0.0002663,0.0002663,0.0002656,0.0002656,2094380.0
1764515700000,2025-11-30 17:15:00,0.0002656,0.0002658,0.0002653,0.0002655,2727260.0
1764516000000,2025-11-30 17:20:00,0.0002655,0.0002662,0.0002655,0.0002662,758640.0
1764516300000,2025-11-30 17:25:00,0.0002662,0.0002663,0.000266,0.0002661,557110.0
1764516600000,2025-11-30 17:30:00,0.0002661,0.0002661,0.0002648,0.000265,3804070.0
1764516900000,2025-11-30 17:35:00,0.000265,0.0002653,0.000265,0.0002652,722980.0
1764517200000,2025-11-30 17:40:00,0.0002652,0.0002656,0.0002652,0.0002656,23890.0
1764517500000,2025-11-30 17:45:00,0.0002656,0.0002663,0.0002656,0.0002663,2441130.0
1764517800000,2025-11-30 17:50:00,0.0002663,0.0002666,0.0002663,0.0002666,800740.0
1764518100000,2025-11-30 17:55:00,0.0002666,0.0002666,0.0002658,0.0002658,1312140.0
1764518400000,2025-11-30 18:00:00,0.0002658,0.0002664,0.0002652,0.0002661,5516000.0
1764518700000,2025-11-30 18:05:00,0.0002661,0.0002661,0.0002657,0.0002657,1120370.0
1764519000000,2025-11-30 18:10:00,0.0002657,0.000266,0.0002657,0.0002658,2399200.0
1764519300000,2025-11-30 18:15:00,0.0002658,0.0002662,0.0002658,0.0002661,1297010.0
1764519600000,2025-11-30 18:20:00,0.0002661,0.0002662,0.0002656,0.0002656,3942260.0
1764519900000,2025-11-30 18:25:00,0.0002656,0.000266,0.0002656,0.000266,3455530.0
1764520200000,2025-11-30 18:30:00,0.000266,0.000266,0.0002656,0.0002658,727640.0
1764520500000,2025-11-30 18:35:00,0.0002658,0.0002658,0.0002652,0.0002652,891900.0
1764520800000,2025-11-30 18:40:00,0.0002652,0.0002656,0.0002652,0.0002654,426180.0
1764521100000,2025-11-30 18:45:00,0.0002654,0.0002657,0.0002654,0.0002657,96830.0
1764521400000,2025-11-30 18:50:00,0.0002657,0.0002658,0.0002656,0.0002656,108830.0
1764521700000,2025-11-30 18:55:00,0.0002656,0.0002656,0.0002656,0.0002656,2170.0
1764522000000,2025-11-30 19:00:00,0.0002656,0.0002667,0.0002656,0.0002663,12127200.0
1764522300000,2025-11-30 19:05:00,0.0002663,0.0002663,0.000266,0.0002662,887370.0
1764522600000,2025-11-30 19:10:00,0.0002662,0.0002662,0.0002657,0.0002658,1550380.0
1764522900000,2025-11-30 19:15:00,0.0002658,0.000266,0.0002658,0.0002658,1297100.0
1764523200000,2025-11-30 19:20:00,0.0002658,0.000266,0.0002658,0.000266,40120.0
1764523500000,2025-11-30 19:25:00,0.000266,0.000266,0.0002656,0.0002657,717260.0
1764523800000,2025-11-30 19:30:00,0.0002657,0.0002659,0.0002657,0.0002659,114330.0
1764524100000,2025-11-30 19:35:00,0.0002659,0.000266,0.0002659,0.000266,510520.0
1764524400000,2025-11-30 19:40:00,0.000266,0.0002661,0.0002656,0.0002657,1176680.0
1764524700000,2025-11-30 19:45:00,0.0002657,0.0002662,0.0002657,0.000266,324600.0
1764525000000,2025-11-30 19:50:00,0.000266,0.0002663,0.000266,0.0002662,3825420.0
1764525300000,2025-11-30 19:55:00,0.0002662,0.0002668,0.0002661,0.0002661,9666410.0
1764525600000,2025-11-30 20:00:00,0.0002661,0.0002661,0.0002657,0.0002657,1747780.0
1764525900000,2025-11-30 20:05:00,0.0002657,0.0002658,0.0002652,0.0002652,14408790.0
1764526200000,2025-11-30 20:10:00,0.0002652,0.0002656,0.0002649,0.0002652,8358310.0
1764526500000,2025-11-30 20:15:00,0.0002652,0.0002653,0.0002646,0.000265,6578700.0
1764526800000,2025-11-30 20:20:00,0.000265,0.0002654,0.0002647,0.0002654,10776580.0
1764527100000,2025-11-30 20:25:00,0.0002654,0.0002658,0.0002654,0.0002655,7948910.0
1764527400000,2025-11-30 20:30:00,0.0002655,0.0002656,0.0002654,0.0002655,365040.0
1764527700000,2025-11-30 20:35:00,0.0002655,0.0002655,0.0002648,0.000265,1239390.0
1764528000000,2025-11-30 20:40:00,0.000265,0.0002651,0.0002648,0.0002648,933470.0
1764528300000,2025-11-30 20:45:00,0.0002648,0.000265,0.0002647,0.0002647,315290.0
1764528600000,2025-11-30 20:50:00,0.0002647,0.0002655,0.0002647,0.0002655,557590.0
1764528900000,2025-11-30 20:55:00,0.0002655,0.0002655,0.0002654,0.0002655,97510.0
1764529200000,2025-11-30 21:00:00,0.0002655,0.0002659,0.0002652,0.0002659,2238850.0
1764529500000,2025-11-30 21:05:00,0.0002659,0.0002659,0.0002656,0.0002658,1557570.0
1764529800000,2025-11-30 21:10:00,0.0002658,0.000266,0.0002658,0.0002659,1869340.0
1764530100000,2025-11-30 21:15:00,0.0002659,0.0002659,0.0002658,0.0002658,179670.0
1764530400000,2025-11-30 21:20:00,0.0002658,0.0002658,0.0002656,0.0002656,403530.0
1764530700000,2025-11-30 21:25:00,0.0002656,0.0002656,0.0002652,0.0002652,640150.0
1764531000000,2025-11-30 21:30:00,0.0002652,0.0002655,0.0002651,0.0002651,1297600.0
1764531300000,2025-11-30 21:35:00,0.0002651,0.0002651,0.0002649,0.0002651,79980.0
1764531600000,2025-11-30 21:40:00,0.0002651,0.0002653,0.0002649,0.000265,11361740.0
1764531900000,2025-11-30 21:45:00,0.000265,0.000265,0.0002649,0.000265,416550.0
1764532200000,2025-11-30 21:50:00,0.000265,0.000265,0.000265,0.000265,34210.0
1764532500000,2025-11-30 21:55:00,0.000265,0.0002651,0.000265,0.0002651,127900.0
1764532800000,2025-11-30 22:00:00,0.0002651,0.0002658,0.0002649,0.0002652,14106200.0
1764533100000,2025-11-30 22:05:00,0.0002652,0.0002668,0.0002652,0.0002664,17666100.0
1764533400000,2025-11-30 22:10:00,0.0002664,0.000267,0.0002663,0.0002667,13423650.0
1764533700000,2025-11-30 22:15:00,0.0002667,0.0002674,0.0002667,0.0002668,3727960.0
1764534000000,2025-11-30 22:20:00,0.0002668,0.0002668,0.000266,0.000266,1777360.0
1764534300000,2025-11-30 22:25:00,0.000266,0.000266,0.0002658,0.0002658,1465000.0
1764534600000,2025-11-30 22:30:00,0.0002658,0.0002658,0.0002657,0.0002658,1186550.0
1764534900000,2025-11-30 22:35:00,0.0002658,0.0002658,0.0002656,0.0002656,223740.0
1764535200000,2025-11-30 22:40:00,0.0002656,0.0002657,0.0002653,0.0002657,1071590.0
1764535500000,2025-11-30 22:45:00,0.0002657,0.0002658,0.0002653,0.0002653,3705820.0
1764535800000,2025-11-30 22:50:00,0.0002653,0.0002657,0.000265,0.0002656,14000500.0
1764536100000,2025-11-30 22:55:00,0.0002656,0.0002659,0.0002656,0.0002658,873110.0
1764536400000,2025-11-30 23:00:00,0.0002658,0.0002662,0.0002655,0.0002661,4601640.0
1764536700000,2025-11-30 23:05:00,0.0002661,0.0002662,0.000266,0.000266,1333880.0
1764537000000,2025-11-30 23:10:00,0.000266,0.0002662,0.0002655,0.000266,2871960.0
1764537300000,2025-11-30 23:15:00,0.000266,0.0002662,0.0002651,0.0002651,12656370.0
1764537600000,2025-11-30 23:20:00,0.0002651,0.0002656,0.0002651,0.0002656,1270570.0
1764537900000,2025-11-30 23:25:00,0.0002656,0.0002661,0.0002654,0.0002661,3502480.0
1764538200000,2025-11-30 23:30:00,0.0002661,0.0002663,0.0002659,0.0002662,2724690.0
1764538500000,2025-11-30 23:35:00,0.0002662,0.0002662,0.000266,0.000266,1138810.0
1764538800000,2025-11-30 23:40:00,0.000266,0.0002663,0.000266,0.0002662,3057430.0
1764539100000,2025-11-30 23:45:00,0.0002662,0.0002662,0.0002657,0.000266,2443580.0
1764539400000,2025-11-30 23:50:00,0.000266,0.0002661,0.0002659,0.000266,235010.0
1764539700000,2025-11-30 23:55:00,0.000266,0.0002661,0.0002658,0.0002658,295040.0
1764540000000,2025-12-01 00:00:00,0.0002658,0.0002662,0.0002658,0.000266,3091270.0
1764540300000,2025-12-01 00:05:00,0.000266,0.0002665,0.000266,0.0002664,2136600.0
1764540600000,2025-12-01 00:10:00,0.0002664,0.0002672,0.0002664,0.0002668,3614020.0
1764540900000,2025-12-01 00:15:00,0.0002668,0.0002671,0.0002668,0.0002668,1168680.0
1764541200000,2025-12-01 00:20:00,0.0002668,0.0002668,0.0002662,0.0002663,230300.0
1764541500000,2025-12-01 00:25:00,0.0002663,0.0002663,0.0002661,0.0002661,465270.0
1764541800000,2025-12-01 00:30:00,0.0002661,0.0002663,0.0002653,0.0002654,321610.0
1764542100000,2025-12-01 00:35:00,0.0002654,0.0002654,0.0002644,0.0002649,3060100.0
1764542400000,2025-12-01 00:40:00,0.0002649,0.0002655,0.0002649,0.0002655,2662650.0
1764542700000,2025-12-01 00:45:00,0.0002655,0.0002655,0.000265,0.000265,1267890.0
1764543000000,2025-12-01 00:50:00,0.000265,0.000265,0.0002644,0.0002645,2060080.0
1764543300000,2025-12-01 00:55:00,0.0002645,0.0002654,0.0002645,0.0002654,231820.0
1764543600000,2025-12-01 01:00:00,0.0002654,0.0002654,0.000265,0.000265,2226550.0
1764543900000,2025-12-01 01:05:00,0.000265,0.000265,0.0002645,0.0002645,3179110.0
1764544200000,2025-12-01 01:10:00,0.0002645,0.0002654,0.0002645,0.0002653,614650.0
1764544500000,2025-12-01 01:15:00,0.0002653,0.0002653,0.0002647,0.0002648,1861380.0
1764544800000,2025-12-01 01:20:00,0.0002648,0.000265,0.0002647,0.0002647,186340.0
1764545100000,2025-12-01 01:25:00,0.0002647,0.0002649,0.000264,0.0002641,2783710.0
1764545400000,2025-12-01 01:30:00,0.0002641,0.0002644,0.0002637,0.0002638,366750.0
1764545700000,2025-12-01 01:35:00,0.0002638,0.0002643,0.0002637,0.0002643,1267260.0
1764546000000,2025-12-01 01:40:00,0.0002643,0.000265,0.0002641,0.000265,392030.0
1764546300000,2025-12-01 01:45:00,0.000265,0.000265,0.0002645,0.0002645,1258310.0
1764546600000,2025-12-01 01:50:00,0.0002645,0.0002645,0.0002639,0.0002639,2120750.0
1764546900000,2025-12-01 01:55:00,0.0002639,0.0002642,0.000263,0.0002632,4762360.0
1764547200000,2025-12-01 02:00:00,0.0002632,0.0002641,0.0002626,0.0002635,14911370.0
1764547500000,2025-12-01 02:05:00,0.0002635,0.0002635,0.0002578,0.0002582,78121620.0
1764547800000,2025-12-01 02:10:00,0.0002582,0.0002595,0.000257,0.0002583,34020620.0
1764548100000,2025-12-01 02:15:00,0.0002583,0.0002597,0.0002571,0.0002576,19436130.0
1764548400000,2025-12-01 02:20:00,0.0002576,0.0002584,0.0002556,0.0002568,18055010.0
1764548700000,2025-12-01 02:25:00,0.0002568,0.0002577,0.0002555,0.0002555,4270770.0
1764549000000,2025-12-01 02:30:00,0.0002555,0.0002559,0.0002528,0.0002537,16942270.0
1764549300000,2025-12-01 02:35:00,0.0002537,0.0002546,0.0002514,0.000253,35340850.0
1764549600000,2025-12-01 02:40:00,0.000253,0.0002544,0.0002519,0.0002519,6742360.0
1764549900000,2025-12-01 02:45:00,0.0002519,0.0002531,0.0002519,0.0002531,10988120.0
1764550200000,2025-12-01 02:50:00,0.0002531,0.0002531,0.0002507,0.0002507,5770120.0
1764550500000,2025-12-01 02:55:00,0.0002507,0.000252,0.0002507,0.0002511,2737620.0
1764550800000,2025-12-01 03:00:00,0.0002511,0.0002526,0.0002501,0.000252,7690190.0
1764551100000,2025-12-01 03:05:00,0.000252,0.0002538,0.000252,0.000252,3884130.0
1764551400000,2025-12-01 03:10:00,0.000252,0.0002521,0.0002512,0.0002516,7755420.0
1764551700000,2025-12-01 03:15:00,0.0002516,0.0002532,0.0002516,0.0002526,6781920.0
1764552000000,2025-12-01 03:20:00,0.0002526,0.0002539,0.0002526,0.0002529,1120810.0
1764552300000,2025-12-01 03:25:00,0.0002529,0.000253,0.000252,0.000252,1592700.0
1764552600000,2025-12-01 03:30:00,0.000252,0.0002528,0.0002519,0.0002523,6048870.0
1764552900000,2025-12-01 03:35:00,0.0002523,0.000253,0.0002521,0.0002521,595290.0
1764553200000,2025-12-01 03:40:00,0.0002521,0.0002527,0.0002517,0.0002526,834930.0
1764553500000,2025-12-01 03:45:00,0.0002526,0.0002526,0.0002518,0.0002521,2446520.0
1764553800000,2025-12-01 03:50:00,0.0002521,0.0002527,0.0002519,0.0002524,2785090.0
1764554100000,2025-12-01 03:55:00,0.0002524,0.0002524,0.0002508,0.0002511,8316220.0
1764554400000,2025-12-01 04:00:00,0.0002511,0.0002526,0.0002509,0.0002516,5373180.0
1764554700000,2025-12-01 04:05:00,0.0002516,0.0002519,0.00025,0.0002506,15478750.0
1764555000000,2025-12-01 04:10:00,0.0002506,0.0002518,0.0002503,0.0002508,1803400.0
1764555300000,2025-12-01 04:15:00,0.0002508,0.0002514,0.0002508,0.0002514,5857420.0
1764555600000,2025-12-01 04:20:00,0.0002514,0.0002517,0.0002512,0.0002514,12982950.0
1764555900000,2025-12-01 04:25:00,0.0002514,0.0002514,0.0002501,0.0002501,1906440.0
1764556200000,2025-12-01 04:30:00,0.0002501,0.0002505,0.0002495,0.0002495,12032590.0
1764556500000,2025-12-01 04:35:00,0.0002495,0.0002497,0.0002479,0.0002488,13852350.0
1764556800000,2025-12-01 04:40:00,0.0002488,0.0002496,0.0002484,0.0002492,11598000.0
1764557100000,2025-12-01 04:45:00,0.0002492,0.0002492,0.0002475,0.0002475,9409860.0
1764557400000,2025-12-01 04:50:00,0.0002475,0.0002479,0.0002475,0.0002477,7969250.0
1764557700000,2025-12-01 04:55:00,0.0002477,0.0002481,0.0002477,0.0002481,14153900.0
1764558000000,2025-12-01 05:00:00,0.0002481,0.0002482,0.0002477,0.0002479,7851670.0
1764558300000,2025-12-01 05:05:00,0.0002479,0.0002482,0.000247,0.0002475,10123290.0
1764558600000,2025-12-01 05:10:00,0.0002475,0.0002482,0.0002475,0.0002482,630890.0
1764558900000,2025-12-01 05:15:00,0.0002482,0.0002484,0.0002475,0.0002475,4453990.0
1764559200000,2025-12-01 05:20:00,0.0002475,0.0002484,0.0002475,0.0002479,1022280.0
1764559500000,2025-12-01 05:25:00,0.0002479,0.0002481,0.0002479,0.0002479,687440.0
1764559800000,2025-12-01 05:30:00,0.0002479,0.0002481,0.0002477,0.0002477,2561960.0
1764560100000,2025-12-01 05:35:00,0.0002477,0.0002481,0.0002472,0.0002474,7449700.0
1764560400000,2025-12-01 05:40:00,0.0002474,0.000249,0.0002474,0.000249,2226310.0
1764560700000,2025-12-01 05:45:00,0.000249,0.000249,0.0002474,0.0002476,9857090.0
1764561000000,2025-12-01 05:50:00,0.0002476,0.0002486,0.0002475,0.0002486,4050480.0
1764561300000,2025-12-01 05:55:00,0.0002486,0.0002486,0.0002475,0.0002475,24390430.0
1764561600000,2025-12-01 06:00:00,0.0002475,0.0002479,0.0002471,0.0002473,13410370.0
1764561900000,2025-12-01 06:05:00,0.0002473,0.0002478,0.0002473,0.0002475,4676410.0
1764562200000,2025-12-01 06:10:00,0.0002475,0.0002481,0.0002474,0.0002474,5555260.0
1764562500000,2025-12-01 06:15:00,0.0002474,0.0002474,0.0002459,0.0002474,14815220.0
1764562800000,2025-12-01 06:20:00,0.0002474,0.0002474,0.0002467,0.0002472,2400390.0
1764563100000,2025-12-01 06:25:00,0.0002472,0.0002472,0.0002463,0.0002466,1953750.0
1764563400000,2025-12-01 06:30:00,0.0002466,0.000247,0.0002464,0.0002467,10831450.0
1764563700000,2025-12-01 06:35:00,0.0002467,0.0002469,0.000246,0.0002468,12716180.0
1764564000000,2025-12-01 06:40:00,0.0002468,0.0002473,0.0002465,0.0002473,4398940.0
1764564300000,2025-12-01 06:45:00,0.0002473,0.0002474,0.000247,0.0002471,7513090.0
1764564600000,2025-12-01 06:50:00,0.0002471,0.0002475,0.0002471,0.0002472,3243400.0
1764564900000,2025-12-01 06:55:00,0.0002472,0.0002473,0.0002472,0.0002472,3191960.0
1764565200000,2025-12-01 07:00:00,0.0002472,0.0002488,0.0002471,0.0002486,56509220.0
1764565500000,2025-12-01 07:05:00,0.0002486,0.0002488,0.0002483,0.0002486,5535190.0
1764565800000,2025-12-01 07:10:00,0.0002486,0.0002491,0.0002486,0.000249,3293200.0
1764566100000,2025-12-01 07:15:00,0.000249,0.000249,0.0002486,0.0002486,964550.0
1764566400000,2025-12-01 07:20:00,0.0002486,0.0002492,0.0002486,0.0002492,2472740.0
1764566700000,2025-12-01 07:25:00,0.0002492,0.0002496,0.0002492,0.0002496,13248900.0
1764567000000,2025-12-01 07:30:00,0.0002496,0.0002496,0.0002488,0.0002491,3419590.0
1764567300000,2025-12-01 07:35:00,0.0002491,0.0002491,0.0002487,0.0002487,1108640.0
1764567600000,2025-12-01 07:40:00,0.0002487,0.0002492,0.0002487,0.0002492,394020.0
1764567900000,2025-12-01 07:45:00,0.0002492,0.00025,0.0002492,0.0002495,875520.0
1764568200000,2025-12-01 07:50:00,0.0002495,0.0002496,0.0002495,0.0002496,3469440.0
1764568500000,2025-12-01 07:55:00,0.0002496,0.0002496,0.0002495,0.0002495,153160.0
1764568800000,2025-12-01 08:00:00,0.0002495,0.0002501,0.0002494,0.0002498,3875770.0
1764569100000,2025-12-01 08:05:00,0.0002498,0.0002499,0.0002495,0.0002499,1246620.0
1764569400000,2025-12-01 08:10:00,0.0002499,0.0002499,0.0002495,0.0002497,2816910.0
1764569700000,2025-12-01 08:15:00,0.0002497,0.0002497,0.0002489,0.0002489,1498000.0
1764570000000,2025-12-01 08:20:00,0.0002489,0.0002489,0.0002485,0.0002488,1662340.0
1764570300000,2025-12-01 08:25:00,0.0002488,0.0002488,0.0002483,0.0002484,1122520.0
1764570600000,2025-12-01 08:30:00,0.0002484,0.0002488,0.0002484,0.0002488,7596760.0
1764570900000,2025-12-01 08:35:00,0.0002488,0.0002489,0.0002483,0.0002488,6970710.0
1764571200000,2025-12-01 08:40:00,0.0002488,0.000249,0.0002486,0.0002488,960040.0
1764571500000,2025-12-01 08:45:00,0.0002488,0.0002497,0.0002488,0.0002496,16169780.0
1764571800000,2025-12-01 08:50:00,0.0002496,0.0002497,0.0002494,0.0002495,1379230.0
1764572100000,2025-12-01 08:55:00,0.0002495,0.00025,0.0002495,0.0002496,1710590.0
1764572400000,2025-12-01 09:00:00,0.0002496,0.0002496,0.0002489,0.0002492,3681100.0
1764572700000,2025-12-01 09:05:00,0.0002492,0.0002492,0.0002486,0.0002488,1276710.0
1764573000000,2025-12-01 09:10:00,0.0002488,0.0002492,0.0002488,0.0002491,2006510.0
1764573300000,2025-12-01 09:15:00,0.0002491,0.0002493,0.0002491,0.0002493,15823020.0
1764573600000,2025-12-01 09:20:00,0.0002493,0.0002494,0.0002482,0.0002482,3419590.0
1764573900000,2025-12-01 09:25:00,0.0002482,0.000249,0.0002482,0.0002489,1868180.0
1764574200000,2025-12-01 09:30:00,0.0002489,0.000249,0.0002483,0.0002488,1280990.0
1764574500000,2025-12-01 09:35:00,0.0002488,0.0002494,0.0002487,0.0002491,1745550.0
1764574800000,2025-12-01 09:40:00,0.0002491,0.0002491,0.0002488,0.000249,793250.0
1764575100000,2025-12-01 09:45:00,0.000249,0.0002496,0.000249,0.0002493,21287090.0
1764575400000,2025-12-01 09:50:00,0.0002493,0.0002496,0.0002492,0.0002494,1612470.0
1764575700000,2025-12-01 09:55:00,0.0002494,0.0002497,0.0002493,0.0002497,3882700.0
1764576000000,2025-12-01 10:00:00,0.0002497,0.0002497,0.0002489,0.000249,4859360.0
1764576300000,2025-12-01 10:05:00,0.000249,0.0002496,0.000249,0.0002493,2047530.0
1764576600000,2025-12-01 10:10:00,0.0002493,0.0002494,0.0002491,0.0002494,1706030.0
1764576900000,2025-12-01 10:15:00,0.0002494,0.00025,0.0002493,0.0002493,4474000.0
1764577200000,2025-12-01 10:20:00,0.0002493,0.0002495,0.0002489,0.0002489,14038250.0
1764577500000,2025-12-01 10:25:00,0.0002489,0.0002494,0.0002488,0.0002494,2305800.0
1764577800000,2025-12-01 10:30:00,0.0002494,0.0002496,0.0002491,0.0002495,2334930.0
1764578100000,2025-12-01 10:35:00,0.0002495,0.00025,0.0002495,0.0002497,1378750.0
1764578400000,2025-12-01 10:40:00,0.0002497,0.00025,0.0002497,0.00025,50160.0
1764578700000,2025-12-01 10:45:00,0.00025,0.000251,0.0002499,0.000251,5165950.0
1764579000000,2025-12-01 10:50:00,0.000251,0.0002514,0.0002506,0.0002508,6294840.0
1764579300000,2025-12-01 10:55:00,0.0002508,0.0002512,0.0002505,0.0002507,1797150.0
1764579600000,2025-12-01 11:00:00,0.0002507,0.0002508,0.0002505,0.0002505,4225290.0
1764579900000,2025-12-01 11:05:00,0.0002505,0.0002506,0.0002503,0.0002503,1763320.0
1764580200000,2025-12-01 11:10:00,0.0002503,0.0002504,0.0002501,0.0002503,512450.0
1764580500000,2025-12-01 11:15:00,0.0002503,0.0002504,0.0002502,0.0002502,718230.0
1764580800000,2025-12-01 11:20:00,0.0002502,0.0002504,0.0002499,0.0002499,339040.0
1764581100000,2025-12-01 11:25:00,0.0002499,0.0002503,0.0002497,0.0002503,13613300.0
1764581400000,2025-12-01 11:30:00,0.0002503,0.0002509,0.0002503,0.0002507,1714700.0
1764581700000,2025-12-01 11:35:00,0.0002507,0.0002508,0.0002504,0.0002506,1048000.0
1764582000000,2025-12-01 11:40:00,0.0002506,0.0002508,0.0002506,0.0002508,214520.0
1764582300000,2025-12-01 11:45:00,0.0002508,0.0002509,0.0002506,0.0002508,1130300.0
1764582600000,2025-12-01 11:50:00,0.0002508,0.0002508,0.0002496,0.0002497,2373270.0
1764582900000,2025-12-01 11:55:00,0.0002497,0.00025,0.0002497,0.0002499,247240.0
1764583200000,2025-12-01 12:00:00,0.0002499,0.0002502,0.0002497,0.00025,2745690.0
1764583500000,2025-12-01 12:05:00,0.00025,0.00025,0.0002497,0.00025,1189720.0
1764583800000,2025-12-01 12:10:00,0.00025,0.00025,0.0002496,0.0002496,611000.0
1764584100000,2025-12-01 12:15:00,0.0002496,0.0002501,0.0002496,0.0002498,1779110.0
1764584400000,2025-12-01 12:20:00,0.0002498,0.0002501,0.0002496,0.0002498,1150550.0
1764584700000,2025-12-01 12:25:00,0.0002498,0.0002498,0.0002496,0.0002496,689990.0
1764585000000,2025-12-01 12:30:00,0.0002496,0.00025,0.0002495,0.0002497,3901060.0
1764585300000,2025-12-01 12:35:00,0.0002497,0.0002498,0.0002497,0.0002498,92490.0
1764585600000,2025-12-01 12:40:00,0.0002498,0.0002498,0.0002496,0.0002498,762950.0
1764585900000,2025-12-01 12:45:00,0.0002498,0.0002499,0.0002498,0.0002498,222440.0
1764586200000,2025-12-01 12:50:00,0.0002498,0.0002498,0.0002497,0.0002497,20310.0
1764586500000,2025-12-01 12:55:00,0.0002497,0.0002498,0.0002497,0.0002498,100110.0
1764586800000,2025-12-01 13:00:00,0.0002498,0.0002498,0.0002491,0.0002493,2644680.0
1764587100000,2025-12-01 13:05:00,0.0002493,0.0002493,0.0002485,0.0002486,1326370.0
1764587400000,2025-12-01 13:10:00,0.0002486,0.0002486,0.0002481,0.0002484,2689000.0
1764587700000,2025-12-01 13:15:00,0.0002484,0.0002485,0.0002482,0.0002483,513440.0
1764588000000,2025-12-01 13:20:00,0.0002483,0.0002488,0.0002483,0.0002488,1700620.0
1764588300000,2025-12-01 13:25:00,0.0002488,0.0002488,0.0002484,0.0002486,1308810.0
1764588600000,2025-12-01 13:30:00,0.0002486,0.0002486,0.0002481,0.0002481,56940.0
1764588900000,2025-12-01 13:35:00,0.0002481,0.0002482,0.0002478,0.0002478,2503830.0
1764589200000,2025-12-01 13:40:00,0.0002478,0.000248,0.0002478,0.0002478,449680.0
1764589500000,2025-12-01 13:45:00,0.0002478,0.0002478,0.0002478,0.0002478,768780.0
1764589800000,2025-12-01 13:50:00,0.0002478,0.0002479,0.0002477,0.0002478,949510.0
1764590100000,2025-12-01 13:55:00,0.0002478,0.0002481,0.0002478,0.0002481,266900.0
1764590400000,2025-12-01 14:00:00,0.0002481,0.0002482,0.0002463,0.0002475,74059550.0
1764590700000,2025-12-01 14:05:00,0.0002475,0.0002476,0.0002468,0.0002476,11541760.0
1764591000000,2025-12-01 14:10:00,0.0002476,0.0002478,0.0002473,0.0002474,4585280.0
1764591300000,2025-12-01 14:15:00,0.0002474,0.0002476,0.0002468,0.0002472,4744920.0
1764591600000,2025-12-01 14:20:00,0.0002472,0.0002475,0.0002472,0.0002474,1018110.0
1764591900000,2025-12-01 14:25:00,0.0002474,0.0002477,0.0002471,0.0002471,987470.0
1764592200000,2025-12-01 14:30:00,0.0002471,0.0002473,0.0002466,0.0002467,4289110.0
1764592500000,2025-12-01 14:35:00,0.0002467,0.000247,0.0002467,0.0002468,4541600.0
1764592800000,2025-12-01 14:40:00,0.0002468,0.0002468,0.0002457,0.0002462,5702210.0
1764593100000,2025-12-01 14:45:00,0.0002462,0.0002462,0.0002446,0.0002447,4294560.0
1764593400000,2025-12-01 14:50:00,0.0002447,0.0002475,0.0002446,0.000247,11334300.0
1764593700000,2025-12-01 14:55:00,0.000247,0.0002478,0.0002466,0.0002476,1858390.0
1764594000000,2025-12-01 15:00:00,0.0002476,0.0002487,0.0002471,0.000248,3863090.0
1764594300000,2025-12-01 15:05:00,0.000248,0.000248,0.0002474,0.0002474,2173950.0
1764594600000,2025-12-01 15:10:00,0.0002474,0.0002474,0.000247,0.0002472,652990.0
1764594900000,2025-12-01 15:15:00,0.0002472,0.0002475,0.000247,0.000247,1419410.0
1764595200000,2025-12-01 15:20:00,0.000247,0.0002472,0.0002467,0.0002469,842620.0
1764595500000,2025-12-01 15:25:00,0.0002469,0.0002469,0.0002463,0.0002466,1463240.0
1764595800000,2025-12-01 15:30:00,0.0002466,0.0002466,0.0002459,0.0002459,1377560.0
1764596100000,2025-12-01 15:35:00,0.0002459,0.000246,0.0002456,0.0002457,737240.0
1764596400000,2025-12-01 15:40:00,0.0002457,0.0002457,0.0002454,0.0002454,1724600.0
1764596700000,2025-12-01 15:45:00,0.0002454,0.0002455,0.0002452,0.0002452,75880.0
1764597000000,2025-12-01 15:50:00,0.0002452,0.0002458,0.0002452,0.0002458,1094370.0
1764597300000,2025-12-01 15:55:00,0.0002458,0.000246,0.0002454,0.000246,1626390.0
1764597600000,2025-12-01 16:00:00,0.000246,0.0002461,0.0002457,0.0002461,9307150.0
1764597900000,2025-12-01 16:05:00,0.0002461,0.0002464,0.0002457,0.0002464,1588740.0
1764598200000,2025-12-01 16:10:00,0.0002464,0.0002466,0.0002462,0.0002462,1352410.0
1764598500000,2025-12-01 16:15:00,0.0002462,0.0002462,0.0002452,0.0002456,891390.0
1764598800000,2025-12-01 16:20:00,0.0002456,0.0002457,0.0002453,0.0002455,1677100.0
1764599100000,2025-12-01 16:25:00,0.0002455,0.0002459,0.0002455,0.0002459,748630.0
1764599400000,2025-12-01 16:30:00,0.0002459,0.0002465,0.0002452,0.0002463,7490370.0
1764599700000,2025-12-01 16:35:00,0.0002463,0.0002479,0.0002463,0.0002472,6054740.0
1764600000000,2025-12-01 16:40:00,0.0002472,0.0002472,0.0002464,0.0002464,2607380.0
1764600300000,2025-12-01 16:45:00,0.0002464,0.0002468,0.0002458,0.0002458,1910560.0
1764600600000,2025-12-01 16:50:00,0.0002458,0.0002464,0.0002458,0.0002463,563030.0
1764600900000,2025-12-01 16:55:00,0.0002463,0.0002468,0.0002461,0.0002463,1264690.0
1764601200000,2025-12-01 17:00:00,0.0002463,0.0002464,0.0002457,0.0002457,1674750.0
1764601500000,2025-12-01 17:05:00,0.0002457,0.000246,0.0002455,0.0002458,1438090.0
1764601800000,2025-12-01 17:10:00,0.0002458,0.0002459,0.0002444,0.0002444,13903090.0
1764602100000,2025-12-01 17:15:00,0.0002444,0.000245,0.0002436,0.0002443,8947920.0
1764602400000,2025-12-01 17:20:00,0.0002443,0.0002444,0.0002441,0.0002443,1167470.0
1764602700000,2025-12-01 17:25:00,0.0002443,0.0002443,0.0002429,0.0002429,3761870.0
1764603000000,2025-12-01 17:30:00,0.0002429,0.000243,0.0002405,0.0002405,9044170.0
1764603300000,2025-12-01 17:35:00,0.0002405,0.0002422,0.0002405,0.0002416,5073370.0
1764603600000,2025-12-01 17:40:00,0.0002416,0.0002419,0.0002404,0.0002404,7374610.0
1764603900000,2025-12-01 17:45:00,0.0002404,0.0002419,0.0002401,0.0002417,2720850.0
1764604200000,2025-12-01 17:50:00,0.0002417,0.0002448,0.0002417,0.0002443,8114750.0
1764604500000,2025-12-01 17:55:00,0.0002443,0.0002444,0.0002433,0.0002439,2017550.0
1764604800000,2025-12-01 18:00:00,0.0002439,0.0002439,0.000243,0.000243,2644310.0
1764605100000,2025-12-01 18:05:00,0.000243,0.000243,0.0002422,0.0002425,2705730.0
1764605400000,2025-12-01 18:10:00,0.0002425,0.0002428,0.0002425,0.0002426,1440580.0
1764605700000,2025-12-01 18:15:00,0.0002426,0.0002431,0.0002424,0.0002426,2230740.0
1764606000000,2025-12-01 18:20:00,0.0002426,0.0002431,0.0002424,0.0002424,2568540.0
1764606300000,2025-12-01 18:25:00,0.0002424,0.0002431,0.0002424,0.0002428,932860.0
1764606600000,2025-12-01 18:30:00,0.0002428,0.0002428,0.0002424,0.0002427,1997080.0
1764606900000,2025-12-01 18:35:00,0.0002427,0.0002447,0.0002425,0.0002447,3245390.0
1764607200000,2025-12-01 18:40:00,0.0002447,0.0002447,0.000244,0.0002442,1556330.0
1764607500000,2025-12-01 18:45:00,0.0002442,0.0002442,0.0002435,0.0002435,676420.0
1764607800000,2025-12-01 18:50:00,0.0002435,0.0002435,0.0002423,0.0002423,802640.0
1764608100000,2025-12-01 18:55:00,0.0002423,0.0002424,0.0002423,0.0002423,286480.0
1764608400000,2025-12-01 19:00:00,0.0002423,0.0002435,0.0002423,0.0002435,2044690.0
1764608700000,2025-12-01 19:05:00,0.0002435,0.000244,0.0002435,0.0002436,2956150.0
1764609000000,2025-12-01 19:10:00,0.0002436,0.0002439,0.0002433,0.0002433,1069580.0
1764609300000,2025-12-01 19:15:00,0.0002433,0.0002433,0.0002429,0.0002429,1479050.0
1764609600000,2025-12-01 19:20:00,0.0002429,0.0002431,0.0002425,0.0002425,1072790.0
1764609900000,2025-12-01 19:25:00,0.0002425,0.0002433,0.0002425,0.0002432,444790.0
1764610200000,2025-12-01 19:30:00,0.0002432,0.0002432,0.0002423,0.0002423,310400.0
1764610500000,2025-12-01 19:35:00,0.0002423,0.000243,0.0002421,0.0002425,963890.0
1764610800000,2025-12-01 19:40:00,0.0002425,0.0002432,0.0002425,0.0002432,115630.0
1764611100000,2025-12-01 19:45:00,0.0002432,0.000244,0.0002432,0.0002436,508430.0
1764611400000,2025-12-01 19:50:00,0.0002436,0.0002437,0.0002433,0.0002433,434600.0
1764611700000,2025-12-01 19:55:00,0.0002433,0.0002434,0.0002428,0.0002428,295770.0
1764612000000,2025-12-01 20:00:00,0.0002428,0.0002431,0.0002427,0.0002427,3291180.0
1764612300000,2025-12-01 20:05:00,0.0002427,0.0002429,0.0002423,0.0002427,935080.0
1764612600000,2025-12-01 20:10:00,0.0002427,0.0002439,0.0002426,0.0002439,2135740.0
1764612900000,2025-12-01 20:15:00,0.0002439,0.0002443,0.0002439,0.0002443,1091290.0
1764613200000,2025-12-01 20:20:00,0.0002443,0.0002445,0.0002429,0.0002433,4192500.0
1764613500000,2025-12-01 20:25:00,0.0002433,0.0002435,0.0002429,0.0002429,408050.0
1764613800000,2025-12-01 20:30:00,0.0002429,0.0002431,0.0002424,0.0002426,1858190.0
1764614100000,2025-12-01 20:35:00,0.0002426,0.0002427,0.0002424,0.0002424,284350.0
1764614400000,2025-12-01 20:40:00,0.0002424,0.0002424,0.0002419,0.0002419,408510.0
1764614700000,2025-12-01 20:45:00,0.0002419,0.0002424,0.0002419,0.0002423,3013270.0
1764615000000,2025-12-01 20:50:00,0.0002423,0.0002424,0.000242,0.0002422,3919650.0
1764615300000,2025-12-01 20:55:00,0.0002422,0.0002438,0.0002422,0.0002434,7619330.0
1764615600000,2025-12-01 21:00:00,0.0002434,0.0002437,0.0002432,0.0002432,1913580.0
1764615900000,2025-12-01 21:05:00,0.0002432,0.0002432,0.0002426,0.0002426,541020.0
1764616200000,2025-12-01 21:10:00,0.0002426,0.0002429,0.0002426,0.0002427,316070.0
1764616500000,2025-12-01 21:15:00,0.0002427,0.0002427,0.0002424,0.0002424,932470.0
1764616800000,2025-12-01 21:20:00,0.0002424,0.0002424,0.0002423,0.0002423,4159230.0
1764617100000,2025-12-01 21:25:00,0.0002423,0.0002423,0.0002415,0.0002416,486450.0
1764617400000,2025-12-01 21:30:00,0.0002416,0.0002416,0.0002415,0.0002415,138840.0
1764617700000,2025-12-01 21:35:00,0.0002415,0.0002422,0.0002415,0.000242,3617890.0
1764618000000,2025-12-01 21:40:00,0.000242,0.0002422,0.000242,0.0002421,182020.0
1764618300000,2025-12-01 21:45:00,0.0002421,0.0002421,0.000242,0.0002421,201080.0
1764618600000,2025-12-01 21:50:00,0.0002421,0.0002427,0.0002421,0.0002427,3391210.0
1764618900000,2025-12-01 21:55:00,0.0002427,0.0002427,0.0002426,0.0002427,463060.0
1764619200000,2025-12-01 22:00:00,0.0002427,0.0002442,0.0002426,0.0002442,3329110.0
1764619500000,2025-12-01 22:05:00,0.0002442,0.0002454,0.0002442,0.0002453,4162290.0
1764619800000,2025-12-01 22:10:00,0.0002453,0.0002455,0.0002449,0.0002449,1256630.0
1764620100000,2025-12-01 22:15:00,0.0002449,0.0002449,0.0002442,0.0002446,6655210.0
1764620400000,2025-12-01 22:20:00,0.0002446,0.0002446,0.0002444,0.0002446,1399220.0
1764620700000,2025-12-01 22:25:00,0.0002446,0.0002447,0.0002442,0.0002446,2851580.0
1764621000000,2025-12-01 22:30:00,0.0002446,0.0002446,0.0002442,0.0002443,1467570.0
1764621300000,2025-12-01 22:35:00,0.0002443,0.0002448,0.0002443,0.0002446,1417690.0
1764621600000,2025-12-01 22:40:00,0.0002446,0.0002451,0.0002446,0.0002451,119190.0
1764621900000,2025-12-01 22:45:00,0.0002451,0.0002453,0.0002449,0.0002452,6760490.0
1764622200000,2025-12-01 22:50:00,0.0002452,0.0002452,0.0002448,0.0002449,9962700.0
1764622500000,2025-12-01 22:55:00,0.0002449,0.0002452,0.0002446,0.0002447,1918970.0
1764622800000,2025-12-01 23:00:00,0.0002447,0.0002455,0.0002447,0.0002452,2727730.0
1764623100000,2025-12-01 23:05:00,0.0002452,0.0002467,0.0002452,0.0002464,4890650.0
1764623400000,2025-12-01 23:10:00,0.0002464,0.0002465,0.0002453,0.0002454,2415220.0
1764623700000,2025-12-01 23:15:00,0.0002454,0.000246,0.0002454,0.0002457,690280.0
1764624000000,2025-12-01 23:20:00,0.0002457,0.000247,0.0002457,0.0002468,4384880.0
1764624300000,2025-12-01 23:25:00,0.0002468,0.0002474,0.0002468,0.0002469,1100650.0
1764624600000,2025-12-01 23:30:00,0.0002469,0.0002472,0.0002469,0.0002472,2781850.0
1764624900000,2025-12-01 23:35:00,0.0002472,0.0002475,0.000247,0.0002473,1484310.0
1764625200000,2025-12-01 23:40:00,0.0002473,0.0002475,0.0002472,0.0002472,7448420.0
1764625500000,2025-12-01 23:45:00,0.0002472,0.0002474,0.0002469,0.0002469,724030.0
1764625800000,2025-12-01 23:50:00,0.0002469,0.0002471,0.0002467,0.0002467,1824820.0
1764626100000,2025-12-01 23:55:00,0.0002467,0.0002468,0.0002466,0.0002466,377600.0
1764626400000,2025-12-02 00:00:00,0.0002466,0.0002472,0.0002466,0.0002472,4772920.0
1764626700000,2025-12-02 00:05:00,0.0002472,0.0002476,0.0002472,0.0002476,1055420.0
1764627000000,2025-12-02 00:10:00,0.0002476,0.0002476,0.0002469,0.0002469,2729400.0
1764627300000,2025-12-02 00:15:00,0.0002469,0.0002472,0.0002469,0.000247,375780.0
1764627600000,2025-12-02 00:20:00,0.000247,0.000247,0.0002468,0.0002468,209180.0
1764627900000,2025-12-02 00:25:00,0.0002468,0.0002471,0.0002468,0.0002471,518130.0
1764628200000,2025-12-02 00:30:00,0.0002471,0.0002473,0.0002471,0.0002472,1245090.0
1764628500000,2025-12-02 00:35:00,0.0002472,0.0002472,0.000247,0.0002472,96910.0
1764628800000,2025-12-02 00:40:00,0.0002472,0.000248,0.000247,0.0002479,620890.0
1764629100000,2025-12-02 00:45:00,0.0002479,0.0002493,0.0002479,0.0002493,17767880.0
1764629400000,2025-12-02 00:50:00,0.0002493,0.0002494,0.000249,0.000249,1809610.0
1764629700000,2025-12-02 00:55:00,0.000249,0.000249,0.0002484,0.0002484,1632480.0
1764630000000,2025-12-02 01:00:00,0.0002484,0.0002484,0.0002478,0.0002482,4366450.0
1764630300000,2025-12-02 01:05:00,0.0002482,0.0002482,0.0002475,0.0002476,1021490.0
1764630600000,2025-12-02 01:10:00,0.0002476,0.0002479,0.0002474,0.0002477,783950.0
1764630900000,2025-12-02 01:15:00,0.0002477,0.0002485,0.0002468,0.0002485,10758570.0
1764631200000,2025-12-02 01:20:00,0.0002485,0.0002486,0.0002483,0.0002485,1585830.0
1764631500000,2025-12-02 01:25:00,0.0002485,0.0002486,0.0002484,0.0002485,378160.0
1764631800000,2025-12-02 01:30:00,0.0002485,0.0002487,0.0002483,0.0002483,333140.0
1764632100000,2025-12-02 01:35:00,0.0002483,0.0002487,0.0002482,0.0002486,717930.0
1764632400000,2025-12-02 01:40:00,0.0002486,0.0002493,0.0002482,0.0002486,11754590.0
1764632700000,2025-12-02 01:45:00,0.0002486,0.0002486,0.0002485,0.0002485,189260.0
1764633000000,2025-12-02 01:50:00,0.0002485,0.0002485,0.0002481,0.0002481,2208260.0
1764633300000,2025-12-02 01:55:00,0.0002481,0.0002483,0.0002481,0.0002483,184410.0
1764633600000,2025-12-02 02:00:00,0.0002483,0.0002486,0.0002476,0.0002479,6027550.0
1764633900000,2025-12-02 02:05:00,0.0002479,0.000248,0.0002476,0.000248,1745060.0
1764634200000,2025-12-02 02:10:00,0.000248,0.000248,0.0002476,0.0002476,234610.0
1764634500000,2025-12-02 02:15:00,0.0002476,0.0002478,0.0002466,0.0002476,11516300.0
1764634800000,2025-12-02 02:20:00,0.0002476,0.0002476,0.0002469,0.0002472,1369220.0
1764635100000,2025-12-02 02:25:00,0.0002472,0.0002472,0.0002471,0.0002471,579380.0
1764635400000,2025-12-02 02:30:00,0.0002471,0.0002479,0.0002471,0.0002479,4478370.0
1764635700000,2025-12-02 02:35:00,0.0002479,0.0002479,0.0002476,0.0002478,798000.0
1764636000000,2025-12-02 02:40:00,0.0002478,0.0002479,0.0002474,0.0002476,388470.0
1764636300000,2025-12-02 02:45:00,0.0002476,0.0002476,0.0002473,0.0002473,68560.0
1764636600000,2025-12-02 02:50:00,0.0002473,0.0002479,0.0002473,0.0002478,319940.0
1764636900000,2025-12-02 02:55:00,0.0002478,0.0002478,0.0002472,0.0002474,314410.0
1764637200000,2025-12-02 03:00:00,0.0002474,0.0002474,0.000247,0.0002473,3326400.0
1764637500000,2025-12-02 03:05:00,0.0002473,0.0002506,0.0002473,0.0002487,11053070.0
1764637800000,2025-12-02 03:10:00,0.0002487,0.0002492,0.0002481,0.0002481,1759140.0
1764638100000,2025-12-02 03:15:00,0.0002481,0.0002481,0.0002472,0.0002472,634760.0
1764638400000,2025-12-02 03:20:00,0.0002472,0.0002476,0.000247,0.0002476,436650.0
1764638700000,2025-12-02 03:25:00,0.0002476,0.0002476,0.0002474,0.0002474,292780.0
1764639000000,2025-12-02 03:30:00,0.0002474,0.0002475,0.0002473,0.0002474,65670.0
1764639300000,2025-12-02 03:35:00,0.0002474,0.0002474,0.000247,0.0002472,722270.0
1764639600000,2025-12-02 03:40:00,0.0002472,0.0002474,0.0002469,0.0002469,11040.0
1764639900000,2025-12-02 03:45:00,0.0002469,0.000247,0.0002466,0.0002466,1298360.0
1764640200000,2025-12-02 03:50:00,0.0002466,0.0002466,0.0002465,0.0002465,58580.0
1764640500000,2025-12-02 03:55:00,0.0002465,0.0002465,0.0002461,0.0002462,177520.0
1764640800000,2025-12-02 04:00:00,0.0002462,0.0002462,0.0002458,0.0002459,2099440.0
1764641100000,2025-12-02 04:05:00,0.0002459,0.0002463,0.0002459,0.000246,1286400.0
1764641400000,2025-12-02 04:10:00,0.000246,0.0002466,0.000246,0.0002465,1163270.0
1764641700000,2025-12-02 04:15:00,0.0002465,0.0002473,0.0002465,0.0002467,2426420.0
1764642000000,2025-12-02 04:20:00,0.0002467,0.0002474,0.0002467,0.0002472,3879720.0
1764642300000,2025-12-02 04:25:00,0.0002472,0.0002476,0.0002472,0.0002476,54930.0
1764642600000,2025-12-02 04:30:00,0.0002476,0.0002477,0.0002475,0.0002476,286300.0
1764642900000,2025-12-02 04:35:00,0.0002476,0.0002481,0.0002476,0.0002477,1338950.0
1764643200000,2025-12-02 04:40:00,0.0002477,0.0002482,0.0002477,0.000248,490910.0
1764643500000,2025-12-02 04:45:00,0.000248,0.0002482,0.000248,0.000248,1535060.0
1764643800000,2025-12-02 04:50:00,0.000248,0.000248,0.0002475,0.0002477,213660.0
1764644100000,2025-12-02 04:55:00,0.0002477,0.0002477,0.0002472,0.0002476,636340.0
1764644400000,2025-12-02 05:00:00,0.0002476,0.0002477,0.0002473,0.0002473,3295650.0
1764644700000,2025-12-02 05:05:00,0.0002473,0.0002474,0.0002471,0.0002471,533010.0
1764645000000,2025-12-02 05:10:00,0.0002471,0.0002472,0.0002471,0.0002472,26790.0
1764645300000,2025-12-02 05:15:00,0.0002472,0.0002477,0.0002472,0.0002477,1473380.0
1764645600000,2025-12-02 05:20:00,0.0002477,0.0002477,0.0002462,0.0002463,329650.0
1764645900000,2025-12-02 05:25:00,0.0002463,0.0002465,0.0002462,0.0002465,187060.0
1764646200000,2025-12-02 05:30:00,0.0002465,0.0002466,0.0002462,0.0002466,2659780.0
1764646500000,2025-12-02 05:35:00,0.0002466,0.000247,0.0002465,0.000247,130550.0
1764646800000,2025-12-02 05:40:00,0.000247,0.0002484,0.000247,0.0002484,1341760.0
1764647100000,2025-12-02 05:45:00,0.0002484,0.0002487,0.0002484,0.0002484,182260.0
1764647400000,2025-12-02 05:50:00,0.0002484,0.0002484,0.0002482,0.0002484,345120.0
1764647700000,2025-12-02 05:55:00,0.0002484,0.000249,0.0002484,0.0002485,695370.0
1764648000000,2025-12-02 06:00:00,0.0002485,0.0002492,0.0002485,0.000249,2292040.0
1764648300000,2025-12-02 06:05:00,0.000249,0.000249,0.0002486,0.0002488,46280.0
1764648600000,2025-12-02 06:10:00,0.0002488,0.0002491,0.0002487,0.0002491,733060.0
1764648900000,2025-12-02 06:15:00,0.0002491,0.0002491,0.0002486,0.0002491,2409780.0
1764649200000,2025-12-02 06:20:00,0.0002491,0.0002495,0.000249,0.0002495,1210460.0
1764649500000,2025-12-02 06:25:00,0.0002495,0.0002495,0.0002494,0.0002494,757140.0
1764649800000,2025-12-02 06:30:00,0.0002494,0.0002494,0.0002485,0.0002485,289390.0
1764650100000,2025-12-02 06:35:00,0.0002485,0.0002485,0.0002484,0.0002484,925780.0
1764650400000,2025-12-02 06:40:00,0.0002484,0.0002486,0.0002484,0.0002486,83000.0
1764650700000,2025-12-02 06:45:00,0.0002486,0.0002487,0.0002486,0.0002486,59930.0
1764651000000,2025-12-02 06:50:00,0.0002486,0.0002487,0.0002486,0.0002487,20530.0
1764651300000,2025-12-02 06:55:00,0.0002487,0.0002487,0.000248,0.000248,48550.0
1764651600000,2025-12-02 07:00:00,0.000248,0.000248,0.000248,0.000248,127910.0
1764651900000,2025-12-02 07:05:00,0.000248,0.0002483,0.0002472,0.0002483,3242080.0
1764652200000,2025-12-02 07:10:00,0.0002483,0.0002489,0.0002483,0.0002485,1571570.0
1764652500000,2025-12-02 07:15:00,0.0002485,0.0002485,0.0002476,0.0002482,2443680.0
1764652800000,2025-12-02 07:20:00,0.0002482,0.0002486,0.0002481,0.0002481,210340.0
1764653100000,2025-12-02 07:25:00,0.0002481,0.0002482,0.0002481,0.0002481,181970.0
1764653400000,2025-12-02 07:30:00,0.0002481,0.0002484,0.0002481,0.0002484,2135730.0
1764653700000,2025-12-02 07:35:00,0.0002484,0.0002484,0.0002483,0.0002483,1977670.0
1764654000000,2025-12-02 07:40:00,0.0002483,0.0002486,0.0002482,0.0002486,1162740.0
1764654300000,2025-12-02 07:45:00,0.0002486,0.0002486,0.0002481,0.0002482,6398530.0
1764654600000,2025-12-02 07:50:00,0.0002482,0.0002485,0.0002482,0.0002484,346960.0
1764654900000,2025-12-02 07:55:00,0.0002484,0.0002485,0.0002483,0.0002483,45830.0
1764655200000,2025-12-02 08:00:00,0.0002483,0.0002483,0.0002479,0.0002481,808260.0
1764655500000,2025-12-02 08:05:00,0.0002481,0.0002482,0.000248,0.000248,536310.0
1764655800000,2025-12-02 08:10:00,0.000248,0.0002482,0.000248,0.0002482,389100.0
1764656100000,2025-12-02 08:15:00,0.0002482,0.0002482,0.0002482,0.0002482,399250.0
1764656400000,2025-12-02 08:20:00,0.0002482,0.0002482,0.0002482,0.0002482,17090.0
1764656700000,2025-12-02 08:25:00,0.0002482,0.0002482,0.000248,0.0002482,400580.0
1764657000000,2025-12-02 08:30:00,0.0002482,0.000249,0.0002482,0.000249,219610.0
1764657300000,2025-12-02 08:35:00,0.000249,0.0002493,0.000249,0.000249,2061870.0
1764657600000,2025-12-02 08:40:00,0.000249,0.0002496,0.000249,0.0002496,808620.0
1764657900000,2025-12-02 08:45:00,0.0002496,0.0002498,0.0002496,0.0002498,2613470.0
1764658200000,2025-12-02 08:50:00,0.0002498,0.0002502,0.0002498,0.0002502,584000.0
1764658500000,2025-12-02 08:55:00,0.0002502,0.0002503,0.0002501,0.0002501,3839070.0
1764658800000,2025-12-02 09:00:00,0.0002501,0.0002501,0.0002494,0.0002499,4244470.0
1764659100000,2025-12-02 09:05:00,0.0002499,0.00025,0.0002497,0.0002498,1636880.0
1764659400000,2025-12-02 09:10:00,0.0002498,0.0002501,0.0002498,0.0002501,1082080.0
1764659700000,2025-12-02 09:15:00,0.0002501,0.0002507,0.0002501,0.0002503,3314950.0
1764660000000,2025-12-02 09:20:00,0.0002503,0.0002506,0.0002503,0.0002505,566900.0
1764660300000,2025-12-02 09:25:00,0.0002505,0.0002505,0.0002502,0.0002502,3610560.0
1764660600000,2025-12-02 09:30:00,0.0002502,0.0002503,0.0002498,0.0002502,601940.0
1764660900000,2025-12-02 09:35:00,0.0002502,0.0002506,0.0002501,0.0002506,3465290.0
1764661200000,2025-12-02 09:40:00,0.0002506,0.0002508,0.0002505,0.0002508,1335340.0
1764661500000,2025-12-02 09:45:00,0.0002508,0.0002508,0.0002502,0.0002502,280290.0
1764661800000,2025-12-02 09:50:00,0.0002502,0.0002503,0.00025,0.00025,4073720.0
1764662100000,2025-12-02 09:55:00,0.00025,0.0002503,0.00025,0.0002502,465400.0
1764662400000,2025-12-02 10:00:00,0.0002502,0.0002502,0.0002499,0.0002501,2795210.0
1764662700000,2025-12-02 10:05:00,0.0002501,0.0002501,0.0002492,0.0002492,1150390.0
1764663000000,2025-12-02 10:10:00,0.0002492,0.0002496,0.0002489,0.0002489,414710.0
1764663300000,2025-12-02 10:15:00,0.0002489,0.0002489,0.0002481,0.0002481,400600.0
1764663600000,2025-12-02 10:20:00,0.0002481,0.0002484,0.0002481,0.0002483,3140910.0
1764663900000,2025-12-02 10:25:00,0.0002483,0.0002483,0.0002481,0.0002482,2527300.0
1764664200000,2025-12-02 10:30:00,0.0002482,0.0002484,0.0002476,0.0002484,756500.0
1764664500000,2025-12-02 10:35:00,0.0002484,0.0002485,0.0002482,0.0002484,207910.0
1764664800000,2025-12-02 10:40:00,0.0002484,0.0002488,0.000247,0.0002476,3274200.0
1764665100000,2025-12-02 10:45:00,0.0002476,0.0002486,0.0002474,0.0002485,7062090.0
1764665400000,2025-12-02 10:50:00,0.0002485,0.0002485,0.0002474,0.0002482,6662560.0
1764665700000,2025-12-02 10:55:00,0.0002482,0.0002484,0.0002476,0.0002484,4247230.0
1764666000000,2025-12-02 11:00:00,0.0002484,0.000249,0.000248,0.000249,4311890.0
1764666300000,2025-12-02 11:05:00,0.000249,0.0002501,0.0002489,0.0002496,8595730.0
1764666600000,2025-12-02 11:10:00,0.0002496,0.0002498,0.0002492,0.0002495,3648610.0
1764666900000,2025-12-02 11:15:00,0.0002495,0.0002495,0.0002491,0.0002492,3362880.0
1764667200000,2025-12-02 11:20:00,0.0002492,0.0002497,0.000249,0.0002495,7948830.0
1764667500000,2025-12-02 11:25:00,0.0002495,0.0002501,0.0002495,0.0002499,4684900.0
1764667800000,2025-12-02 11:30:00,0.0002499,0.0002499,0.0002493,0.0002495,3620450.0
1764668100000,2025-12-02 11:35:00,0.0002495,0.0002496,0.0002488,0.0002491,4092580.0
1764668400000,2025-12-02 11:40:00,0.0002491,0.0002491,0.0002488,0.000249,3444910.0
1764668700000,2025-12-02 11:45:00,0.000249,0.0002495,0.000249,0.0002495,3681630.0
1764669000000,2025-12-02 11:50:00,0.0002495,0.0002497,0.0002492,0.0002494,3727030.0
1764669300000,2025-12-02 11:55:00,0.0002494,0.0002495,0.0002492,0.0002495,1394270.0
1764669600000,2025-12-02 12:00:00,0.0002495,0.0002497,0.0002493,0.0002493,630430.0
1764669900000,2025-12-02 12:05:00,0.0002493,0.0002498,0.0002493,0.0002497,335230.0
1764670200000,2025-12-02 12:10:00,0.0002497,0.0002497,0.0002494,0.0002495,997100.0
1764670500000,2025-12-02 12:15:00,0.0002495,0.0002495,0.0002488,0.000249,252620.0
1764670800000,2025-12-02 12:20:00,0.000249,0.000249,0.0002487,0.0002488,48520.0
1764671100000,2025-12-02 12:25:00,0.0002488,0.0002488,0.0002482,0.0002484,1698170.0
1764671400000,2025-12-02 12:30:00,0.0002484,0.0002487,0.0002483,0.0002483,634950.0
1764671700000,2025-12-02 12:35:00,0.0002483,0.0002484,0.0002483,0.0002484,168760.0
1764672000000,2025-12-02 12:40:00,0.0002484,0.0002487,0.0002484,0.0002487,479040.0
1764672300000,2025-12-02 12:45:00,0.0002487,0.0002494,0.0002487,0.0002492,2058220.0
1764672600000,2025-12-02 12:50:00,0.0002492,0.0002509,0.000249,0.0002497,1735430.0
1764672900000,2025-12-02 12:55:00,0.0002497,0.0002498,0.0002495,0.0002498,113780.0
1764673200000,2025-12-02 13:00:00,0.0002498,0.0002499,0.0002493,0.0002493,546310.0
1764673500000,2025-12-02 13:05:00,0.0002493,0.0002495,0.0002492,0.0002492,369060.0
1764673800000,2025-12-02 13:10:00,0.0002492,0.0002492,0.0002486,0.0002487,388650.0
1764674100000,2025-12-02 13:15:00,0.0002487,0.0002491,0.0002487,0.0002491,16442730.0
1764674400000,2025-12-02 13:20:00,0.0002491,0.0002494,0.000249,0.0002494,226300.0
1764674700000,2025-12-02 13:25:00,0.0002494,0.0002503,0.0002494,0.0002501,6061240.0
1764675000000,2025-12-02 13:30:00,0.0002501,0.0002501,0.0002497,0.00025,804580.0
1764675300000,2025-12-02 13:35:00,0.00025,0.00025,0.0002498,0.00025,284380.0
1764675600000,2025-12-02 13:40:00,0.00025,0.00025,0.0002498,0.0002498,859340.0
1764675900000,2025-12-02 13:45:00,0.0002498,0.0002501,0.0002498,0.00025,958270.0
1764676200000,2025-12-02 13:50:00,0.00025,0.0002501,0.0002498,0.0002501,298250.0
1764676500000,2025-12-02 13:55:00,0.0002501,0.0002505,0.0002501,0.0002503,269900.0
1764676800000,2025-12-02 14:00:00,0.0002503,0.0002509,0.0002503,0.0002509,2197800.0
1764677100000,2025-12-02 14:05:00,0.0002509,0.0002511,0.0002509,0.000251,406830.0
1764677400000,2025-12-02 14:10:00,0.000251,0.000251,0.000251,0.000251,0.0
1764677700000,2025-12-02 14:15:00,0.000251,0.000251,0.0002508,0.000251,57900.0
1764678000000,2025-12-02 14:20:00,0.000251,0.0002511,0.000251,0.000251,124240.0
1764678300000,2025-12-02 14:25:00,0.000251,0.0002511,0.0002503,0.0002503,5782690.0
1764678600000,2025-12-02 14:30:00,0.0002503,0.0002508,0.0002502,0.0002502,776770.0
1764678900000,2025-12-02 14:35:00,0.0002502,0.0002502,0.0002497,0.0002498,133790.0
1764679200000,2025-12-02 14:40:00,0.0002498,0.00025,0.0002498,0.00025,490860.0
1764679500000,2025-12-02 14:45:00,0.00025,0.00025,0.0002498,0.0002498,129330.0
1764679800000,2025-12-02 14:50:00,0.0002498,0.0002504,0.0002498,0.0002502,596200.0
1764680100000,2025-12-02 14:55:00,0.0002502,0.0002508,0.0002502,0.0002505,2466230.0
1764680400000,2025-12-02 15:00:00,0.0002505,0.0002508,0.0002505,0.0002507,342690.0
1764680700000,2025-12-02 15:05:00,0.0002507,0.0002508,0.0002503,0.0002503,531300.0
1764681000000,2025-12-02 15:10:00,0.0002503,0.0002513,0.0002503,0.0002512,553310.0
1764681300000,2025-12-02 15:15:00,0.0002512,0.0002526,0.0002512,0.0002518,1293260.0
1764681600000,2025-12-02 15:20:00,0.0002518,0.0002521,0.0002517,0.0002517,1108610.0
1764681900000,2025-12-02 15:25:00,0.0002517,0.0002521,0.0002517,0.0002517,245660.0
1764682200000,2025-12-02 15:30:00,0.0002517,0.0002519,0.0002517,0.0002519,11090.0
1764682500000,2025-12-02 15:35:00,0.0002519,0.0002519,0.0002511,0.0002514,913020.0
1764682800000,2025-12-02 15:40:00,0.0002514,0.0002515,0.0002514,0.0002515,51640.0
1764683100000,2025-12-02 15:45:00,0.0002515,0.0002518,0.0002513,0.0002515,730240.0
1764683400000,2025-12-02 15:50:00,0.0002515,0.0002518,0.0002515,0.0002517,71870.0
1764683700000,2025-12-02 15:55:00,0.0002517,0.0002522,0.0002517,0.0002522,190040.0
1764684000000,2025-12-02 16:00:00,0.0002522,0.0002523,0.0002516,0.0002518,1479760.0
1764684300000,2025-12-02 16:05:00,0.0002518,0.0002554,0.0002518,0.0002534,69074850.0
1764684600000,2025-12-02 16:10:00,0.0002534,0.0002534,0.000253,0.0002531,7884420.0
1764684900000,2025-12-02 16:15:00,0.0002531,0.0002533,0.0002528,0.0002531,2564000.0
1764685200000,2025-12-02 16:20:00,0.0002531,0.0002533,0.0002528,0.0002533,1561460.0
1764685500000,2025-12-02 16:25:00,0.0002533,0.0002542,0.0002532,0.0002534,2971710.0
1764685800000,2025-12-02 16:30:00,0.0002534,0.0002535,0.0002528,0.0002533,2457830.0
1764686100000,2025-12-02 16:35:00,0.0002533,0.0002541,0.0002533,0.0002535,2998150.0
1764686400000,2025-12-02 16:40:00,0.0002535,0.0002546,0.0002531,0.0002544,3073060.0
1764686700000,2025-12-02 16:45:00,0.0002544,0.0002553,0.0002544,0.0002548,13543700.0
1764687000000,2025-12-02 16:50:00,0.0002548,0.0002551,0.0002542,0.0002542,1207790.0
1764687300000,2025-12-02 16:55:00,0.0002542,0.0002553,0.0002542,0.0002552,1710730.0
1764687600000,2025-12-02 17:00:00,0.0002552,0.0002579,0.0002552,0.0002575,4145770.0
1764687900000,2025-12-02 17:05:00,0.0002575,0.0002582,0.0002573,0.0002576,2614780.0
1764688200000,2025-12-02 17:10:00,0.0002576,0.0002606,0.0002576,0.0002599,8076960.0
1764688500000,2025-12-02 17:15:00,0.0002599,0.0002612,0.0002592,0.0002597,3886150.0
1764688800000,2025-12-02 17:20:00,0.0002597,0.0002597,0.0002588,0.0002593,3158420.0
1764689100000,2025-12-02 17:25:00,0.0002593,0.0002596,0.000258,0.000258,7705780.0
1764689400000,2025-12-02 17:30:00,0.000258,0.0002591,0.000258,0.000259,2977910.0
1764689700000,2025-12-02 17:35:00,0.000259,0.0002593,0.0002588,0.0002588,3135560.0
1764690000000,2025-12-02 17:40:00,0.0002588,0.0002626,0.0002588,0.0002618,12113750.0
1764690300000,2025-12-02 17:45:00,0.0002618,0.0002623,0.0002609,0.0002612,1817740.0
1764690600000,2025-12-02 17:50:00,0.0002612,0.0002618,0.0002608,0.000261,5061720.0
1764690900000,2025-12-02 17:55:00,0.000261,0.0002617,0.0002609,0.0002617,4112620.0
1764691200000,2025-12-02 18:00:00,0.0002617,0.0002628,0.0002616,0.0002625,5383360.0
1764691500000,2025-12-02 18:05:00,0.0002625,0.0002628,0.0002616,0.000262,6736610.0
1764691800000,2025-12-02 18:10:00,0.000262,0.0002624,0.0002618,0.000262,3916710.0
1764692100000,2025-12-02 18:15:00,0.000262,0.000262,0.0002611,0.0002612,1848090.0
1764692400000,2025-12-02 18:20:00,0.0002612,0.0002617,0.0002597,0.0002602,6778990.0
1764692700000,2025-12-02 18:25:00,0.0002602,0.0002604,0.0002592,0.0002595,1513740.0
1764693000000,2025-12-02 18:30:00,0.0002595,0.0002599,0.0002594,0.0002596,1260810.0
1764693300000,2025-12-02 18:35:00,0.0002596,0.0002607,0.0002596,0.0002606,2087820.0
1764693600000,2025-12-02 18:40:00,0.0002606,0.0002607,0.00026,0.00026,217470.0
1764693900000,2025-12-02 18:45:00,0.00026,0.0002606,0.00026,0.00026,266940.0
1764694200000,2025-12-02 18:50:00,0.00026,0.0002606,0.0002598,0.0002604,1207460.0
1764694500000,2025-12-02 18:55:00,0.0002604,0.0002608,0.0002601,0.0002601,1292680.0
1764694800000,2025-12-02 19:00:00,0.0002601,0.000261,0.0002601,0.0002609,1207140.0
1764695100000,2025-12-02 19:05:00,0.0002609,0.000261,0.00026,0.00026,1742560.0
1764695400000,2025-12-02 19:10:00,0.00026,0.0002602,0.0002598,0.0002598,192140.0
1764695700000,2025-12-02 19:15:00,0.0002598,0.0002603,0.0002598,0.0002603,186040.0
1764696000000,2025-12-02 19:20:00,0.0002603,0.0002607,0.00026,0.0002605,2208460.0
1764696300000,2025-12-02 19:25:00,0.0002605,0.0002618,0.0002602,0.0002612,545270.0
1764696600000,2025-12-02 19:30:00,0.0002612,0.0002616,0.000261,0.0002611,809090.0
1764696900000,2025-12-02 19:35:00,0.0002611,0.0002612,0.0002608,0.0002608,567750.0
1764697200000,2025-12-02 19:40:00,0.0002608,0.0002608,0.0002606,0.0002607,169010.0
1764697500000,2025-12-02 19:45:00,0.0002607,0.0002607,0.00026,0.0002601,2221540.0
1764697800000,2025-12-02 19:50:00,0.0002601,0.0002601,0.0002598,0.00026,309550.0
1764698100000,2025-12-02 19:55:00,0.00026,0.00026,0.0002593,0.0002595,980740.0
1764698400000,2025-12-02 20:00:00,0.0002595,0.0002597,0.0002592,0.0002592,6282180.0
1764698700000,2025-12-02 20:05:00,0.0002592,0.0002606,0.0002591,0.0002598,12296740.0
1764699000000,2025-12-02 20:10:00,0.0002598,0.000261,0.0002594,0.0002596,13683620.0
1764699300000,2025-12-02 20:15:00,0.0002596,0.0002612,0.0002596,0.0002603,11459590.0
1764699600000,2025-12-02 20:20:00,0.0002603,0.0002604,0.0002602,0.0002602,998620.0
1764699900000,2025-12-02 20:25:00,0.0002602,0.0002602,0.0002598,0.0002599,686010.0
1764700200000,2025-12-02 20:30:00,0.0002599,0.000261,0.0002599,0.0002604,8589560.0
1764700500000,2025-12-02 20:35:00,0.0002604,0.0002605,0.0002601,0.0002601,68800.0
1764700800000,2025-12-02 20:40:00,0.0002601,0.0002601,0.0002599,0.0002601,186560.0
1764701100000,2025-12-02 20:45:00,0.0002601,0.0002604,0.0002598,0.0002603,612610.0
1764701400000,2025-12-02 20:50:00,0.0002603,0.0002603,0.0002601,0.0002601,476520.0
1764701700000,2025-12-02 20:55:00,0.0002601,0.0002605,0.0002601,0.0002605,103520.0
1764702000000,2025-12-02 21:00:00,0.0002605,0.0002608,0.0002604,0.0002607,1068540.0
1764702300000,2025-12-02 21:05:00,0.0002607,0.0002608,0.0002607,0.0002608,235970.0
1764702600000,2025-12-02 21:10:00,0.0002608,0.0002608,0.0002605,0.0002605,433000.0
1764702900000,2025-12-02 21:15:00,0.0002605,0.0002607,0.0002603,0.0002607,2970910.0
1764703200000,2025-12-02 21:20:00,0.0002607,0.0002607,0.0002603,0.0002605,476330.0
1764703500000,2025-12-02 21:25:00,0.0002605,0.0002605,0.0002602,0.0002602,97300.0
1764703800000,2025-12-02 21:30:00,0.0002602,0.0002607,0.0002602,0.0002607,882890.0
1764704100000,2025-12-02 21:35:00,0.0002607,0.0002607,0.0002603,0.0002606,443500.0
1764704400000,2025-12-02 21:40:00,0.0002606,0.0002606,0.0002603,0.0002603,89260.0
1764704700000,2025-12-02 21:45:00,0.0002603,0.0002603,0.0002601,0.0002603,218970.0
1764705000000,2025-12-02 21:50:00,0.0002603,0.0002604,0.00026,0.00026,108440.0
1764705300000,2025-12-02 21:55:00,0.00026,0.00026,0.0002597,0.0002597,7783070.0
1764705600000,2025-12-02 22:00:00,0.0002597,0.0002597,0.0002588,0.0002591,1530080.0
1764705900000,2025-12-02 22:05:00,0.0002591,0.0002595,0.0002591,0.0002595,1133780.0
1764706200000,2025-12-02 22:10:00,0.0002595,0.0002597,0.0002591,0.0002593,3516580.0
1764706500000,2025-12-02 22:15:00,0.0002593,0.0002595,0.0002589,0.000259,4568750.0
1764706800000,2025-12-02 22:20:00,0.000259,0.0002593,0.000259,0.000259,2317510.0
1764707100000,2025-12-02 22:25:00,0.000259,0.0002592,0.000258,0.000258,4469020.0
1764707400000,2025-12-02 22:30:00,0.000258,0.0002584,0.0002579,0.000258,3543890.0
1764707700000,2025-12-02 22:35:00,0.000258,0.0002581,0.0002572,0.0002572,2793790.0
1764708000000,2025-12-02 22:40:00,0.0002572,0.0002576,0.0002572,0.0002575,1908400.0
1764708300000,2025-12-02 22:45:00,0.0002575,0.0002579,0.0002575,0.0002578,542460.0
1764708600000,2025-12-02 22:50:00,0.0002578,0.0002578,0.0002572,0.0002573,272000.0
1764708900000,2025-12-02 22:55:00,0.0002573,0.0002579,0.0002571,0.0002576,851440.0
1764709200000,2025-12-02 23:00:00,0.0002576,0.000258,0.0002575,0.000258,1789860.0
1764709500000,2025-12-02 23:05:00,0.000258,0.0002583,0.000258,0.0002583,1089280.0
1764709800000,2025-12-02 23:10:00,0.0002583,0.0002583,0.0002581,0.0002582,58240.0
1764710100000,2025-12-02 23:15:00,0.0002582,0.0002587,0.0002582,0.0002582,57360.0
1764710400000,2025-12-02 23:20:00,0.0002582,0.0002582,0.0002578,0.0002578,68300.0
1764710700000,2025-12-02 23:25:00,0.0002578,0.000258,0.0002577,0.000258,544600.0
1764711000000,2025-12-02 23:30:00,0.000258,0.000258,0.0002578,0.000258,200740.0
1764711300000,2025-12-02 23:35:00,0.000258,0.000258,0.0002579,0.0002579,428610.0
1764711600000,2025-12-02 23:40:00,0.0002579,0.0002579,0.0002576,0.0002576,45910.0
1764711900000,2025-12-02 23:45:00,0.0002576,0.000258,0.0002576,0.000258,245960.0
1764712200000,2025-12-02 23:50:00,0.000258,0.000258,0.000258,0.000258,0.0
1764712500000,2025-12-02 23:55:00,0.000258,0.000258,0.000258,0.000258,0.0
1764712800000,2025-12-03 00:00:00,0.000258,0.0002584,0.000258,0.0002583,816410.0
1764713100000,2025-12-03 00:05:00,0.0002583,0.0002587,0.0002578,0.0002578,1190530.0
1764713400000,2025-12-03 00:10:00,0.0002578,0.0002584,0.0002578,0.0002581,730670.0
1764713700000,2025-12-03 00:15:00,0.0002581,0.0002582,0.0002581,0.0002581,166760.0
1764714000000,2025-12-03 00:20:00,0.0002581,0.0002583,0.0002579,0.000258,2076040.0
1764714300000,2025-12-03 00:25:00,0.000258,0.0002582,0.000258,0.0002581,9190.0
1764714600000,2025-12-03 00:30:00,0.0002581,0.0002582,0.0002581,0.0002582,8090.0
1764714900000,2025-12-03 00:35:00,0.0002582,0.0002583,0.0002582,0.0002583,158330.0
1764715200000,2025-12-03 00:40:00,0.0002583,0.0002588,0.0002583,0.0002588,1746630.0
1764715500000,2025-12-03 00:45:00,0.0002588,0.0002588,0.0002588,0.0002588,28230.0
1764715800000,2025-12-03 00:50:00,0.0002588,0.0002588,0.0002584,0.0002587,1725760.0
1764716100000,2025-12-03 00:55:00,0.0002587,0.0002587,0.0002587,0.0002587,0.0
1764716400000,2025-12-03 01:00:00,0.0002587,0.0002587,0.0002584,0.0002587,146530.0
1764716700000,2025-12-03 01:05:00,0.0002587,0.0002587,0.0002585,0.0002585,92820.0
1764717000000,2025-12-03 01:10:00,0.0002585,0.0002586,0.0002584,0.0002584,534380.0
1764717300000,2025-12-03 01:15:00,0.0002584,0.0002584,0.000258,0.000258,11660.0
1764717600000,2025-12-03 01:20:00,0.000258,0.000258,0.0002576,0.0002576,17060.0
1764717900000,2025-12-03 01:25:00,0.0002576,0.0002576,0.0002574,0.0002574,157940.0
1764718200000,2025-12-03 01:30:00,0.0002574,0.0002581,0.0002574,0.0002581,1288090.0
1764718500000,2025-12-03 01:35:00,0.0002581,0.0002581,0.0002576,0.0002576,1642410.0
1764718800000,2025-12-03 01:40:00,0.0002576,0.0002576,0.0002576,0.0002576,0.0
1764719100000,2025-12-03 01:45:00,0.0002576,0.0002576,0.0002576,0.0002576,3700170.0
1764719400000,2025-12-03 01:50:00,0.0002576,0.0002582,0.0002571,0.0002574,8408970.0
1764719700000,2025-12-03 01:55:00,0.0002574,0.0002577,0.0002574,0.0002577,899540.0
1764720000000,2025-12-03 02:00:00,0.0002577,0.0002583,0.0002577,0.0002578,878640.0
1764720300000,2025-12-03 02:05:00,0.0002578,0.0002589,0.0002578,0.0002589,650380.0
1764720600000,2025-12-03 02:10:00,0.0002589,0.0002589,0.0002586,0.0002586,93050.0
1764720900000,2025-12-03 02:15:00,0.0002586,0.0002588,0.0002584,0.0002586,326840.0
1764721200000,2025-12-03 02:20:00,0.0002586,0.0002586,0.0002581,0.0002582,115380.0
1764721500000,2025-12-03 02:25:00,0.0002582,0.0002582,0.0002581,0.0002581,88810.0
1764721800000,2025-12-03 02:30:00,0.0002581,0.0002581,0.0002575,0.0002575,757360.0
1764722100000,2025-12-03 02:35:00,0.0002575,0.0002578,0.0002575,0.0002578,648580.0
1764722400000,2025-12-03 02:40:00,0.0002578,0.0002584,0.0002578,0.0002584,97690.0
1764722700000,2025-12-03 02:45:00,0.0002584,0.0002589,0.0002584,0.0002588,224840.0
1764723000000,2025-12-03 02:50:00,0.0002588,0.0002591,0.0002588,0.0002591,252890.0
1764723300000,2025-12-03 02:55:00,0.0002591,0.0002591,0.0002588,0.0002588,164610.0
1764723600000,2025-12-03 03:00:00,0.0002588,0.0002588,0.0002583,0.0002583,1249120.0
1764723900000,2025-12-03 03:05:00,0.0002583,0.0002589,0.0002583,0.0002588,1230380.0
1764724200000,2025-12-03 03:10:00,0.0002588,0.0002591,0.0002587,0.0002589,157830.0
1764724500000,2025-12-03 03:15:00,0.0002589,0.000259,0.0002589,0.000259,41940.0
1764724800000,2025-12-03 03:20:00,0.000259,0.0002595,0.000259,0.0002593,938430.0
1764725100000,2025-12-03 03:25:00,0.0002593,0.0002594,0.0002591,0.0002591,249480.0
1764725400000,2025-12-03 03:30:00,0.0002591,0.0002593,0.000259,0.0002591,90120.0
1764725700000,2025-12-03 03:35:00,0.0002591,0.0002593,0.0002591,0.0002593,532600.0
1764726000000,2025-12-03 03:40:00,0.0002593,0.0002593,0.0002593,0.0002593,7280.0
1764726300000,2025-12-03 03:45:00,0.0002593,0.0002598,0.0002593,0.0002597,2574900.0
1764726600000,2025-12-03 03:50:00,0.0002597,0.0002598,0.0002593,0.0002595,135620.0
1764726900000,2025-12-03 03:55:00,0.0002595,0.0002595,0.0002591,0.0002591,25280.0
1764727200000,2025-12-03 04:00:00,0.0002591,0.0002596,0.0002591,0.0002596,600590.0
1764727500000,2025-12-03 04:05:00,0.0002596,0.0002596,0.0002592,0.0002596,747200.0
1764727800000,2025-12-03 04:10:00,0.0002596,0.0002608,0.0002596,0.0002608,1030280.0
1764728100000,2025-12-03 04:15:00,0.0002608,0.0002611,0.0002608,0.0002611,390090.0
1764728400000,2025-12-03 04:20:00,0.0002611,0.0002613,0.0002609,0.000261,1327840.0
1764728700000,2025-12-03 04:25:00,0.000261,0.0002613,0.0002609,0.000261,877230.0
1764729000000,2025-12-03 04:30:00,0.000261,0.000261,0.0002604,0.0002608,493460.0
1764729300000,2025-12-03 04:35:00,0.0002608,0.0002608,0.0002605,0.0002605,261420.0
1764729600000,2025-12-03 04:40:00,0.0002605,0.000261,0.0002603,0.0002608,1828730.0
1764729900000,2025-12-03 04:45:00,0.0002608,0.0002608,0.0002606,0.0002607,304480.0
1764730200000,2025-12-03 04:50:00,0.0002607,0.0002607,0.0002604,0.0002604,49640.0
1764730500000,2025-12-03 04:55:00,0.0002604,0.0002604,0.0002604,0.0002604,86210.0
1764730800000,2025-12-03 05:00:00,0.0002604,0.0002612,0.0002603,0.0002608,4852460.0
1764731100000,2025-12-03 05:05:00,0.0002608,0.0002608,0.0002606,0.0002608,134170.0
1764731400000,2025-12-03 05:10:00,0.0002608,0.0002608,0.0002607,0.0002607,34650.0
1764731700000,2025-12-03 05:15:00,0.0002607,0.0002607,0.0002604,0.0002607,686100.0
1764732000000,2025-12-03 05:20:00,0.0002607,0.0002608,0.0002607,0.0002608,23900.0
1764732300000,2025-12-03 05:25:00,0.0002608,0.0002608,0.0002606,0.0002607,55120.0
1764732600000,2025-12-03 05:30:00,0.0002607,0.0002607,0.0002606,0.0002606,5290.0
1764732900000,2025-12-03 05:35:00,0.0002606,0.0002606,0.0002604,0.0002604,258040.0
1764733200000,2025-12-03 05:40:00,0.0002604,0.0002606,0.0002604,0.0002606,157260.0
1764733500000,2025-12-03 05:45:00,0.0002606,0.0002606,0.0002606,0.0002606,2250.0
1764733800000,2025-12-03 05:50:00,0.0002606,0.0002607,0.0002598,0.0002602,3412590.0
1764734100000,2025-12-03 05:55:00,0.0002602,0.0002608,0.0002599,0.00026,4696310.0
1764734400000,2025-12-03 06:00:00,0.00026,0.0002602,0.00026,0.00026,356760.0
1764734700000,2025-12-03 06:05:00,0.00026,0.00026,0.0002599,0.0002599,322620.0
1764735000000,2025-12-03 06:10:00,0.0002599,0.0002602,0.0002599,0.0002602,647980.0
1764735300000,2025-12-03 06:15:00,0.0002602,0.0002602,0.0002593,0.0002599,1452750.0
1764735600000,2025-12-03 06:20:00,0.0002599,0.0002604,0.0002598,0.0002604,2280170.0
1764735900000,2025-12-03 06:25:00,0.0002604,0.0002612,0.0002604,0.0002604,9269310.0
1764736200000,2025-12-03 06:30:00,0.0002604,0.0002606,0.0002603,0.0002606,369670.0
1764736500000,2025-12-03 06:35:00,0.0002606,0.000261,0.0002606,0.0002608,2128740.0
1764736800000,2025-12-03 06:40:00,0.0002608,0.0002609,0.0002608,0.0002609,84890.0
1764737100000,2025-12-03 06:45:00,0.0002609,0.0002611,0.0002609,0.0002611,226890.0
1764737400000,2025-12-03 06:50:00,0.0002611,0.0002618,0.0002611,0.0002616,2892300.0
1764737700000,2025-12-03 06:55:00,0.0002616,0.0002621,0.0002616,0.000262,2915760.0
1764738000000,2025-12-03 07:00:00,0.000262,0.0002631,0.0002619,0.000263,8737970.0
1764738300000,2025-12-03 07:05:00,0.000263,0.0002633,0.0002627,0.000263,9058450.0
1764738600000,2025-12-03 07:10:00,0.000263,0.0002631,0.0002627,0.0002629,2531060.0
1764738900000,2025-12-03 07:15:00,0.0002629,0.000264,0.0002623,0.0002624,18734970.0
1764739200000,2025-12-03 07:20:00,0.0002624,0.0002624,0.0002621,0.0002621,579820.0
1764739500000,2025-12-03 07:25:00,0.0002621,0.0002625,0.0002621,0.0002624,1664840.0
1764739800000,2025-12-03 07:30:00,0.0002624,0.0002627,0.0002623,0.0002627,2421520.0
1764740100000,2025-12-03 07:35:00,0.0002627,0.0002627,0.0002623,0.0002626,693560.0
1764740400000,2025-12-03 07:40:00,0.0002626,0.0002629,0.0002626,0.0002629,35950.0
1764740700000,2025-12-03 07:45:00,0.0002629,0.0002631,0.0002629,0.0002631,43760.0
1764741000000,2025-12-03 07:50:00,0.0002631,0.0002631,0.0002629,0.0002629,1425240.0
1764741300000,2025-12-03 07:55:00,0.0002629,0.0002631,0.0002628,0.0002628,692040.0
1764741600000,2025-12-03 08:00:00,0.0002628,0.0002641,0.0002627,0.0002639,6581660.0
1764741900000,2025-12-03 08:05:00,0.0002639,0.0002649,0.0002639,0.0002647,5538720.0
1764742200000,2025-12-03 08:10:00,0.0002647,0.0002647,0.0002642,0.0002643,2906300.0
1764742500000,2025-12-03 08:15:00,0.0002643,0.0002646,0.0002642,0.0002642,1703730.0
1764742800000,2025-12-03 08:20:00,0.0002642,0.0002647,0.0002642,0.0002646,1892830.0
1764743100000,2025-12-03 08:25:00,0.0002646,0.0002647,0.0002643,0.0002647,9898820.0
1764743400000,2025-12-03 08:30:00,0.0002647,0.0002648,0.0002644,0.0002647,2065790.0
1764743700000,2025-12-03 08:35:00,0.0002647,0.0002649,0.0002645,0.0002645,2632180.0
1764744000000,2025-12-03 08:40:00,0.0002645,0.0002645,0.0002635,0.0002635,5604950.0
1764744300000,2025-12-03 08:45:00,0.0002635,0.0002635,0.0002628,0.0002633,1103330.0
1764744600000,2025-12-03 08:50:00,0.0002633,0.0002633,0.0002632,0.0002632,526940.0
1764744900000,2025-12-03 08:55:00,0.0002632,0.000264,0.0002632,0.000264,486910.0
1764745200000,2025-12-03 09:00:00,0.000264,0.0002641,0.0002639,0.000264,1350870.0
1764745500000,2025-12-03 09:05:00,0.000264,0.000264,0.0002637,0.000264,1881170.0
1764745800000,2025-12-03 09:10:00,0.000264,0.0002642,0.0002639,0.0002639,2981290.0
1764746100000,2025-12-03 09:15:00,0.0002639,0.0002642,0.0002635,0.0002639,9738970.0
1764746400000,2025-12-03 09:20:00,0.0002639,0.0002648,0.0002638,0.0002646,11357680.0
1764746700000,2025-12-03 09:25:00,0.0002646,0.0002646,0.0002643,0.0002645,775420.0
1764747000000,2025-12-03 09:30:00,0.0002645,0.0002646,0.0002643,0.0002643,3672010.0
1764747300000,2025-12-03 09:35:00,0.0002643,0.0002643,0.0002642,0.0002642,106170.0
1764747600000,2025-12-03 09:40:00,0.0002642,0.0002643,0.0002642,0.0002642,102290.0
1764747900000,2025-12-03 09:45:00,0.0002642,0.0002642,0.0002638,0.0002639,517350.0
1764748200000,2025-12-03 09:50:00,0.0002639,0.000264,0.0002638,0.0002638,725860.0
1764748500000,2025-12-03 09:55:00,0.0002638,0.0002638,0.0002634,0.0002634,1921670.0
1764748800000,2025-12-03 10:00:00,0.0002634,0.0002642,0.0002634,0.0002642,1699350.0
1764749100000,2025-12-03 10:05:00,0.0002642,0.0002644,0.0002637,0.0002637,1381200.0
1764749400000,2025-12-03 10:10:00,0.0002637,0.0002641,0.0002637,0.0002641,531240.0
1764749700000,2025-12-03 10:15:00,0.0002641,0.0002641,0.0002638,0.0002639,811460.0
1764750000000,2025-12-03 10:20:00,0.0002639,0.0002639,0.0002637,0.0002638,529840.0
1764750300000,2025-12-03 10:25:00,0.0002638,0.0002642,0.0002637,0.000264,7198690.0
1764750600000,2025-12-03 10:30:00,0.000264,0.0002643,0.0002635,0.0002636,15423750.0
1764750900000,2025-12-03 10:35:00,0.0002636,0.0002639,0.0002636,0.0002636,6817760.0
1764751200000,2025-12-03 10:40:00,0.0002636,0.0002639,0.0002636,0.0002639,761770.0
1764751500000,2025-12-03 10:45:00,0.0002639,0.0002646,0.0002635,0.0002637,40556780.0
1764751800000,2025-12-03 10:50:00,0.0002637,0.0002637,0.0002634,0.0002635,4090650.0
1764752100000,2025-12-03 10:55:00,0.0002635,0.0002636,0.0002632,0.0002636,4962530.0
1764752400000,2025-12-03 11:00:00,0.0002636,0.0002637,0.0002632,0.0002632,6241230.0
1764752700000,2025-12-03 11:05:00,0.0002632,0.0002634,0.0002628,0.0002634,7221960.0
1764753000000,2025-12-03 11:10:00,0.0002634,0.0002635,0.000263,0.0002635,4863040.0
1764753300000,2025-12-03 11:15:00,0.0002635,0.0002636,0.0002625,0.0002626,14959950.0
1764753600000,2025-12-03 11:20:00,0.0002626,0.0002627,0.0002622,0.0002622,2537550.0
1764753900000,2025-12-03 11:25:00,0.0002622,0.0002624,0.0002622,0.0002624,3420030.0
1764754200000,2025-12-03 11:30:00,0.0002624,0.0002626,0.0002617,0.000262,10801350.0
1764754500000,2025-12-03 11:35:00,0.000262,0.0002622,0.000262,0.000262,1724900.0
1764754800000,2025-12-03 11:40:00,0.000262,0.0002625,0.000262,0.0002624,516300.0
1764755100000,2025-12-03 11:45:00,0.0002624,0.0002632,0.0002624,0.0002632,525640.0
1764755400000,2025-12-03 11:50:00,0.0002632,0.0002639,0.0002631,0.0002639,137170.0
1764755700000,2025-12-03 11:55:00,0.0002639,0.0002643,0.0002639,0.0002642,651200.0
1764756000000,2025-12-03 12:00:00,0.0002642,0.0002642,0.0002634,0.0002637,9489520.0
1764756300000,2025-12-03 12:05:00,0.0002637,0.0002639,0.0002636,0.0002636,1849780.0
1764756600000,2025-12-03 12:10:00,0.0002636,0.0002639,0.0002636,0.0002637,1096160.0
1764756900000,2025-12-03 12:15:00,0.0002637,0.0002637,0.0002635,0.0002636,638080.0
1764757200000,2025-12-03 12:20:00,0.0002636,0.000264,0.0002636,0.000264,88250.0
1764757500000,2025-12-03 12:25:00,0.000264,0.0002641,0.0002639,0.0002641,534860.0
1764757800000,2025-12-03 12:30:00,0.0002641,0.0002642,0.0002636,0.0002636,1219200.0
1764758100000,2025-12-03 12:35:00,0.0002636,0.0002636,0.0002625,0.0002627,1568130.0
1764758400000,2025-12-03 12:40:00,0.0002627,0.0002627,0.0002627,0.0002627,601670.0
1764758700000,2025-12-03 12:45:00,0.0002627,0.0002627,0.0002625,0.0002625,655620.0
1764759000000,2025-12-03 12:50:00,0.0002625,0.0002628,0.0002625,0.0002628,172700.0
1764759300000,2025-12-03 12:55:00,0.0002628,0.0002628,0.0002623,0.0002623,71040.0
1764759600000,2025-12-03 13:00:00,0.0002623,0.0002625,0.0002619,0.000262,1094800.0
1764759900000,2025-12-03 13:05:00,0.000262,0.0002627,0.000262,0.0002626,894060.0
1764760200000,2025-12-03 13:10:00,0.0002626,0.0002626,0.0002623,0.0002624,100500.0
1764760500000,2025-12-03 13:15:00,0.0002624,0.0002626,0.000262,0.0002626,437300.0
1764760800000,2025-12-03 13:20:00,0.0002626,0.000263,0.0002626,0.000263,138280.0
1764761100000,2025-12-03 13:25:00,0.000263,0.0002634,0.000263,0.0002634,249790.0
1764761400000,2025-12-03 13:30:00,0.0002634,0.0002635,0.0002631,0.0002631,1032790.0
1764761700000,2025-12-03 13:35:00,0.0002631,0.0002632,0.0002631,0.0002632,245500.0
1764762000000,2025-12-03 13:40:00,0.0002632,0.0002633,0.0002632,0.0002633,486910.0
1764762300000,2025-12-03 13:45:00,0.0002633,0.0002633,0.000263,0.0002632,138740.0
1764762600000,2025-12-03 13:50:00,0.0002632,0.0002637,0.0002632,0.0002636,275160.0
1764762900000,2025-12-03 13:55:00,0.0002636,0.0002636,0.0002636,0.0002636,0.0
1764763200000,2025-12-03 14:00:00,0.0002636,0.0002638,0.0002635,0.0002638,910960.0
1764763500000,2025-12-03 14:05:00,0.0002638,0.0002638,0.0002633,0.0002635,1287130.0
1764763800000,2025-12-03 14:10:00,0.0002635,0.0002635,0.000263,0.000263,25730.0
1764764100000,2025-12-03 14:15:00,0.000263,0.000263,0.0002628,0.0002628,207150.0
1764764400000,2025-12-03 14:20:00,0.0002628,0.0002632,0.0002628,0.0002631,893050.0
1764764700000,2025-12-03 14:25:00,0.0002631,0.0002632,0.0002624,0.0002624,44230.0
1764765000000,2025-12-03 14:30:00,0.0002624,0.0002624,0.0002616,0.0002617,239480.0
1764765300000,2025-12-03 14:35:00,0.0002617,0.000262,0.0002616,0.0002616,1558160.0
1764765600000,2025-12-03 14:40:00,0.0002616,0.0002618,0.0002616,0.0002618,76070.0
1764765900000,2025-12-03 14:45:00,0.0002618,0.0002624,0.0002617,0.0002624,1312710.0
1764766200000,2025-12-03 14:50:00,0.0002624,0.0002625,0.0002624,0.0002625,70590.0
1764766500000,2025-12-03 14:55:00,0.0002625,0.0002625,0.0002625,0.0002625,315420.0
1764766800000,2025-12-03 15:00:00,0.0002625,0.0002625,0.0002624,0.0002624,547080.0
1764767100000,2025-12-03 15:05:00,0.0002624,0.0002625,0.0002624,0.0002624,344530.0
1764767400000,2025-12-03 15:10:00,0.0002624,0.0002624,0.0002622,0.0002622,13280.0
1764767700000,2025-12-03 15:15:00,0.0002622,0.0002627,0.0002622,0.0002625,427930.0
1764768000000,2025-12-03 15:20:00,0.0002625,0.0002625,0.0002625,0.0002625,0.0
1764768300000,2025-12-03 15:25:00,0.0002625,0.0002627,0.0002624,0.0002624,652930.0
1764768600000,2025-12-03 15:30:00,0.0002624,0.0002624,0.0002623,0.0002623,156020.0
1764768900000,2025-12-03 15:35:00,0.0002623,0.0002623,0.0002619,0.0002619,173970.0
1764769200000,2025-12-03 15:40:00,0.0002619,0.0002623,0.0002619,0.0002623,153420.0
1764769500000,2025-12-03 15:45:00,0.0002623,0.0002625,0.0002623,0.0002625,1590.0
1764769800000,2025-12-03 15:50:00,0.0002625,0.0002625,0.0002621,0.0002624,1866040.0
1764770100000,2025-12-03 15:55:00,0.0002624,0.0002624,0.000262,0.0002623,200410.0
1764770400000,2025-12-03 16:00:00,0.0002623,0.0002623,0.0002572,0.0002573,14924010.0
1764770700000,2025-12-03 16:05:00,0.0002573,0.0002596,0.0002571,0.0002591,6449020.0
1764771000000,2025-12-03 16:10:00,0.0002591,0.0002601,0.0002588,0.0002591,7740760.0
1764771300000,2025-12-03 16:15:00,0.0002591,0.0002602,0.000259,0.0002599,1321640.0
1764771600000,2025-12-03 16:20:00,0.0002599,0.0002601,0.0002594,0.00026,307990.0
1764771900000,2025-12-03 16:25:00,0.00026,0.0002605,0.0002599,0.0002604,526950.0
1764772200000,2025-12-03 16:30:00,0.0002604,0.0002604,0.0002594,0.0002594,3354980.0
1764772500000,2025-12-03 16:35:00,0.0002594,0.0002611,0.0002593,0.0002609,4147250.0
1764772800000,2025-12-03 16:40:00,0.0002609,0.0002647,0.0002609,0.0002633,18306430.0
1764773100000,2025-12-03 16:45:00,0.0002633,0.0002633,0.0002615,0.0002619,4953820.0
1764773400000,2025-12-03 16:50:00,0.0002619,0.0002619,0.0002605,0.0002612,1794960.0
1764773700000,2025-12-03 16:55:00,0.0002612,0.0002615,0.0002608,0.0002608,2283000.0
1764774000000,2025-12-03 17:00:00,0.0002608,0.0002624,0.0002603,0.0002624,1757060.0
1764774300000,2025-12-03 17:05:00,0.0002624,0.0002624,0.0002612,0.0002614,1087690.0
1764774600000,2025-12-03 17:10:00,0.0002614,0.0002614,0.00026,0.00026,642340.0
1764774900000,2025-12-03 17:15:00,0.00026,0.0002606,0.00026,0.0002602,153810.0
1764775200000,2025-12-03 17:20:00,0.0002602,0.0002607,0.0002596,0.0002607,1486750.0
1764775500000,2025-12-03 17:25:00,0.0002607,0.000261,0.0002607,0.0002609,1906320.0
1764775800000,2025-12-03 17:30:00,0.0002609,0.0002617,0.0002605,0.0002617,2982050.0
1764776100000,2025-12-03 17:35:00,0.0002617,0.0002617,0.0002609,0.0002609,418280.0
1764776400000,2025-12-03 17:40:00,0.0002609,0.0002612,0.0002605,0.0002609,4367060.0
1764776700000,2025-12-03 17:45:00,0.0002609,0.0002612,0.0002609,0.0002612,2345140.0
1764777000000,2025-12-03 17:50:00,0.0002612,0.0002612,0.0002606,0.0002609,1082670.0
1764777300000,2025-12-03 17:55:00,0.0002609,0.0002609,0.0002608,0.0002609,294300.0
1764777600000,2025-12-03 18:00:00,0.0002609,0.0002613,0.0002607,0.0002608,1701780.0
1764777900000,2025-12-03 18:05:00,0.0002608,0.0002608,0.0002599,0.0002599,174930.0
1764778200000,2025-12-03 18:10:00,0.0002599,0.0002599,0.0002595,0.0002597,315770.0
1764778500000,2025-12-03 18:15:00,0.0002597,0.00026,0.0002597,0.00026,357890.0
1764778800000,2025-12-03 18:20:00,0.00026,0.0002603,0.0002599,0.0002599,485500.0
1764779100000,2025-12-03 18:25:00,0.0002599,0.0002602,0.0002599,0.0002602,15410.0
1764779400000,2025-12-03 18:30:00,0.0002602,0.0002613,0.0002601,0.0002613,930810.0
1764779700000,2025-12-03 18:35:00,0.0002613,0.0002622,0.0002613,0.0002621,971940.0
1764780000000,2025-12-03 18:40:00,0.0002621,0.0002621,0.0002617,0.0002621,306930.0
1764780300000,2025-12-03 18:45:00,0.0002621,0.0002622,0.0002618,0.0002618,820140.0
1764780600000,2025-12-03 18:50:00,0.0002618,0.000262,0.0002615,0.0002615,296230.0
1764780900000,2025-12-03 18:55:00,0.0002615,0.0002615,0.0002611,0.0002612,126020.0
1764781200000,2025-12-03 19:00:00,0.0002612,0.0002624,0.0002612,0.0002623,941310.0
1764781500000,2025-12-03 19:05:00,0.0002623,0.0002623,0.0002619,0.0002619,772730.0
1764781800000,2025-12-03 19:10:00,0.0002619,0.0002625,0.0002619,0.0002622,716180.0
1764782100000,2025-12-03 19:15:00,0.0002622,0.0002627,0.0002615,0.0002615,1362700.0
1764782400000,2025-12-03 19:20:00,0.0002615,0.000262,0.0002615,0.000262,1036570.0
1764782700000,2025-12-03 19:25:00,0.000262,0.0002621,0.000262,0.0002621,5890.0
1764783000000,2025-12-03 19:30:00,0.0002621,0.0002626,0.0002621,0.0002626,418260.0
1764783300000,2025-12-03 19:35:00,0.0002626,0.0002629,0.0002625,0.0002628,475600.0
1764783600000,2025-12-03 19:40:00,0.0002628,0.0002628,0.0002622,0.0002624,768820.0
1764783900000,2025-12-03 19:45:00,0.0002624,0.0002628,0.0002624,0.0002628,440960.0
1764784200000,2025-12-03 19:50:00,0.0002628,0.0002628,0.0002623,0.0002625,117660.0
1764784500000,2025-12-03 19:55:00,0.0002625,0.0002626,0.0002625,0.0002626,4200.0
1764784800000,2025-12-03 20:00:00,0.0002626,0.0002631,0.0002626,0.000263,1133060.0
1764785100000,2025-12-03 20:05:00,0.000263,0.000263,0.0002624,0.0002629,2122380.0
1764785400000,2025-12-03 20:10:00,0.0002629,0.0002638,0.0002629,0.0002638,1501350.0
1764785700000,2025-12-03 20:15:00,0.0002638,0.0002638,0.000263,0.0002632,955530.0
1764786000000,2025-12-03 20:20:00,0.0002632,0.0002632,0.0002629,0.000263,53020.0
1764786300000,2025-12-03 20:25:00,0.000263,0.0002635,0.000263,0.0002635,76780.0
1764786600000,2025-12-03 20:30:00,0.0002635,0.0002635,0.0002633,0.0002635,21260.0
1764786900000,2025-12-03 20:35:00,0.0002635,0.0002636,0.0002635,0.0002636,164040.0
1764787200000,2025-12-03 20:40:00,0.0002636,0.0002636,0.0002635,0.0002636,266920.0
1764787500000,2025-12-03 20:45:00,0.0002636,0.0002636,0.0002631,0.0002631,477140.0
1764787800000,2025-12-03 20:50:00,0.0002631,0.0002631,0.0002624,0.0002624,422900.0
1764788100000,2025-12-03 20:55:00,0.0002624,0.0002624,0.0002622,0.0002622,26900.0
1764788400000,2025-12-03 21:00:00,0.0002622,0.0002627,0.0002622,0.0002627,307140.0
1764788700000,2025-12-03 21:05:00,0.0002627,0.0002629,0.0002627,0.0002628,465300.0
1764789000000,2025-12-03 21:10:00,0.0002628,0.0002628,0.0002626,0.0002627,156520.0
1764789300000,2025-12-03 21:15:00,0.0002627,0.0002631,0.0002627,0.0002631,73830.0
1764789600000,2025-12-03 21:20:00,0.0002631,0.0002635,0.0002631,0.0002635,70.0
1764789900000,2025-12-03 21:25:00,0.0002635,0.0002635,0.0002635,0.0002635,0.0
1764790200000,2025-12-03 21:30:00,0.0002635,0.0002635,0.0002633,0.0002634,1271270.0
1764790500000,2025-12-03 21:35:00,0.0002634,0.0002636,0.0002634,0.0002634,2293280.0
1764790800000,2025-12-03 21:40:00,0.0002634,0.0002635,0.0002631,0.0002635,4020.0
1764791100000,2025-12-03 21:45:00,0.0002635,0.000264,0.0002635,0.000264,82960.0
1764791400000,2025-12-03 21:50:00,0.000264,0.0002649,0.000264,0.0002648,908280.0
1764791700000,2025-12-03 21:55:00,0.0002648,0.0002653,0.0002648,0.0002651,5171250.0
1764792000000,2025-12-03 22:00:00,0.0002651,0.0002653,0.0002647,0.0002647,1135390.0
1764792300000,2025-12-03 22:05:00,0.0002647,0.0002649,0.0002642,0.0002649,1585400.0
1764792600000,2025-12-03 22:10:00,0.0002649,0.000265,0.0002648,0.0002648,8580.0
1764792900000,2025-12-03 22:15:00,0.0002648,0.000265,0.0002645,0.000265,225490.0
1764793200000,2025-12-03 22:20:00,0.000265,0.000265,0.0002642,0.0002643,104750.0
1764793500000,2025-12-03 22:25:00,0.0002643,0.0002643,0.0002638,0.0002638,172870.0
1764793800000,2025-12-03 22:30:00,0.0002638,0.0002638,0.0002633,0.0002636,1060930.0
1764794100000,2025-12-03 22:35:00,0.0002636,0.0002639,0.0002634,0.0002635,5099140.0
1764794400000,2025-12-03 22:40:00,0.0002635,0.0002638,0.0002635,0.0002638,817490.0
1764794700000,2025-12-03 22:45:00,0.0002638,0.0002641,0.0002638,0.0002641,85840.0
1764795000000,2025-12-03 22:50:00,0.0002641,0.000265,0.0002639,0.0002639,814430.0
1764795300000,2025-12-03 22:55:00,0.0002639,0.000264,0.0002634,0.0002637,1237850.0
1764795600000,2025-12-03 23:00:00,0.0002637,0.0002641,0.0002634,0.0002641,386600.0
1764795900000,2025-12-03 23:05:00,0.0002641,0.0002642,0.000264,0.0002642,212770.0
1764796200000,2025-12-03 23:10:00,0.0002642,0.0002644,0.0002641,0.0002644,1221290.0
1764796500000,2025-12-03 23:15:00,0.0002644,0.0002647,0.0002643,0.0002647,704800.0
1764796800000,2025-12-03 23:20:00,0.0002647,0.0002651,0.0002647,0.000265,2520930.0
1764797100000,2025-12-03 23:25:00,0.000265,0.0002651,0.0002649,0.000265,2868750.0
1764797400000,2025-12-03 23:30:00,0.000265,0.0002651,0.0002648,0.0002649,344660.0
1764797700000,2025-12-03 23:35:00,0.0002649,0.0002654,0.0002649,0.0002654,1236300.0
1764798000000,2025-12-03 23:40:00,0.0002654,0.0002656,0.0002654,0.0002656,45260.0
1764798300000,2025-12-03 23:45:00,0.0002656,0.0002657,0.0002651,0.0002652,145100.0
1764798600000,2025-12-03 23:50:00,0.0002652,0.0002652,0.0002652,0.0002652,0.0
1764798900000,2025-12-03 23:55:00,0.0002652,0.0002665,0.0002651,0.0002665,2762700.0
1764799200000,2025-12-04 00:00:00,0.0002665,0.0002668,0.0002653,0.0002656,1932960.0
1764799500000,2025-12-04 00:05:00,0.0002656,0.0002657,0.0002655,0.0002657,150040.0
1764799800000,2025-12-04 00:10:00,0.0002657,0.0002667,0.0002657,0.0002664,3678760.0
1764800100000,2025-12-04 00:15:00,0.0002664,0.0002667,0.0002664,0.0002664,2990200.0
1764800400000,2025-12-04 00:20:00,0.0002664,0.0002665,0.0002663,0.0002665,353430.0
1764800700000,2025-12-04 00:25:00,0.0002665,0.0002665,0.0002661,0.0002661,346880.0
1764801000000,2025-12-04 00:30:00,0.0002661,0.0002662,0.0002657,0.0002657,130940.0
1764801300000,2025-12-04 00:35:00,0.0002657,0.0002663,0.0002656,0.0002663,263730.0
1764801600000,2025-12-04 00:40:00,0.0002663,0.0002664,0.0002659,0.0002659,386150.0
1764801900000,2025-12-04 00:45:00,0.0002659,0.0002689,0.0002659,0.000268,21010700.0
1764802200000,2025-12-04 00:50:00,0.000268,0.000268,0.0002666,0.0002666,1877880.0
1764802500000,2025-12-04 00:55:00,0.0002666,0.0002669,0.0002665,0.0002669,615320.0
1764802800000,2025-12-04 01:00:00,0.0002669,0.0002679,0.0002669,0.0002675,2491850.0
1764803100000,2025-12-04 01:05:00,0.0002675,0.0002679,0.0002672,0.0002676,446020.0
1764803400000,2025-12-04 01:10:00,0.0002676,0.0002676,0.000267,0.0002671,2579120.0
1764803700000,2025-12-04 01:15:00,0.0002671,0.0002672,0.0002671,0.0002671,49990.0
1764804000000,2025-12-04 01:20:00,0.0002671,0.0002671,0.0002666,0.0002666,899160.0
1764804300000,2025-12-04 01:25:00,0.0002666,0.0002667,0.0002666,0.0002666,1318480.0
1764804600000,2025-12-04 01:30:00,0.0002666,0.0002666,0.0002664,0.0002666,650760.0
1764804900000,2025-12-04 01:35:00,0.0002666,0.0002666,0.000266,0.000266,419600.0
1764805200000,2025-12-04 01:40:00,0.000266,0.0002663,0.000266,0.0002662,1381580.0
1764805500000,2025-12-04 01:45:00,0.0002662,0.0002663,0.0002661,0.0002662,214890.0
1764805800000,2025-12-04 01:50:00,0.0002662,0.0002662,0.0002661,0.0002661,64950.0
1764806100000,2025-12-04 01:55:00,0.0002661,0.0002661,0.0002658,0.0002659,1038040.0
1764806400000,2025-12-04 02:00:00,0.0002659,0.0002662,0.0002659,0.0002662,178320.0
1764806700000,2025-12-04 02:05:00,0.0002662,0.0002664,0.0002662,0.0002663,49440.0
1764807000000,2025-12-04 02:10:00,0.0002663,0.0002664,0.0002647,0.0002647,1465110.0
1764807300000,2025-12-04 02:15:00,0.0002647,0.0002652,0.0002646,0.0002652,928550.0
1764807600000,2025-12-04 02:20:00,0.0002652,0.0002652,0.0002648,0.0002648,634560.0
1764807900000,2025-12-04 02:25:00,0.0002648,0.0002649,0.0002643,0.0002646,1881910.0
1764808200000,2025-12-04 02:30:00,0.0002646,0.0002646,0.000264,0.000264,906280.0
1764808500000,2025-12-04 02:35:00,0.000264,0.0002645,0.000264,0.0002645,284280.0
1764808800000,2025-12-04 02:40:00,0.0002645,0.0002649,0.0002642,0.0002649,91060.0
1764809100000,2025-12-04 02:45:00,0.0002649,0.0002649,0.0002644,0.0002646,271400.0
1764809400000,2025-12-04 02:50:00,0.0002646,0.0002649,0.0002645,0.0002645,1197900.0
1764809700000,2025-12-04 02:55:00,0.0002645,0.0002645,0.0002641,0.0002645,482590.0
1764810000000,2025-12-04 03:00:00,0.0002645,0.0002652,0.0002645,0.0002652,539120.0
1764810300000,2025-12-04 03:05:00,0.0002652,0.0002658,0.0002652,0.0002658,1130.0
1764810600000,2025-12-04 03:10:00,0.0002658,0.000267,0.0002658,0.000267,3137930.0
1764810900000,2025-12-04 03:15:00,0.000267,0.0002673,0.0002656,0.0002656,2813790.0
1764811200000,2025-12-04 03:20:00,0.0002656,0.0002658,0.0002649,0.0002649,98270.0
1764811500000,2025-12-04 03:25:00,0.0002649,0.0002652,0.0002649,0.0002652,216140.0
1764811800000,2025-12-04 03:30:00,0.0002652,0.0002659,0.0002651,0.0002654,3927000.0
1764812100000,2025-12-04 03:35:00,0.0002654,0.0002657,0.0002651,0.0002657,1131090.0
1764812400000,2025-12-04 03:40:00,0.0002657,0.0002657,0.0002656,0.0002657,308610.0
1764812700000,2025-12-04 03:45:00,0.0002657,0.0002657,0.000265,0.000265,583760.0
1764813000000,2025-12-04 03:50:00,0.000265,0.000265,0.0002646,0.0002646,558660.0
1764813300000,2025-12-04 03:55:00,0.0002646,0.0002647,0.0002646,0.0002647,842050.0
1764813600000,2025-12-04 04:00:00,0.0002647,0.0002648,0.0002646,0.0002648,792440.0
1764813900000,2025-12-04 04:05:00,0.0002648,0.0002649,0.0002648,0.0002649,401140.0
1764814200000,2025-12-04 04:10:00,0.0002649,0.0002653,0.0002647,0.0002653,420120.0
1764814500000,2025-12-04 04:15:00,0.0002653,0.000266,0.0002653,0.000266,357030.0
1764814800000,2025-12-04 04:20:00,0.000266,0.0002664,0.0002657,0.0002659,1189940.0
1764815100000,2025-12-04 04:25:00,0.0002659,0.0002664,0.0002659,0.0002663,200190.0
1764815400000,2025-12-04 04:30:00,0.0002663,0.0002663,0.0002659,0.0002659,20720.0
1764815700000,2025-12-04 04:35:00,0.0002659,0.0002662,0.0002659,0.0002661,813240.0
1764816000000,2025-12-04 04:40:00,0.0002661,0.0002663,0.0002657,0.0002659,41070.0
1764816300000,2025-12-04 04:45:00,0.0002659,0.000266,0.0002656,0.0002656,49650.0
1764816600000,2025-12-04 04:50:00,0.0002656,0.0002657,0.0002654,0.0002656,642750.0
1764816900000,2025-12-04 04:55:00,0.0002656,0.0002656,0.0002656,0.0002656,41010.0
1764817200000,2025-12-04 05:00:00,0.0002656,0.0002656,0.0002653,0.0002656,563160.0
1764817500000,2025-12-04 05:05:00,0.0002656,0.0002666,0.0002655,0.0002664,1792670.0
1764817800000,2025-12-04 05:10:00,0.0002664,0.0002664,0.000266,0.0002661,72490.0
1764818100000,2025-12-04 05:15:00,0.0002661,0.0002665,0.0002661,0.0002662,409710.0
1764818400000,2025-12-04 05:20:00,0.0002662,0.0002662,0.0002655,0.0002655,419480.0
1764818700000,2025-12-04 05:25:00,0.0002655,0.0002655,0.0002654,0.0002654,41690.0
1764819000000,2025-12-04 05:30:00,0.0002654,0.0002654,0.0002651,0.0002651,46770.0
1764819300000,2025-12-04 05:35:00,0.0002651,0.0002651,0.0002648,0.0002648,481380.0
1764819600000,2025-12-04 05:40:00,0.0002648,0.0002649,0.0002646,0.0002646,435540.0
1764819900000,2025-12-04 05:45:00,0.0002646,0.0002649,0.0002646,0.0002649,1089360.0
1764820200000,2025-12-04 05:50:00,0.0002649,0.0002649,0.0002649,0.0002649,0.0
1764820500000,2025-12-04 05:55:00,0.0002649,0.0002649,0.0002649,0.0002649,0.0
1764820800000,2025-12-04 06:00:00,0.0002649,0.0002656,0.0002649,0.0002656,360800.0
1764821100000,2025-12-04 06:05:00,0.0002656,0.000266,0.0002656,0.000266,906550.0
1764821400000,2025-12-04 06:10:00,0.000266,0.000266,0.000266,0.000266,115620.0
1764821700000,2025-12-04 06:15:00,0.000266,0.000266,0.0002657,0.0002657,2440.0
1764822000000,2025-12-04 06:20:00,0.0002657,0.000266,0.0002657,0.0002657,378170.0
1764822300000,2025-12-04 06:25:00,0.0002657,0.0002658,0.0002657,0.0002658,78870.0
1764822600000,2025-12-04 06:30:00,0.0002658,0.0002661,0.0002658,0.0002661,100270.0
1764822900000,2025-12-04 06:35:00,0.0002661,0.0002661,0.0002659,0.0002659,57360.0
1764823200000,2025-12-04 06:40:00,0.0002659,0.0002659,0.0002651,0.0002651,70270.0
1764823500000,2025-12-04 06:45:00,0.0002651,0.0002654,0.0002648,0.0002648,579700.0
1764823800000,2025-12-04 06:50:00,0.0002648,0.000265,0.0002648,0.000265,237960.0
1764824100000,2025-12-04 06:55:00,0.000265,0.0002655,0.000265,0.0002655,302850.0
1764824400000,2025-12-04 07:00:00,0.0002655,0.0002655,0.0002652,0.0002653,551420.0
1764824700000,2025-12-04 07:05:00,0.0002653,0.0002654,0.0002651,0.0002651,205710.0
1764825000000,2025-12-04 07:10:00,0.0002651,0.0002653,0.0002648,0.0002651,30570.0
1764825300000,2025-12-04 07:15:00,0.0002651,0.0002654,0.0002647,0.0002647,2389310.0
1764825600000,2025-12-04 07:20:00,0.0002647,0.0002649,0.0002647,0.0002649,25200.0
1764825900000,2025-12-04 07:25:00,0.0002649,0.0002653,0.0002649,0.0002653,1374680.0
1764826200000,2025-12-04 07:30:00,0.0002653,0.0002653,0.0002649,0.0002649,25820.0
1764826500000,2025-12-04 07:35:00,0.0002649,0.0002649,0.0002644,0.0002644,451480.0
1764826800000,2025-12-04 07:40:00,0.0002644,0.0002644,0.0002641,0.0002641,42230.0
1764827100000,2025-12-04 07:45:00,0.0002641,0.0002641,0.0002639,0.0002639,155890.0
1764827400000,2025-12-04 07:50:00,0.0002639,0.0002639,0.0002634,0.0002639,9671680.0
1764827700000,2025-12-04 07:55:00,0.0002639,0.0002645,0.0002638,0.0002645,341900.0
1764828000000,2025-12-04 08:00:00,0.0002645,0.0002647,0.0002645,0.0002647,1002150.0
1764828300000,2025-12-04 08:05:00,0.0002647,0.0002647,0.0002646,0.0002647,317460.0
1764828600000,2025-12-04 08:10:00,0.0002647,0.0002647,0.0002642,0.0002642,519690.0
1764828900000,2025-12-04 08:15:00,0.0002642,0.0002644,0.000264,0.0002641,3004400.0
1764829200000,2025-12-04 08:20:00,0.0002641,0.0002646,0.0002641,0.0002643,303930.0
1764829500000,2025-12-04 08:25:00,0.0002643,0.0002647,0.0002643,0.0002643,15090.0
1764829800000,2025-12-04 08:30:00,0.0002643,0.0002652,0.0002642,0.000265,552140.0
1764830100000,2025-12-04 08:35:00,0.000265,0.0002652,0.0002649,0.0002649,748910.0
1764830400000,2025-12-04 08:40:00,0.0002649,0.0002651,0.0002649,0.0002651,99070.0
1764830700000,2025-12-04 08:45:00,0.0002651,0.0002651,0.0002649,0.0002649,163050.0
1764831000000,2025-12-04 08:50:00,0.0002649,0.0002651,0.0002649,0.000265,54470.0
1764831300000,2025-12-04 08:55:00,0.000265,0.000265,0.000265,0.000265,0.0
1764831600000,2025-12-04 09:00:00,0.000265,0.000265,0.0002648,0.0002648,625240.0
1764831900000,2025-12-04 09:05:00,0.0002648,0.0002648,0.0002643,0.0002643,857760.0
1764832200000,2025-12-04 09:10:00,0.0002643,0.0002644,0.0002628,0.0002634,2032600.0
1764832500000,2025-12-04 09:15:00,0.0002634,0.0002635,0.0002631,0.0002635,1227480.0
1764832800000,2025-12-04 09:20:00,0.0002635,0.0002635,0.0002634,0.0002634,22610.0
1764833100000,2025-12-04 09:25:00,0.0002634,0.0002637,0.0002634,0.0002637,203130.0
1764833400000,2025-12-04 09:30:00,0.0002637,0.0002643,0.0002637,0.0002643,428390.0
1764833700000,2025-12-04 09:35:00,0.0002643,0.0002646,0.0002643,0.0002646,547440.0
1764834000000,2025-12-04 09:40:00,0.0002646,0.0002646,0.0002646,0.0002646,0.0
1764834300000,2025-12-04 09:45:00,0.0002646,0.0002648,0.0002646,0.0002648,274450.0
1764834600000,2025-12-04 09:50:00,0.0002648,0.0002649,0.0002647,0.0002649,352940.0
1764834900000,2025-12-04 09:55:00,0.0002649,0.0002651,0.0002649,0.0002651,314830.0
1764835200000,2025-12-04 10:00:00,0.0002651,0.0002653,0.0002642,0.0002653,909240.0
1764835500000,2025-12-04 10:05:00,0.0002653,0.0002655,0.0002648,0.0002648,1733970.0
1764835800000,2025-12-04 10:10:00,0.0002648,0.0002649,0.0002644,0.0002644,953060.0
1764836100000,2025-12-04 10:15:00,0.0002644,0.0002648,0.0002644,0.0002648,660000.0
1764836400000,2025-12-04 10:20:00,0.0002648,0.0002648,0.0002647,0.0002647,105960.0
1764836700000,2025-12-04 10:25:00,0.0002647,0.0002647,0.0002647,0.0002647,11800.0
1764837000000,2025-12-04 10:30:00,0.0002647,0.0002647,0.0002641,0.0002643,668740.0
1764837300000,2025-12-04 10:35:00,0.0002643,0.0002645,0.0002643,0.0002643,1359200.0
1764837600000,2025-12-04 10:40:00,0.0002643,0.0002648,0.0002643,0.0002648,1500350.0
1764837900000,2025-12-04 10:45:00,0.0002648,0.0002648,0.0002644,0.0002644,771330.0
1764838200000,2025-12-04 10:50:00,0.0002644,0.0002645,0.0002637,0.0002637,588860.0
1764838500000,2025-12-04 10:55:00,0.0002637,0.0002638,0.0002636,0.0002638,1244270.0
1764838800000,2025-12-04 11:00:00,0.0002638,0.0002647,0.0002638,0.0002647,1273610.0
1764839100000,2025-12-04 11:05:00,0.0002647,0.0002655,0.0002647,0.0002654,1805230.0
1764839400000,2025-12-04 11:10:00,0.0002654,0.0002655,0.0002654,0.0002655,2350.0
1764839700000,2025-12-04 11:15:00,0.0002655,0.0002655,0.0002654,0.0002654,102520.0
1764840000000,2025-12-04 11:20:00,0.0002654,0.0002654,0.0002649,0.0002651,17560.0
1764840300000,2025-12-04 11:25:00,0.0002651,0.0002651,0.0002651,0.0002651,0.0
1764840600000,2025-12-04 11:30:00,0.0002651,0.0002656,0.0002649,0.0002656,121480.0
1764840900000,2025-12-04 11:35:00,0.0002656,0.0002656,0.0002653,0.0002653,572090.0
1764841200000,2025-12-04 11:40:00,0.0002653,0.0002653,0.0002653,0.0002653,10050.0
1764841500000,2025-12-04 11:45:00,0.0002653,0.0002654,0.0002653,0.0002654,2470.0
1764841800000,2025-12-04 11:50:00,0.0002654,0.0002658,0.0002654,0.0002658,72350.0
1764842100000,2025-12-04 11:55:00,0.0002658,0.0002659,0.0002657,0.0002657,77330.0
1764842400000,2025-12-04 12:00:00,0.0002657,0.0002663,0.0002657,0.0002662,571250.0
1764842700000,2025-12-04 12:05:00,0.0002662,0.0002662,0.0002657,0.0002657,1081220.0
1764843000000,2025-12-04 12:10:00,0.0002657,0.0002657,0.0002656,0.0002656,252780.0
1764843300000,2025-12-04 12:15:00,0.0002656,0.0002657,0.000265,0.000265,1551160.0
1764843600000,2025-12-04 12:20:00,0.000265,0.0002654,0.0002649,0.0002653,1334660.0
1764843900000,2025-12-04 12:25:00,0.0002653,0.0002653,0.0002651,0.0002652,2053710.0
1764844200000,2025-12-04 12:30:00,0.0002652,0.0002652,0.000265,0.0002651,4932420.0
1764844500000,2025-12-04 12:35:00,0.0002651,0.0002651,0.0002648,0.0002648,2288500.0
1764844800000,2025-12-04 12:40:00,0.0002648,0.0002648,0.0002646,0.0002646,2890780.0
1764845100000,2025-12-04 12:45:00,0.0002646,0.0002647,0.0002644,0.0002644,3702730.0
1764845400000,2025-12-04 12:50:00,0.0002644,0.0002644,0.0002643,0.0002644,240780.0
1764845700000,2025-12-04 12:55:00,0.0002644,0.000265,0.0002644,0.000265,514380.0
1764846000000,2025-12-04 13:00:00,0.000265,0.000266,0.0002648,0.0002654,2101930.0
1764846300000,2025-12-04 13:05:00,0.0002654,0.0002655,0.0002653,0.0002655,472670.0
1764846600000,2025-12-04 13:10:00,0.0002655,0.0002659,0.0002655,0.0002657,323340.0
1764846900000,2025-12-04 13:15:00,0.0002657,0.0002657,0.0002656,0.0002656,552870.0
1764847200000,2025-12-04 13:20:00,0.0002656,0.0002656,0.0002652,0.0002655,2262530.0
1764847500000,2025-12-04 13:25:00,0.0002655,0.0002655,0.0002652,0.0002652,192900.0
1764847800000,2025-12-04 13:30:00,0.0002652,0.0002655,0.000265,0.000265,252030.0
1764848100000,2025-12-04 13:35:00,0.000265,0.0002651,0.000265,0.0002651,1810.0
1764848400000,2025-12-04 13:40:00,0.0002651,0.0002651,0.0002649,0.0002649,265170.0
1764848700000,2025-12-04 13:45:00,0.0002649,0.0002651,0.0002646,0.0002651,2264050.0
1764849000000,2025-12-04 13:50:00,0.0002651,0.0002653,0.0002651,0.0002653,225730.0
1764849300000,2025-12-04 13:55:00,0.0002653,0.0002654,0.0002653,0.0002654,4170.0
1764849600000,2025-12-04 14:00:00,0.0002654,0.0002661,0.0002654,0.0002661,218110.0
1764849900000,2025-12-04 14:05:00,0.0002661,0.0002662,0.000266,0.000266,389190.0
1764850200000,2025-12-04 14:10:00,0.000266,0.000266,0.000266,0.000266,1300.0
1764850500000,2025-12-04 14:15:00,0.000266,0.000266,0.0002653,0.0002654,440430.0
1764850800000,2025-12-04 14:20:00,0.0002654,0.0002654,0.0002649,0.0002649,47820.0
1764851100000,2025-12-04 14:25:00,0.0002649,0.0002649,0.0002646,0.0002646,213870.0
1764851400000,2025-12-04 14:30:00,0.0002646,0.0002647,0.0002646,0.0002646,82980.0
1764851700000,2025-12-04 14:35:00,0.0002646,0.0002648,0.0002645,0.0002648,3784330.0
1764852000000,2025-12-04 14:40:00,0.0002648,0.0002656,0.0002648,0.0002655,1882460.0
1764852300000,2025-12-04 14:45:00,0.0002655,0.0002655,0.0002652,0.0002652,270350.0
1764852600000,2025-12-04 14:50:00,0.0002652,0.0002656,0.0002652,0.0002655,488060.0
1764852900000,2025-12-04 14:55:00,0.0002655,0.0002655,0.0002654,0.0002654,890.0
1764853200000,2025-12-04 15:00:00,0.0002654,0.0002656,0.0002644,0.0002644,1700960.0
1764853500000,2025-12-04 15:05:00,0.0002644,0.0002647,0.0002641,0.0002641,2966620.0
1764853800000,2025-12-04 15:10:00,0.0002641,0.0002641,0.0002633,0.0002635,7833950.0
1764854100000,2025-12-04 15:15:00,0.0002635,0.0002639,0.0002633,0.0002639,524330.0
1764854400000,2025-12-04 15:20:00,0.0002639,0.0002647,0.0002639,0.0002647,2596520.0
1764854700000,2025-12-04 15:25:00,0.0002647,0.0002647,0.0002636,0.0002636,698450.0
1764855000000,2025-12-04 15:30:00,0.0002636,0.000264,0.0002636,0.0002639,943430.0
1764855300000,2025-12-04 15:35:00,0.0002639,0.0002639,0.0002633,0.0002635,996160.0
1764855600000,2025-12-04 15:40:00,0.0002635,0.000264,0.0002631,0.0002631,1729360.0
1764855900000,2025-12-04 15:45:00,0.0002631,0.0002631,0.0002623,0.0002627,1696290.0
1764856200000,2025-12-04 15:50:00,0.0002627,0.0002627,0.0002625,0.0002627,341970.0
1764856500000,2025-12-04 15:55:00,0.0002627,0.0002631,0.0002627,0.000263,408260.0
1764856800000,2025-12-04 16:00:00,0.000263,0.0002637,0.0002629,0.0002632,1508400.0
1764857100000,2025-12-04 16:05:00,0.0002632,0.000264,0.0002632,0.0002639,351780.0
1764857400000,2025-12-04 16:10:00,0.0002639,0.0002644,0.0002637,0.0002644,633060.0
1764857700000,2025-12-04 16:15:00,0.0002644,0.0002644,0.0002639,0.0002641,1649410.0
1764858000000,2025-12-04 16:20:00,0.0002641,0.0002643,0.0002641,0.0002643,1381560.0
1764858300000,2025-12-04 16:25:00,0.0002643,0.0002647,0.0002643,0.0002647,993430.0
1764858600000,2025-12-04 16:30:00,0.0002647,0.0002648,0.0002634,0.0002638,5401410.0
1764858900000,2025-12-04 16:35:00,0.0002638,0.0002647,0.0002634,0.0002639,347350.0
1764859200000,2025-12-04 16:40:00,0.0002639,0.0002646,0.0002636,0.0002639,3023410.0
1764859500000,2025-12-04 16:45:00,0.0002639,0.0002641,0.0002638,0.0002638,3417440.0
1764859800000,2025-12-04 16:50:00,0.0002638,0.0002638,0.0002621,0.0002621,4042770.0
1764860100000,2025-12-04 16:55:00,0.0002621,0.0002629,0.0002614,0.000262,9530300.0
1764860400000,2025-12-04 17:00:00,0.000262,0.0002634,0.0002619,0.0002633,3093600.0
1764860700000,2025-12-04 17:05:00,0.0002633,0.0002636,0.000263,0.0002633,2998170.0
1764861000000,2025-12-04 17:10:00,0.0002633,0.0002642,0.0002631,0.0002642,811690.0
1764861300000,2025-12-04 17:15:00,0.0002642,0.0002643,0.0002637,0.0002642,2386170.0
1764861600000,2025-12-04 17:20:00,0.0002642,0.0002646,0.0002642,0.0002643,1389430.0
1764861900000,2025-12-04 17:25:00,0.0002643,0.0002643,0.0002629,0.0002634,5458970.0
1764862200000,2025-12-04 17:30:00,0.0002634,0.0002641,0.0002634,0.0002641,1651450.0
1764862500000,2025-12-04 17:35:00,0.0002641,0.0002673,0.0002641,0.0002673,8489600.0
1764862800000,2025-12-04 17:40:00,0.0002673,0.0002674,0.000266,0.0002667,3742250.0
1764863100000,2025-12-04 17:45:00,0.0002667,0.0002668,0.0002657,0.0002657,9099150.0
1764863400000,2025-12-04 17:50:00,0.0002657,0.0002661,0.0002654,0.000266,1698180.0
1764863700000,2025-12-04 17:55:00,0.000266,0.0002661,0.0002659,0.0002659,602150.0
1764864000000,2025-12-04 18:00:00,0.0002659,0.0002664,0.0002651,0.0002651,8072770.0
1764864300000,2025-12-04 18:05:00,0.0002651,0.0002652,0.0002643,0.0002649,4412430.0
1764864600000,2025-12-04 18:10:00,0.0002649,0.0002658,0.0002647,0.0002657,4463370.0
1764864900000,2025-12-04 18:15:00,0.0002657,0.0002672,0.0002652,0.0002672,9879390.0
1764865200000,2025-12-04 18:20:00,0.0002672,0.0002672,0.0002662,0.0002668,1336130.0
1764865500000,2025-12-04 18:25:00,0.0002668,0.0002668,0.0002653,0.0002653,381330.0
1764865800000,2025-12-04 18:30:00,0.0002653,0.0002653,0.0002644,0.0002644,2248810.0
1764866100000,2025-12-04 18:35:00,0.0002644,0.0002644,0.0002634,0.0002634,503520.0
1764866400000,2025-12-04 18:40:00,0.0002634,0.0002637,0.000263,0.0002637,807630.0
1764866700000,2025-12-04 18:45:00,0.0002637,0.0002644,0.0002632,0.0002632,17836610.0
1764867000000,2025-12-04 18:50:00,0.0002632,0.0002634,0.0002628,0.0002631,2422480.0
1764867300000,2025-12-04 18:55:00,0.0002631,0.0002632,0.0002627,0.0002631,1110040.0
1764867600000,2025-12-04 19:00:00,0.0002631,0.0002635,0.000263,0.000263,2149910.0
1764867900000,2025-12-04 19:05:00,0.000263,0.0002631,0.0002628,0.0002629,383260.0
1764868200000,2025-12-04 19:10:00,0.0002629,0.0002633,0.0002628,0.0002633,62570.0
1764868500000,2025-12-04 19:15:00,0.0002633,0.0002633,0.0002627,0.0002627,330590.0
1764868800000,2025-12-04 19:20:00,0.0002627,0.000263,0.0002627,0.000263,267010.0
1764869100000,2025-12-04 19:25:00,0.000263,0.000263,0.0002628,0.0002628,124970.0
1764869400000,2025-12-04 19:30:00,0.0002628,0.0002628,0.0002623,0.0002627,1243810.0
1764869700000,2025-12-04 19:35:00,0.0002627,0.0002631,0.0002621,0.0002621,3952970.0
1764870000000,2025-12-04 19:40:00,0.0002621,0.0002626,0.0002617,0.0002626,1673330.0
1764870300000,2025-12-04 19:45:00,0.0002626,0.0002629,0.0002625,0.0002625,1676400.0
1764870600000,2025-12-04 19:50:00,0.0002625,0.0002625,0.000262,0.0002624,3820270.0
1764870900000,2025-12-04 19:55:00,0.0002624,0.000263,0.0002624,0.0002626,1628890.0
1764871200000,2025-12-04 20:00:00,0.0002626,0.0002626,0.0002621,0.0002624,1001150.0
1764871500000,2025-12-04 20:05:00,0.0002624,0.000263,0.0002623,0.0002626,3681010.0
1764871800000,2025-12-04 20:10:00,0.0002626,0.0002628,0.0002621,0.0002628,3992080.0
1764872100000,2025-12-04 20:15:00,0.0002628,0.000263,0.000262,0.000262,1137390.0
1764872400000,2025-12-04 20:20:00,0.000262,0.0002625,0.0002615,0.0002625,4845460.0
1764872700000,2025-12-04 20:25:00,0.0002625,0.0002625,0.0002622,0.0002624,1095680.0
1764873000000,2025-12-04 20:30:00,0.0002624,0.0002626,0.0002623,0.0002625,1349710.0
1764873300000,2025-12-04 20:35:00,0.0002625,0.0002625,0.0002618,0.0002618,1173520.0
1764873600000,2025-12-04 20:40:00,0.0002618,0.0002618,0.0002612,0.0002614,5175780.0
1764873900000,2025-12-04 20:45:00,0.0002614,0.0002616,0.0002614,0.0002615,1161380.0
1764874200000,2025-12-04 20:50:00,0.0002615,0.0002615,0.0002602,0.0002603,3780600.0
1764874500000,2025-12-04 20:55:00,0.0002603,0.0002606,0.0002603,0.0002606,4453320.0
1764874800000,2025-12-04 21:00:00,0.0002606,0.0002617,0.0002599,0.0002601,22456870.0
1764875100000,2025-12-04 21:05:00,0.0002601,0.0002603,0.0002595,0.0002597,2010320.0
1764875400000,2025-12-04 21:10:00,0.0002597,0.0002598,0.0002578,0.000258,4511890.0
1764875700000,2025-12-04 21:15:00,0.000258,0.0002583,0.0002573,0.0002573,637030.0
1764876000000,2025-12-04 21:20:00,0.0002573,0.0002574,0.0002548,0.0002553,21846110.0
1764876300000,2025-12-04 21:25:00,0.0002553,0.000257,0.000255,0.0002565,7837090.0
1764876600000,2025-12-04 21:30:00,0.0002565,0.0002603,0.0002565,0.0002596,13037390.0
1764876900000,2025-12-04 21:35:00,0.0002596,0.00026,0.0002594,0.0002596,2569260.0
1764877200000,2025-12-04 21:40:00,0.0002596,0.00026,0.0002594,0.0002594,841970.0
1764877500000,2025-12-04 21:45:00,0.0002594,0.0002605,0.0002592,0.0002603,819320.0
1764877800000,2025-12-04 21:50:00,0.0002603,0.0002604,0.0002598,0.0002601,1063880.0
1764878100000,2025-12-04 21:55:00,0.0002601,0.0002601,0.0002599,0.0002599,39190.0
1764878400000,2025-12-04 22:00:00,0.0002599,0.0002599,0.0002593,0.0002596,2047750.0
1764878700000,2025-12-04 22:05:00,0.0002596,0.0002596,0.0002584,0.0002594,766120.0
1764879000000,2025-12-04 22:10:00,0.0002594,0.0002597,0.0002588,0.0002588,1180300.0
1764879300000,2025-12-04 22:15:00,0.0002588,0.0002591,0.0002587,0.0002591,558330.0
1764879600000,2025-12-04 22:20:00,0.0002591,0.0002593,0.0002591,0.0002591,61120.0
1764879900000,2025-12-04 22:25:00,0.0002591,0.0002594,0.0002589,0.0002589,222020.0
1764880200000,2025-12-04 22:30:00,0.0002589,0.0002594,0.0002587,0.000259,520010.0
1764880500000,2025-12-04 22:35:00,0.000259,0.0002595,0.0002589,0.0002595,77850.0
1764880800000,2025-12-04 22:40:00,0.0002595,0.0002595,0.0002589,0.0002589,161880.0
1764881100000,2025-12-04 22:45:00,0.0002589,0.0002599,0.0002589,0.0002597,48390.0
1764881400000,2025-12-04 22:50:00,0.0002597,0.0002603,0.0002597,0.0002599,56180.0
1764881700000,2025-12-04 22:55:00,0.0002599,0.0002601,0.0002599,0.0002601,823950.0
1764882000000,2025-12-04 23:00:00,0.0002601,0.0002601,0.0002597,0.0002597,1290210.0
1764882300000,2025-12-04 23:05:00,0.0002597,0.0002603,0.0002597,0.0002601,376520.0
1764882600000,2025-12-04 23:10:00,0.0002601,0.0002605,0.0002598,0.0002603,3769040.0
1764882900000,2025-12-04 23:15:00,0.0002603,0.0002604,0.0002601,0.0002604,1772970.0
1764883200000,2025-12-04 23:20:00,0.0002604,0.0002604,0.0002597,0.0002597,1124260.0
1764883500000,2025-12-04 23:25:00,0.0002597,0.0002597,0.0002594,0.0002594,126120.0
1764883800000,2025-12-04 23:30:00,0.0002594,0.0002594,0.0002591,0.0002591,144710.0
1764884100000,2025-12-04 23:35:00,0.0002591,0.00026,0.000259,0.00026,5871970.0
1764884400000,2025-12-04 23:40:00,0.00026,0.00026,0.0002592,0.0002594,329920.0
1764884700000,2025-12-04 23:45:00,0.0002594,0.0002596,0.0002594,0.0002594,155950.0
1764885000000,2025-12-04 23:50:00,0.0002594,0.0002596,0.0002592,0.0002592,67210.0
1764885300000,2025-12-04 23:55:00,0.0002592,0.0002592,0.0002585,0.0002585,93320.0
1764885600000,2025-12-05 00:00:00,0.0002585,0.000259,0.0002585,0.0002589,675550.0
1764885900000,2025-12-05 00:05:00,0.0002589,0.0002589,0.0002588,0.0002589,315100.0
1764886200000,2025-12-05 00:10:00,0.0002589,0.0002593,0.0002589,0.0002593,894400.0
1764886500000,2025-12-05 00:15:00,0.0002593,0.0002597,0.0002591,0.0002597,12444710.0
1764886800000,2025-12-05 00:20:00,0.0002597,0.0002597,0.0002587,0.0002589,1761720.0
1764887100000,2025-12-05 00:25:00,0.0002589,0.0002589,0.0002582,0.0002588,1674760.0
1764887400000,2025-12-05 00:30:00,0.0002588,0.0002596,0.0002588,0.0002596,116030.0
1764887700000,2025-12-05 00:35:00,0.0002596,0.0002598,0.0002596,0.0002596,150930.0
1764888000000,2025-12-05 00:40:00,0.0002596,0.0002607,0.0002596,0.0002607,1085860.0
1764888300000,2025-12-05 00:45:00,0.0002607,0.0002607,0.0002599,0.0002602,385360.0
1764888600000,2025-12-05 00:50:00,0.0002602,0.0002604,0.0002602,0.0002604,252690.0
1764888900000,2025-12-05 00:55:00,0.0002604,0.0002607,0.0002603,0.0002603,141760.0
1764889200000,2025-12-05 01:00:00,0.0002603,0.0002603,0.00026,0.00026,867060.0
1764889500000,2025-12-05 01:05:00,0.00026,0.00026,0.0002596,0.0002596,596570.0
1764889800000,2025-12-05 01:10:00,0.0002596,0.0002596,0.0002593,0.0002596,551200.0
1764890100000,2025-12-05 01:15:00,0.0002596,0.0002596,0.0002594,0.0002594,206770.0
1764890400000,2025-12-05 01:20:00,0.0002594,0.0002594,0.0002594,0.0002594,740.0
1764890700000,2025-12-05 01:25:00,0.0002594,0.0002595,0.0002594,0.0002595,20880.0
1764891000000,2025-12-05 01:30:00,0.0002595,0.0002599,0.0002595,0.0002598,2711860.0
1764891300000,2025-12-05 01:35:00,0.0002598,0.0002598,0.0002597,0.0002597,71840.0
1764891600000,2025-12-05 01:40:00,0.0002597,0.0002597,0.0002591,0.0002592,967730.0
1764891900000,2025-12-05 01:45:00,0.0002592,0.0002595,0.0002592,0.0002595,27900.0
1764892200000,2025-12-05 01:50:00,0.0002595,0.0002595,0.0002594,0.0002594,119900.0
1764892500000,2025-12-05 01:55:00,0.0002594,0.0002594,0.0002594,0.0002594,21850.0
1764892800000,2025-12-05 02:00:00,0.0002594,0.0002598,0.0002593,0.0002596,736200.0
1764893100000,2025-12-05 02:05:00,0.0002596,0.0002602,0.0002596,0.00026,1870160.0
1764893400000,2025-12-05 02:10:00,0.00026,0.0002601,0.00026,0.00026,27930.0
1764893700000,2025-12-05 02:15:00,0.00026,0.00026,0.0002593,0.0002595,165820.0
1764894000000,2025-12-05 02:20:00,0.0002595,0.0002616,0.0002595,0.0002612,1758480.0
1764894300000,2025-12-05 02:25:00,0.0002612,0.0002612,0.0002604,0.0002604,22170.0
1764894600000,2025-12-05 02:30:00,0.0002604,0.0002607,0.00026,0.0002607,56170.0
1764894900000,2025-12-05 02:35:00,0.0002607,0.0002607,0.0002601,0.0002603,881440.0
1764895200000,2025-12-05 02:40:00,0.0002603,0.0002603,0.0002602,0.0002603,25020.0
1764895500000,2025-12-05 02:45:00,0.0002603,0.0002604,0.0002601,0.0002601,15020.0
1764895800000,2025-12-05 02:50:00,0.0002601,0.0002603,0.0002598,0.0002601,308990.0
1764896100000,2025-12-05 02:55:00,0.0002601,0.0002602,0.00026,0.0002602,32170.0
1764896400000,2025-12-05 03:00:00,0.0002602,0.0002602,0.0002598,0.0002601,639350.0
1764896700000,2025-12-05 03:05:00,0.0002601,0.0002605,0.0002601,0.0002605,1426070.0
1764897000000,2025-12-05 03:10:00,0.0002605,0.0002605,0.0002599,0.0002599,538700.0
1764897300000,2025-12-05 03:15:00,0.0002599,0.0002606,0.0002598,0.0002606,438740.0
1764897600000,2025-12-05 03:20:00,0.0002606,0.0002607,0.0002605,0.0002607,1142540.0
1764897900000,2025-12-05 03:25:00,0.0002607,0.0002613,0.0002607,0.0002613,667240.0
1764898200000,2025-12-05 03:30:00,0.0002613,0.0002613,0.0002606,0.0002606,31090.0
1764898500000,2025-12-05 03:35:00,0.0002606,0.0002606,0.0002604,0.0002606,164300.0
1764898800000,2025-12-05 03:40:00,0.0002606,0.0002606,0.0002606,0.0002606,498620.0
1764899100000,2025-12-05 03:45:00,0.0002606,0.0002612,0.0002606,0.0002612,9300.0
1764899400000,2025-12-05 03:50:00,0.0002612,0.0002614,0.0002611,0.0002611,40540.0
1764899700000,2025-12-05 03:55:00,0.0002611,0.0002611,0.0002607,0.0002607,15790.0
1764900000000,2025-12-05 04:00:00,0.0002607,0.0002607,0.0002601,0.0002602,300210.0
1764900300000,2025-12-05 04:05:00,0.0002602,0.0002604,0.0002602,0.0002604,117200.0
1764900600000,2025-12-05 04:10:00,0.0002604,0.0002608,0.0002601,0.0002608,2058860.0
1764900900000,2025-12-05 04:15:00,0.0002608,0.0002612,0.0002608,0.0002611,297260.0
1764901200000,2025-12-05 04:20:00,0.0002611,0.0002614,0.0002611,0.0002614,206750.0
1764901500000,2025-12-05 04:25:00,0.0002614,0.0002616,0.0002614,0.0002615,112190.0
1764901800000,2025-12-05 04:30:00,0.0002615,0.0002615,0.0002614,0.0002614,88140.0
1764902100000,2025-12-05 04:35:00,0.0002614,0.000262,0.0002614,0.000262,398460.0
1764902400000,2025-12-05 04:40:00,0.000262,0.000262,0.0002618,0.0002618,317910.0
1764902700000,2025-12-05 04:45:00,0.0002618,0.0002618,0.0002616,0.0002616,126330.0
1764903000000,2025-12-05 04:50:00,0.0002616,0.0002616,0.0002613,0.0002613,161290.0
1764903300000,2025-12-05 04:55:00,0.0002613,0.0002614,0.0002612,0.0002612,145730.0
1764903600000,2025-12-05 05:00:00,0.0002612,0.0002614,0.0002612,0.0002614,355800.0
1764903900000,2025-12-05 05:05:00,0.0002614,0.0002618,0.0002614,0.0002618,256460.0
1764904200000,2025-12-05 05:10:00,0.0002618,0.0002619,0.0002614,0.0002614,132790.0
1764904500000,2025-12-05 05:15:00,0.0002614,0.0002615,0.0002612,0.0002614,123060.0
1764904800000,2025-12-05 05:20:00,0.0002614,0.0002614,0.0002603,0.0002603,55050.0
1764905100000,2025-12-05 05:25:00,0.0002603,0.0002606,0.0002603,0.0002604,1512240.0
1764905400000,2025-12-05 05:30:00,0.0002604,0.0002604,0.0002601,0.0002602,789300.0
1764905700000,2025-12-05 05:35:00,0.0002602,0.0002604,0.0002602,0.0002603,791330.0
1764906000000,2025-12-05 05:40:00,0.0002603,0.0002603,0.0002601,0.0002601,62460.0
1764906300000,2025-12-05 05:45:00,0.0002601,0.0002603,0.00026,0.0002603,120600.0
1764906600000,2025-12-05 05:50:00,0.0002603,0.0002605,0.0002603,0.0002605,166810.0
1764906900000,2025-12-05 05:55:00,0.0002605,0.0002605,0.0002598,0.0002601,883540.0
1764907200000,2025-12-05 06:00:00,0.0002601,0.0002604,0.0002601,0.0002604,828260.0
1764907500000,2025-12-05 06:05:00,0.0002604,0.0002604,0.0002603,0.0002604,114350.0
1764907800000,2025-12-05 06:10:00,0.0002604,0.0002605,0.0002603,0.0002603,49390.0
1764908100000,2025-12-05 06:15:00,0.0002603,0.0002603,0.0002603,0.0002603,1490.0
1764908400000,2025-12-05 06:20:00,0.0002603,0.0002603,0.00026,0.00026,271050.0
1764908700000,2025-12-05 06:25:00,0.00026,0.00026,0.0002595,0.0002595,217820.0
1764909000000,2025-12-05 06:30:00,0.0002595,0.0002595,0.0002586,0.0002592,7097370.0
1764909300000,2025-12-05 06:35:00,0.0002592,0.0002593,0.0002592,0.0002593,2266690.0
1764909600000,2025-12-05 06:40:00,0.0002593,0.0002593,0.0002588,0.0002589,8233890.0
1764909900000,2025-12-05 06:45:00,0.0002589,0.0002591,0.0002587,0.0002587,12612130.0
1764910200000,2025-12-05 06:50:00,0.0002587,0.0002606,0.0002587,0.0002602,46276440.0
1764910500000,2025-12-05 06:55:00,0.0002602,0.0002603,0.0002598,0.0002598,1905460.0
1764910800000,2025-12-05 07:00:00,0.0002598,0.0002598,0.0002594,0.0002595,1576720.0
1764911100000,2025-12-05 07:05:00,0.0002595,0.0002598,0.0002595,0.0002598,691280.0
1764911400000,2025-12-05 07:10:00,0.0002598,0.0002598,0.0002597,0.0002597,312500.0
1764911700000,2025-12-05 07:15:00,0.0002597,0.00026,0.0002597,0.00026,2465560.0
1764912000000,2025-12-05 07:20:00,0.00026,0.00026,0.0002595,0.0002595,52940.0
1764912300000,2025-12-05 07:25:00,0.0002595,0.0002598,0.0002594,0.0002598,991650.0
1764912600000,2025-12-05 07:30:00,0.0002598,0.0002598,0.0002593,0.0002596,1409290.0
1764912900000,2025-12-05 07:35:00,0.0002596,0.0002598,0.0002596,0.0002597,3195370.0
1764913200000,2025-12-05 07:40:00,0.0002597,0.0002598,0.0002596,0.0002596,1204370.0
1764913500000,2025-12-05 07:45:00,0.0002596,0.0002599,0.0002596,0.0002599,8270.0
1764913800000,2025-12-05 07:50:00,0.0002599,0.0002601,0.0002599,0.0002601,30240.0
1764914100000,2025-12-05 07:55:00,0.0002601,0.0002601,0.00026,0.00026,997570.0
1764914400000,2025-12-05 08:00:00,0.00026,0.0002601,0.0002599,0.0002601,3101250.0
1764914700000,2025-12-05 08:05:00,0.0002601,0.0002606,0.0002601,0.0002606,1393770.0
1764915000000,2025-12-05 08:10:00,0.0002606,0.000261,0.0002606,0.000261,1696270.0
1764915300000,2025-12-05 08:15:00,0.000261,0.0002612,0.0002609,0.0002609,522890.0
1764915600000,2025-12-05 08:20:00,0.0002609,0.0002609,0.0002609,0.0002609,0.0
1764915900000,2025-12-05 08:25:00,0.0002609,0.0002609,0.0002609,0.0002609,44600.0
1764916200000,2025-12-05 08:30:00,0.0002609,0.0002614,0.0002606,0.0002614,112620.0
1764916500000,2025-12-05 08:35:00,0.0002614,0.0002617,0.0002614,0.0002617,236850.0
1764916800000,2025-12-05 08:40:00,0.0002617,0.0002617,0.0002613,0.0002615,45490.0
1764917100000,2025-12-05 08:45:00,0.0002615,0.0002616,0.0002615,0.0002615,141710.0
1764917400000,2025-12-05 08:50:00,0.0002615,0.0002615,0.0002614,0.0002614,800.0
1764917700000,2025-12-05 08:55:00,0.0002614,0.0002614,0.0002613,0.0002613,98210.0
1764918000000,2025-12-05 09:00:00,0.0002613,0.0002613,0.000261,0.0002612,1012420.0
1764918300000,2025-12-05 09:05:00,0.0002612,0.0002629,0.0002612,0.0002629,2136030.0
1764918600000,2025-12-05 09:10:00,0.0002629,0.0002629,0.0002623,0.0002623,957250.0
1764918900000,2025-12-05 09:15:00,0.0002623,0.0002625,0.0002622,0.0002622,176380.0
1764919200000,2025-12-05 09:20:00,0.0002622,0.0002624,0.0002622,0.0002624,90090.0
1764919500000,2025-12-05 09:25:00,0.0002624,0.0002626,0.0002624,0.0002626,140900.0
1764919800000,2025-12-05 09:30:00,0.0002626,0.0002626,0.0002623,0.0002623,453060.0
1764920100000,2025-12-05 09:35:00,0.0002623,0.0002627,0.0002623,0.0002627,152430.0
1764920400000,2025-12-05 09:40:00,0.0002627,0.0002627,0.0002621,0.0002622,100960.0
1764920700000,2025-12-05 09:45:00,0.0002622,0.0002626,0.0002621,0.0002626,837000.0
1764921000000,2025-12-05 09:50:00,0.0002626,0.0002629,0.0002626,0.0002629,149930.0
1764921300000,2025-12-05 09:55:00,0.0002629,0.0002637,0.0002629,0.0002637,353880.0
1764921600000,2025-12-05 10:00:00,0.0002637,0.000264,0.0002632,0.0002632,972850.0
1764921900000,2025-12-05 10:05:00,0.0002632,0.0002633,0.0002623,0.0002625,1795430.0
1764922200000,2025-12-05 10:10:00,0.0002625,0.0002627,0.0002624,0.0002626,740640.0
1764922500000,2025-12-05 10:15:00,0.0002626,0.0002626,0.000262,0.000262,446950.0
1764922800000,2025-12-05 10:20:00,0.000262,0.0002626,0.000262,0.0002626,1816780.0
1764923100000,2025-12-05 10:25:00,0.0002626,0.0002626,0.0002622,0.0002622,1089860.0
1764923400000,2025-12-05 10:30:00,0.0002622,0.0002622,0.000262,0.000262,541960.0
1764923700000,2025-12-05 10:35:00,0.000262,0.000262,0.0002618,0.0002619,866020.0
1764924000000,2025-12-05 10:40:00,0.0002619,0.0002619,0.0002612,0.0002614,896960.0
1764924300000,2025-12-05 10:45:00,0.0002614,0.0002619,0.0002614,0.0002619,445660.0
1764924600000,2025-12-05 10:50:00,0.0002619,0.0002623,0.0002619,0.0002623,458100.0
1764924900000,2025-12-05 10:55:00,0.0002623,0.0002657,0.0002623,0.0002649,12964880.0
1764925200000,2025-12-05 11:00:00,0.0002649,0.0002736,0.0002648,0.0002721,102073260.0
1764925500000,2025-12-05 11:05:00,0.0002721,0.0002748,0.0002658,0.0002658,219024870.0
1764925800000,2025-12-05 11:10:00,0.0002658,0.000267,0.0002632,0.0002666,42314950.0
1764926100000,2025-12-05 11:15:00,0.0002666,0.0002666,0.0002607,0.0002616,25937400.0
1764926400000,2025-12-05 11:20:00,0.0002616,0.0002628,0.0002613,0.0002618,22377050.0
1764926700000,2025-12-05 11:25:00,0.0002618,0.0002632,0.0002618,0.000262,3965470.0
1764927000000,2025-12-05 11:30:00,0.000262,0.000262,0.0002608,0.0002611,8852630.0
1764927300000,2025-12-05 11:35:00,0.0002611,0.0002617,0.0002605,0.0002612,15660690.0
1764927600000,2025-12-05 11:40:00,0.0002612,0.0002623,0.0002605,0.000261,4852450.0
1764927900000,2025-12-05 11:45:00,0.000261,0.0002611,0.0002602,0.0002608,3511930.0
1764928200000,2025-12-05 11:50:00,0.0002608,0.0002611,0.0002601,0.0002602,7546760.0
1764928500000,2025-12-05 11:55:00,0.0002602,0.0002607,0.0002601,0.0002601,5772330.0
1764928800000,2025-12-05 12:00:00,0.0002601,0.000261,0.0002599,0.00026,5244920.0
1764929100000,2025-12-05 12:05:00,0.00026,0.0002611,0.00026,0.0002601,5728900.0
1764929400000,2025-12-05 12:10:00,0.0002601,0.000261,0.00026,0.000261,2902960.0
1764929700000,2025-12-05 12:15:00,0.000261,0.0002613,0.000261,0.0002613,2003180.0
1764930000000,2025-12-05 12:20:00,0.0002613,0.0002623,0.0002612,0.0002617,9835730.0
1764930300000,2025-12-05 12:25:00,0.0002617,0.000263,0.0002617,0.0002627,6665730.0
1764930600000,2025-12-05 12:30:00,0.0002627,0.0002627,0.0002619,0.0002619,4925490.0
1764930900000,2025-12-05 12:35:00,0.0002619,0.0002628,0.0002619,0.0002622,6535280.0
1764931200000,2025-12-05 12:40:00,0.0002622,0.0002623,0.000262,0.0002623,1541150.0
1764931500000,2025-12-05 12:45:00,0.0002623,0.0002623,0.0002613,0.0002613,4132480.0
1764931800000,2025-12-05 12:50:00,0.0002613,0.000262,0.0002613,0.0002615,9769940.0
1764932100000,2025-12-05 12:55:00,0.0002615,0.0002616,0.000261,0.000261,6181960.0
1764932400000,2025-12-05 13:00:00,0.000261,0.0002616,0.0002606,0.0002606,12768420.0
1764932700000,2025-12-05 13:05:00,0.0002606,0.0002614,0.0002606,0.0002612,1149330.0
1764933000000,2025-12-05 13:10:00,0.0002612,0.0002622,0.000261,0.0002622,7547600.0
1764933300000,2025-12-05 13:15:00,0.0002622,0.0002622,0.0002612,0.0002613,3811500.0
1764933600000,2025-12-05 13:20:00,0.0002613,0.0002615,0.0002606,0.0002606,3172050.0
1764933900000,2025-12-05 13:25:00,0.0002606,0.0002609,0.0002603,0.0002603,6702840.0
1764934200000,2025-12-05 13:30:00,0.0002603,0.0002605,0.0002591,0.0002591,5999350.0
1764934500000,2025-12-05 13:35:00,0.0002591,0.0002596,0.0002588,0.0002596,3016780.0
1764934800000,2025-12-05 13:40:00,0.0002596,0.0002601,0.0002595,0.0002598,656600.0
1764935100000,2025-12-05 13:45:00,0.0002598,0.0002609,0.0002598,0.0002609,4874570.0
1764935400000,2025-12-05 13:50:00,0.0002609,0.0002609,0.00026,0.0002606,3393870.0
1764935700000,2025-12-05 13:55:00,0.0002606,0.0002606,0.0002602,0.0002602,1328550.0
1764936000000,2025-12-05 14:00:00,0.0002602,0.000261,0.0002602,0.0002606,8235860.0
1764936300000,2025-12-05 14:05:00,0.0002606,0.0002608,0.0002604,0.0002605,2873700.0
1764936600000,2025-12-05 14:10:00,0.0002605,0.0002609,0.0002604,0.0002607,1466060.0
1764936900000,2025-12-05 14:15:00,0.0002607,0.0002622,0.0002605,0.0002622,3130910.0
1764937200000,2025-12-05 14:20:00,0.0002622,0.0002633,0.0002622,0.0002628,15763720.0
1764937500000,2025-12-05 14:25:00,0.0002628,0.0002634,0.0002624,0.0002627,1225380.0
1764937800000,2025-12-05 14:30:00,0.0002627,0.000264,0.0002626,0.000264,12167160.0
1764938100000,2025-12-05 14:35:00,0.000264,0.0002661,0.000264,0.0002657,5238030.0
1764938400000,2025-12-05 14:40:00,0.0002657,0.0002658,0.0002646,0.0002647,8795740.0
1764938700000,2025-12-05 14:45:00,0.0002647,0.0002652,0.0002643,0.0002648,1494540.0
1764939000000,2025-12-05 14:50:00,0.0002648,0.0002648,0.0002643,0.0002644,184170.0
1764939300000,2025-12-05 14:55:00,0.0002644,0.0002644,0.0002633,0.0002633,1200860.0
1764939600000,2025-12-05 15:00:00,0.0002633,0.0002633,0.000262,0.000262,1537880.0
1764939900000,2025-12-05 15:05:00,0.000262,0.000263,0.000262,0.0002628,4292280.0
1764940200000,2025-12-05 15:10:00,0.0002628,0.0002631,0.0002624,0.0002624,474370.0
1764940500000,2025-12-05 15:15:00,0.0002624,0.0002625,0.0002619,0.0002622,2220270.0
1764940800000,2025-12-05 15:20:00,0.0002622,0.0002622,0.0002621,0.0002621,340050.0
1764941100000,2025-12-05 15:25:00,0.0002621,0.0002624,0.0002619,0.0002624,745960.0
1764941400000,2025-12-05 15:30:00,0.0002624,0.0002624,0.0002612,0.0002617,3051990.0
1764941700000,2025-12-05 15:35:00,0.0002617,0.0002617,0.0002608,0.0002608,311400.0
1764942000000,2025-12-05 15:40:00,0.0002608,0.000261,0.0002592,0.0002594,3228000.0
1764942300000,2025-12-05 15:45:00,0.0002594,0.0002595,0.0002578,0.000259,5306030.0
1764942600000,2025-12-05 15:50:00,0.000259,0.0002598,0.000259,0.0002594,189570.0
1764942900000,2025-12-05 15:55:00,0.0002594,0.0002599,0.0002591,0.0002596,3670990.0
1764943200000,2025-12-05 16:00:00,0.0002596,0.0002597,0.000259,0.0002594,1609370.0
1764943500000,2025-12-05 16:05:00,0.0002594,0.0002597,0.0002594,0.0002597,988630.0
1764943800000,2025-12-05 16:10:00,0.0002597,0.000261,0.0002597,0.0002603,7397770.0
1764944100000,2025-12-05 16:15:00,0.0002603,0.0002626,0.0002602,0.0002626,2165050.0
1764944400000,2025-12-05 16:20:00,0.0002626,0.000265,0.0002624,0.0002634,6232590.0
1764944700000,2025-12-05 16:25:00,0.0002634,0.0002634,0.0002604,0.0002609,3523290.0
1764945000000,2025-12-05 16:30:00,0.0002609,0.0002615,0.0002603,0.0002603,751060.0
1764945300000,2025-12-05 16:35:00,0.0002603,0.0002618,0.0002603,0.0002605,2915600.0
1764945600000,2025-12-05 16:40:00,0.0002605,0.0002613,0.0002603,0.0002604,3149670.0
1764945900000,2025-12-05 16:45:00,0.0002604,0.0002607,0.0002591,0.0002605,10594710.0
1764946200000,2025-12-05 16:50:00,0.0002605,0.0002607,0.0002591,0.0002601,1750710.0
1764946500000,2025-12-05 16:55:00,0.0002601,0.0002601,0.0002595,0.0002598,70490.0
1764946800000,2025-12-05 17:00:00,0.0002598,0.0002635,0.0002598,0.0002635,9238800.0
1764947100000,2025-12-05 17:05:00,0.0002635,0.0002644,0.0002623,0.0002624,1916640.0
1764947400000,2025-12-05 17:10:00,0.0002624,0.0002633,0.0002617,0.0002627,2902180.0
1764947700000,2025-12-05 17:15:00,0.0002627,0.0002629,0.0002618,0.000262,375640.0
1764948000000,2025-12-05 17:20:00,0.000262,0.0002626,0.000262,0.0002626,63110.0
1764948300000,2025-12-05 17:25:00,0.0002626,0.0002627,0.0002621,0.0002627,505000.0
1764948600000,2025-12-05 17:30:00,0.0002627,0.0002637,0.0002627,0.0002635,4426060.0
1764948900000,2025-12-05 17:35:00,0.0002635,0.0002638,0.0002628,0.000263,2829530.0
1764949200000,2025-12-05 17:40:00,0.000263,0.0002632,0.0002627,0.0002631,980880.0
1764949500000,2025-12-05 17:45:00,0.0002631,0.0002633,0.0002625,0.000263,3276880.0
1764949800000,2025-12-05 17:50:00,0.000263,0.0002631,0.0002615,0.0002618,2772160.0
1764950100000,2025-12-05 17:55:00,0.0002618,0.0002618,0.0002612,0.0002616,888360.0
1764950400000,2025-12-05 18:00:00,0.0002616,0.0002616,0.0002603,0.0002603,787690.0
1764950700000,2025-12-05 18:05:00,0.0002603,0.0002604,0.0002579,0.0002589,12502670.0
1764951000000,2025-12-05 18:10:00,0.0002589,0.0002594,0.0002585,0.0002591,1796710.0
1764951300000,2025-12-05 18:15:00,0.0002591,0.0002606,0.0002583,0.0002606,11089850.0
1764951600000,2025-12-05 18:20:00,0.0002606,0.0002606,0.0002592,0.0002594,881630.0
1764951900000,2025-12-05 18:25:00,0.0002594,0.00026,0.0002594,0.0002596,1671800.0
1764952200000,2025-12-05 18:30:00,0.0002596,0.0002596,0.0002582,0.0002582,1439050.0
1764952500000,2025-12-05 18:35:00,0.0002582,0.0002584,0.0002568,0.0002573,434010.0
1764952800000,2025-12-05 18:40:00,0.0002573,0.0002573,0.0002547,0.000256,3475900.0
1764953100000,2025-12-05 18:45:00,0.000256,0.0002562,0.000255,0.0002551,6413870.0
1764953400000,2025-12-05 18:50:00,0.0002551,0.0002562,0.000255,0.0002562,6898140.0
1764953700000,2025-12-05 18:55:00,0.0002562,0.0002582,0.0002556,0.0002568,3531090.0
1764954000000,2025-12-05 19:00:00,0.0002568,0.0002579,0.0002564,0.0002578,1198200.0
1764954300000,2025-12-05 19:05:00,0.0002578,0.0002585,0.0002572,0.0002574,2812080.0
1764954600000,2025-12-05 19:10:00,0.0002574,0.0002576,0.0002568,0.0002568,305480.0
1764954900000,2025-12-05 19:15:00,0.0002568,0.0002568,0.000256,0.0002566,1593970.0
1764955200000,2025-12-05 19:20:00,0.0002566,0.0002575,0.0002562,0.0002569,3603060.0
1764955500000,2025-12-05 19:25:00,0.0002569,0.0002573,0.0002563,0.0002573,945530.0
1764955800000,2025-12-05 19:30:00,0.0002573,0.0002583,0.0002573,0.0002578,340000.0
1764956100000,2025-12-05 19:35:00,0.0002578,0.0002614,0.0002569,0.0002613,17869150.0
1764956400000,2025-12-05 19:40:00,0.0002613,0.0002643,0.0002587,0.0002589,49807840.0
1764956700000,2025-12-05 19:45:00,0.0002589,0.0002594,0.0002577,0.0002584,12495940.0
1764957000000,2025-12-05 19:50:00,0.0002584,0.0002598,0.0002584,0.0002598,1387690.0
1764957300000,2025-12-05 19:55:00,0.0002598,0.0002599,0.000259,0.0002592,817710.0
1764957600000,2025-12-05 20:00:00,0.0002592,0.0002592,0.0002578,0.0002587,7216510.0
1764957900000,2025-12-05 20:05:00,0.0002587,0.0002603,0.0002587,0.0002598,9192660.0
1764958200000,2025-12-05 20:10:00,0.0002598,0.00026,0.0002588,0.0002588,2965260.0
1764958500000,2025-12-05 20:15:00,0.0002588,0.0002588,0.0002578,0.0002578,1417210.0
1764958800000,2025-12-05 20:20:00,0.0002578,0.0002587,0.0002567,0.0002574,10433670.0
1764959100000,2025-12-05 20:25:00,0.0002574,0.0002579,0.0002572,0.0002574,2516650.0
1764959400000,2025-12-05 20:30:00,0.0002574,0.0002583,0.0002573,0.0002581,5122610.0
1764959700000,2025-12-05 20:35:00,0.0002581,0.0002581,0.000257,0.0002578,6693610.0
1764960000000,2025-12-05 20:40:00,0.0002578,0.0002579,0.0002564,0.0002569,9276680.0
1764960300000,2025-12-05 20:45:00,0.0002569,0.0002574,0.0002569,0.0002574,908530.0
1764960600000,2025-12-05 20:50:00,0.0002574,0.0002575,0.0002558,0.0002561,1577510.0
1764960900000,2025-12-05 20:55:00,0.0002561,0.0002565,0.0002558,0.0002559,2957160.0
1764961200000,2025-12-05 21:00:00,0.0002559,0.0002565,0.0002554,0.0002565,5909630.0
1764961500000,2025-12-05 21:05:00,0.0002565,0.00028,0.0002565,0.0002689,686646920.0
1764961800000,2025-12-05 21:10:00,0.0002689,0.0002726,0.0002632,0.0002698,730306500.0
1764962100000,2025-12-05 21:15:00,0.0002698,0.0002788,0.0002655,0.0002666,297044630.0
1764962400000,2025-12-05 21:20:00,0.0002666,0.0002693,0.0002652,0.0002671,145081120.0
1764962700000,2025-12-05 21:25:00,0.0002671,0.0002739,0.0002662,0.0002739,278811170.0
1764963000000,2025-12-05 21:30:00,0.0002739,0.0002804,0.0002722,0.0002743,468341720.0
1764963300000,2025-12-05 21:35:00,0.0002743,0.0002747,0.0002702,0.0002715,182901310.0
1764963600000,2025-12-05 21:40:00,0.0002715,0.0002715,0.0002646,0.0002654,224155430.0
1764963900000,2025-12-05 21:45:00,0.0002654,0.0002662,0.0002623,0.0002644,188566020.0
1764964200000,2025-12-05 21:50:00,0.0002644,0.0002647,0.0002625,0.0002631,56492230.0
1764964500000,2025-12-05 21:55:00,0.0002631,0.0002644,0.000261,0.0002612,63604910.0
1764964800000,2025-12-05 22:00:00,0.0002612,0.0002648,0.0002607,0.0002644,64394550.0
1764965100000,2025-12-05 22:05:00,0.0002644,0.0002667,0.000263,0.0002657,65596960.0
1764965400000,2025-12-05 22:10:00,0.0002657,0.0002673,0.0002639,0.0002668,51911650.0
1764965700000,2025-12-05 22:15:00,0.0002668,0.0002675,0.0002654,0.0002666,20716720.0
1764966000000,2025-12-05 22:20:00,0.0002666,0.0002673,0.0002654,0.000266,26418540.0
1764966300000,2025-12-05 22:25:00,0.000266,0.0002667,0.0002649,0.0002659,17595800.0
1764966600000,2025-12-05 22:30:00,0.0002659,0.0002663,0.0002644,0.0002657,21572990.0
1764966900000,2025-12-05 22:35:00,0.0002657,0.000268,0.0002657,0.0002667,27627540.0
1764967200000,2025-12-05 22:40:00,0.0002667,0.0002668,0.0002614,0.0002619,26211970.0
1764967500000,2025-12-05 22:45:00,0.0002619,0.0002665,0.0002608,0.0002665,58538440.0
1764967800000,2025-12-05 22:50:00,0.0002665,0.0002716,0.000266,0.0002673,210660600.0
1764968100000,2025-12-05 22:55:00,0.0002673,0.0002688,0.0002651,0.0002668,61290020.0
1764968400000,2025-12-05 23:00:00,0.0002668,0.0002719,0.0002651,0.0002701,89996790.0
1764968700000,2025-12-05 23:05:00,0.0002701,0.000275,0.0002685,0.0002717,293996810.0
1764969000000,2025-12-05 23:10:00,0.0002717,0.0002732,0.0002687,0.0002703,159607180.0
1764969300000,2025-12-05 23:15:00,0.0002703,0.0002758,0.0002676,0.0002718,150818900.0
1764969600000,2025-12-05 23:20:00,0.0002718,0.0002741,0.00027,0.0002734,50148690.0
1764969900000,2025-12-05 23:25:00,0.0002734,0.0002944,0.0002718,0.0002777,658365490.0
1764970200000,2025-12-05 23:30:00,0.0002777,0.0002897,0.0002698,0.0002792,698345410.0
1764970500000,2025-12-05 23:35:00,0.0002792,0.0002869,0.0002754,0.0002846,604884160.0
1764970800000,2025-12-05 23:40:00,0.0002846,0.0002911,0.0002813,0.0002901,446884400.0
1764971100000,2025-12-05 23:45:00,0.0002901,0.000291,0.0002723,0.0002739,516735330.0
1764971400000,2025-12-05 23:50:00,0.0002739,0.0002816,0.0002725,0.0002781,332084520.0
1764971700000,2025-12-05 23:55:00,0.0002781,0.0002788,0.0002738,0.0002772,205188660.0
1764972000000,2025-12-06 00:00:00,0.0002772,0.0002801,0.000275,0.00028,268974150.0
1764972300000,2025-12-06 00:05:00,0.00028,0.0002859,0.0002774,0.0002812,389884190.0
1764972600000,2025-12-06 00:10:00,0.0002812,0.00029,0.0002761,0.0002792,345043650.0
1764972900000,2025-12-06 00:15:00,0.0002792,0.0002805,0.0002752,0.0002787,246476920.0
1764973200000,2025-12-06 00:20:00,0.0002787,0.0002802,0.000274,0.0002756,141160870.0
1764973500000,2025-12-06 00:25:00,0.0002756,0.0002764,0.0002729,0.0002751,106752500.0
1764973800000,2025-12-06 00:30:00,0.0002751,0.0002765,0.0002721,0.0002765,132425190.0
1764974100000,2025-12-06 00:35:00,0.0002765,0.0002805,0.0002761,0.0002802,103594040.0
1764974400000,2025-12-06 00:40:00,0.0002802,0.0002805,0.0002777,0.0002786,42238060.0
1764974700000,2025-12-06 00:45:00,0.0002786,0.0002802,0.0002777,0.0002792,69667880.0
1764975000000,2025-12-06 00:50:00,0.0002792,0.0002794,0.0002757,0.000276,153835210.0
1764975300000,2025-12-06 00:55:00,0.000276,0.0002778,0.0002748,0.0002748,79316740.0
1764975600000,2025-12-06 01:00:00,0.0002748,0.0002765,0.0002732,0.0002738,150858100.0
1764975900000,2025-12-06 01:05:00,0.0002738,0.0002785,0.0002738,0.0002768,91710650.0
1764976200000,2025-12-06 01:10:00,0.0002768,0.0002777,0.0002757,0.0002766,58981160.0
1764976500000,2025-12-06 01:15:00,0.0002766,0.0002771,0.0002737,0.0002741,35983280.0
1764976800000,2025-12-06 01:20:00,0.0002741,0.0002747,0.0002708,0.0002718,104067850.0
1764977100000,2025-12-06 01:25:00,0.0002718,0.0002723,0.0002676,0.0002706,100524630.0
1764977400000,2025-12-06 01:30:00,0.0002706,0.0002714,0.0002699,0.0002704,41187500.0
1764977700000,2025-12-06 01:35:00,0.0002704,0.0002722,0.0002704,0.0002721,40480140.0
1764978000000,2025-12-06 01:40:00,0.0002721,0.0002732,0.0002717,0.0002732,27984790.0
1764978300000,2025-12-06 01:45:00,0.0002732,0.0002756,0.0002731,0.000274,75971330.0
1764978600000,2025-12-06 01:50:00,0.000274,0.0002746,0.0002728,0.0002742,48596740.0
1764978900000,2025-12-06 01:55:00,0.0002742,0.0002745,0.0002696,0.0002714,70797760.0
1764979200000,2025-12-06 02:00:00,0.0002714,0.0002714,0.0002651,0.0002673,557981420.0
1764979500000,2025-12-06 02:05:00,0.0002673,0.0002679,0.0002654,0.0002679,85053790.0
1764979800000,2025-12-06 02:10:00,0.0002679,0.0002689,0.0002669,0.0002689,53937220.0
1764980100000,2025-12-06 02:15:00,0.0002689,0.0002703,0.0002686,0.0002702,42076830.0
1764980400000,2025-12-06 02:20:00,0.0002702,0.0002707,0.0002695,0.0002699,20310560.0
1764980700000,2025-12-06 02:25:00,0.0002699,0.0002709,0.0002693,0.0002694,22829550.0
1764981000000,2025-12-06 02:30:00,0.0002694,0.0002718,0.0002693,0.0002705,38831710.0
1764981300000,2025-12-06 02:35:00,0.0002705,0.0002708,0.0002668,0.0002684,32224760.0
1764981600000,2025-12-06 02:40:00,0.0002684,0.0002688,0.0002676,0.0002678,31252630.0
1764981900000,2025-12-06 02:45:00,0.0002678,0.0002681,0.0002667,0.0002668,63825260.0
1764982200000,2025-12-06 02:50:00,0.0002668,0.0002687,0.0002667,0.0002687,43836830.0
1764982500000,2025-12-06 02:55:00,0.0002687,0.00027,0.0002681,0.0002685,38917830.0
1764982800000,2025-12-06 03:00:00,0.0002685,0.0002698,0.0002685,0.0002687,31243130.0
1764983100000,2025-12-06 03:05:00,0.0002687,0.0002689,0.0002679,0.0002679,17765430.0
1764983400000,2025-12-06 03:10:00,0.0002679,0.000268,0.0002653,0.0002658,24666570.0
1764983700000,2025-12-06 03:15:00,0.0002658,0.0002663,0.0002652,0.000266,18377610.0
1764984000000,2025-12-06 03:20:00,0.000266,0.0002665,0.0002656,0.0002656,9380450.0
1764984300000,2025-12-06 03:25:00,0.0002656,0.0002661,0.0002655,0.0002656,13621530.0
1764984600000,2025-12-06 03:30:00,0.0002656,0.0002668,0.0002651,0.0002666,24391690.0
1764984900000,2025-12-06 03:35:00,0.0002666,0.0002666,0.0002655,0.0002658,20834590.0
1764985200000,2025-12-06 03:40:00,0.0002658,0.0002674,0.0002658,0.0002665,23998730.0
1764985500000,2025-12-06 03:45:00,0.0002665,0.0002687,0.0002664,0.0002678,42079200.0
1764985800000,2025-12-06 03:50:00,0.0002678,0.0002681,0.0002668,0.0002671,15776750.0
1764986100000,2025-12-06 03:55:00,0.0002671,0.0002677,0.0002666,0.0002676,11361130.0
1764986400000,2025-12-06 04:00:00,0.0002676,0.0002681,0.0002661,0.0002661,25075350.0
1764986700000,2025-12-06 04:05:00,0.0002661,0.0002678,0.0002655,0.0002674,37458010.0
1764987000000,2025-12-06 04:10:00,0.0002674,0.0002686,0.000267,0.0002677,76096310.0
1764987300000,2025-12-06 04:15:00,0.0002677,0.0002677,0.0002661,0.0002667,18719260.0
1764987600000,2025-12-06 04:20:00,0.0002667,0.0002682,0.0002667,0.0002682,14918930.0
1764987900000,2025-12-06 04:25:00,0.0002682,0.0002686,0.0002667,0.0002669,25838740.0
1764988200000,2025-12-06 04:30:00,0.0002669,0.000267,0.0002663,0.0002667,9040970.0
1764988500000,2025-12-06 04:35:00,0.0002667,0.0002681,0.0002665,0.0002671,20218370.0
1764988800000,2025-12-06 04:40:00,0.0002671,0.0002671,0.0002656,0.0002657,18086220.0
1764989100000,2025-12-06 04:45:00,0.0002657,0.0002671,0.0002655,0.0002671,7346630.0
1764989400000,2025-12-06 04:50:00,0.0002671,0.0002686,0.000267,0.0002679,11227260.0
1764989700000,2025-12-06 04:55:00,0.0002679,0.0002679,0.0002668,0.0002672,3073470.0
1764990000000,2025-12-06 05:00:00,0.0002672,0.0002683,0.0002668,0.0002672,31465130.0
1764990300000,2025-12-06 05:05:00,0.0002672,0.0002679,0.0002671,0.0002675,23921970.0
1764990600000,2025-12-06 05:10:00,0.0002675,0.0002684,0.0002667,0.0002683,45102770.0
1764990900000,2025-12-06 05:15:00,0.0002683,0.0002689,0.0002656,0.0002657,32742870.0
1764991200000,2025-12-06 05:20:00,0.0002657,0.0002664,0.0002646,0.0002648,36168810.0
1764991500000,2025-12-06 05:25:00,0.0002648,0.0002655,0.0002629,0.0002646,36934920.0
1764991800000,2025-12-06 05:30:00,0.0002646,0.0002646,0.0002639,0.0002644,26628620.0
1764992100000,2025-12-06 05:35:00,0.0002644,0.000265,0.0002642,0.0002644,25231990.0
1764992400000,2025-12-06 05:40:00,0.0002644,0.0002648,0.000264,0.000264,18998590.0
1764992700000,2025-12-06 05:45:00,0.000264,0.0002648,0.0002637,0.0002641,13243660.0
1764993000000,2025-12-06 05:50:00,0.0002641,0.0002645,0.0002638,0.0002643,11681780.0
1764993300000,2025-12-06 05:55:00,0.0002643,0.0002646,0.0002636,0.0002638,15578800.0
1764993600000,2025-12-06 06:00:00,0.0002638,0.0002652,0.0002634,0.0002644,25096870.0
1764993900000,2025-12-06 06:05:00,0.0002644,0.0002649,0.0002641,0.0002644,18351830.0
1764994200000,2025-12-06 06:10:00,0.0002644,0.0002644,0.0002639,0.0002643,4666820.0
1764994500000,2025-12-06 06:15:00,0.0002643,0.0002646,0.0002639,0.0002644,6819630.0
1764994800000,2025-12-06 06:20:00,0.0002644,0.0002646,0.000264,0.0002642,20066110.0
1764995100000,2025-12-06 06:25:00,0.0002642,0.0002642,0.0002632,0.0002641,21393480.0
1764995400000,2025-12-06 06:30:00,0.0002641,0.0002665,0.0002641,0.0002665,11758830.0
1764995700000,2025-12-06 06:35:00,0.0002665,0.0002671,0.0002656,0.0002662,24640780.0
1764996000000,2025-12-06 06:40:00,0.0002662,0.0002679,0.0002662,0.0002677,24837300.0
1764996300000,2025-12-06 06:45:00,0.0002677,0.0002715,0.000267,0.0002711,62455230.0
1764996600000,2025-12-06 06:50:00,0.0002711,0.0002772,0.0002704,0.0002768,241383000.0
1764996900000,2025-12-06 06:55:00,0.0002768,0.0002769,0.0002731,0.0002752,144512910.0
1764997200000,2025-12-06 07:00:00,0.0002752,0.0002775,0.0002702,0.0002725,207517840.0
1764997500000,2025-12-06 07:05:00,0.0002725,0.000275,0.0002696,0.0002696,61646800.0
1764997800000,2025-12-06 07:10:00,0.0002696,0.0002708,0.0002685,0.0002689,45575040.0
1764998100000,2025-12-06 07:15:00,0.0002689,0.0002698,0.0002683,0.0002683,62681840.0
1764998400000,2025-12-06 07:20:00,0.0002683,0.0002689,0.0002674,0.0002685,26745170.0
1764998700000,2025-12-06 07:25:00,0.0002685,0.0002698,0.0002672,0.0002674,25495550.0
1764999000000,2025-12-06 07:30:00,0.0002674,0.0002687,0.0002669,0.0002684,31444610.0
1764999300000,2025-12-06 07:35:00,0.0002684,0.0002699,0.0002679,0.0002687,35910120.0
1764999600000,2025-12-06 07:40:00,0.0002687,0.0002695,0.0002685,0.0002691,18641230.0
1764999900000,2025-12-06 07:45:00,0.0002691,0.0002703,0.0002684,0.0002687,20017940.0
1765000200000,2025-12-06 07:50:00,0.0002687,0.0002698,0.0002684,0.0002694,10761430.0
1765000500000,2025-12-06 07:55:00,0.0002694,0.0002707,0.000269,0.0002692,12607610.0
1765000800000,2025-12-06 08:00:00,0.0002692,0.0002701,0.0002689,0.000269,36315910.0
1765001100000,2025-12-06 08:05:00,0.000269,0.0002691,0.0002667,0.0002673,51040060.0
1765001400000,2025-12-06 08:10:00,0.0002673,0.00027,0.0002673,0.0002696,62010110.0
1765001700000,2025-12-06 08:15:00,0.0002696,0.0002711,0.0002695,0.0002704,32598990.0
1765002000000,2025-12-06 08:20:00,0.0002704,0.0002732,0.0002692,0.0002692,81506580.0
1765002300000,2025-12-06 08:25:00,0.0002692,0.0002707,0.0002687,0.0002704,89544090.0
1765002600000,2025-12-06 08:30:00,0.0002704,0.0002705,0.0002686,0.0002701,46397530.0
1765002900000,2025-12-06 08:35:00,0.0002701,0.0002706,0.0002686,0.0002687,24576000.0
1765003200000,2025-12-06 08:40:00,0.0002687,0.0002698,0.0002687,0.0002691,10889790.0
1765003500000,2025-12-06 08:45:00,0.0002691,0.0002698,0.0002684,0.0002689,24444040.0
1765003800000,2025-12-06 08:50:00,0.0002689,0.0002695,0.0002687,0.0002692,19489440.0
1765004100000,2025-12-06 08:55:00,0.0002692,0.0002695,0.0002669,0.0002669,20895050.0
1765004400000,2025-12-06 09:00:00,0.0002669,0.0002692,0.0002667,0.0002671,44153620.0
1765004700000,2025-12-06 09:05:00,0.0002671,0.0002674,0.0002662,0.0002669,17269380.0
1765005000000,2025-12-06 09:10:00,0.0002669,0.0002669,0.0002653,0.0002654,36013690.0
1765005300000,2025-12-06 09:15:00,0.0002654,0.0002663,0.0002654,0.0002658,14512780.0
1765005600000,2025-12-06 09:20:00,0.0002658,0.0002666,0.0002658,0.0002663,15353540.0
1765005900000,2025-12-06 09:25:00,0.0002663,0.0002667,0.0002658,0.0002663,27504520.0
1765006200000,2025-12-06 09:30:00,0.0002663,0.0002664,0.0002654,0.0002662,12600000.0
1765006500000,2025-12-06 09:35:00,0.0002662,0.000269,0.0002661,0.000268,85810000.0
1765006800000,2025-12-06 09:40:00,0.000268,0.0002694,0.0002678,0.0002691,38029930.0
1765007100000,2025-12-06 09:45:00,0.0002691,0.00027,0.0002686,0.0002698,12961030.0
1765007400000,2025-12-06 09:50:00,0.0002698,0.0002705,0.000269,0.0002692,12221040.0
1765007700000,2025-12-06 09:55:00,0.0002692,0.0002708,0.0002683,0.0002683,24811620.0
1765008000000,2025-12-06 10:00:00,0.0002683,0.0002691,0.0002658,0.0002668,163780690.0
1765008300000,2025-12-06 10:05:00,0.0002668,0.0002731,0.0002668,0.0002712,150279330.0
1765008600000,2025-12-06 10:10:00,0.0002712,0.0002721,0.0002703,0.0002716,50319570.0
1765008900000,2025-12-06 10:15:00,0.0002716,0.0002739,0.0002699,0.0002699,51614740.0
1765009200000,2025-12-06 10:20:00,0.0002699,0.0002699,0.0002671,0.0002671,20781790.0
1765009500000,2025-12-06 10:25:00,0.0002671,0.0002674,0.0002644,0.0002652,36303090.0
1765009800000,2025-12-06 10:30:00,0.0002652,0.0002656,0.0002639,0.0002655,55288350.0
1765010100000,2025-12-06 10:35:00,0.0002655,0.0002662,0.000265,0.0002657,31908280.0
1765010400000,2025-12-06 10:40:00,0.0002657,0.0002657,0.0002641,0.0002642,24574320.0
1765010700000,2025-12-06 10:45:00,0.0002642,0.0002655,0.0002639,0.0002647,29813050.0
1765011000000,2025-12-06 10:50:00,0.0002647,0.0002658,0.0002642,0.0002643,18689140.0
1765011300000,2025-12-06 10:55:00,0.0002643,0.0002647,0.0002631,0.0002641,37396540.0
1765011600000,2025-12-06 11:00:00,0.0002641,0.0002655,0.000264,0.0002645,13202050.0
1765011900000,2025-12-06 11:05:00,0.0002645,0.0002653,0.0002644,0.0002644,8867950.0
1765012200000,2025-12-06 11:10:00,0.0002644,0.0002658,0.0002644,0.0002648,13045530.0
1765012500000,2025-12-06 11:15:00,0.0002648,0.0002651,0.0002636,0.0002636,10574540.0
1765012800000,2025-12-06 11:20:00,0.0002636,0.0002643,0.0002632,0.0002633,17693060.0
1765013100000,2025-12-06 11:25:00,0.0002633,0.0002634,0.0002626,0.0002629,19381790.0
1765013400000,2025-12-06 11:30:00,0.0002629,0.0002633,0.0002621,0.0002627,16023490.0
1765013700000,2025-12-06 11:35:00,0.0002627,0.0002634,0.000262,0.0002626,14459540.0
1765014000000,2025-12-06 11:40:00,0.0002626,0.0002627,0.0002623,0.0002623,9228090.0
1765014300000,2025-12-06 11:45:00,0.0002623,0.0002634,0.0002622,0.0002631,12147190.0
1765014600000,2025-12-06 11:50:00,0.0002631,0.0002632,0.0002624,0.0002626,7495820.0
1765014900000,2025-12-06 11:55:00,0.0002626,0.0002633,0.0002623,0.0002623,13223110.0
1765015200000,2025-12-06 12:00:00,0.0002623,0.0002628,0.0002607,0.0002614,24109540.0
1765015500000,2025-12-06 12:05:00,0.0002614,0.0002617,0.0002608,0.0002616,10889840.0
1765015800000,2025-12-06 12:10:00,0.0002616,0.0002616,0.000261,0.0002612,5639410.0
1765016100000,2025-12-06 12:15:00,0.0002612,0.0002618,0.0002611,0.0002614,9417340.0
1765016400000,2025-12-06 12:20:00,0.0002614,0.0002645,0.0002614,0.0002645,48672790.0
1765016700000,2025-12-06 12:25:00,0.0002645,0.0002645,0.000263,0.0002641,6687370.0
1765017000000,2025-12-06 12:30:00,0.0002641,0.0002641,0.0002634,0.0002638,5561710.0
1765017300000,2025-12-06 12:35:00,0.0002638,0.0002638,0.0002634,0.0002638,6369670.0
1765017600000,2025-12-06 12:40:00,0.0002638,0.000264,0.0002632,0.0002639,24349800.0
1765017900000,2025-12-06 12:45:00,0.0002639,0.0002642,0.0002632,0.0002636,76226280.0
1765018200000,2025-12-06 12:50:00,0.0002636,0.0002637,0.0002631,0.0002633,13550270.0
1765018500000,2025-12-06 12:55:00,0.0002633,0.0002637,0.0002628,0.0002632,6772630.0
1765018800000,2025-12-06 13:00:00,0.0002632,0.0002633,0.0002623,0.0002628,27769740.0
1765019100000,2025-12-06 13:05:00,0.0002628,0.0002649,0.0002623,0.000264,57838990.0
1765019400000,2025-12-06 13:10:00,0.000264,0.0002643,0.0002632,0.0002632,12233620.0
1765019700000,2025-12-06 13:15:00,0.0002632,0.0002637,0.000263,0.0002636,1969980.0
1765020000000,2025-12-06 13:20:00,0.0002636,0.0002637,0.0002627,0.0002631,10552070.0
1765020300000,2025-12-06 13:25:00,0.0002631,0.0002635,0.0002628,0.0002631,6070410.0
1765020600000,2025-12-06 13:30:00,0.0002631,0.0002633,0.0002629,0.0002632,7163530.0
1765020900000,2025-12-06 13:35:00,0.0002632,0.0002643,0.0002631,0.0002643,23647440.0
1765021200000,2025-12-06 13:40:00,0.0002643,0.0002658,0.0002641,0.0002652,15077680.0
1765021500000,2025-12-06 13:45:00,0.0002652,0.0002653,0.0002649,0.000265,6422830.0
1765021800000,2025-12-06 13:50:00,0.000265,0.0002652,0.0002639,0.0002639,7817000.0
1765022100000,2025-12-06 13:55:00,0.0002639,0.0002644,0.0002639,0.0002641,2674660.0
1765022400000,2025-12-06 14:00:00,0.0002641,0.0002644,0.0002641,0.0002643,5510370.0
1765022700000,2025-12-06 14:05:00,0.0002643,0.0002649,0.0002637,0.0002637,11866580.0
1765023000000,2025-12-06 14:10:00,0.0002637,0.0002644,0.0002636,0.0002638,4588590.0
1765023300000,2025-12-06 14:15:00,0.0002638,0.0002652,0.0002638,0.0002651,12396660.0
1765023600000,2025-12-06 14:20:00,0.0002651,0.0002651,0.0002639,0.0002639,6172380.0
1765023900000,2025-12-06 14:25:00,0.0002639,0.0002643,0.0002637,0.0002642,4806820.0
1765024200000,2025-12-06 14:30:00,0.0002642,0.0002647,0.0002642,0.0002643,2342040.0
1765024500000,2025-12-06 14:35:00,0.0002643,0.0002648,0.0002637,0.0002637,6378620.0
1765024800000,2025-12-06 14:40:00,0.0002637,0.0002646,0.0002636,0.0002643,3903540.0
1765025100000,2025-12-06 14:45:00,0.0002643,0.0002648,0.0002643,0.0002646,6794130.0
1765025400000,2025-12-06 14:50:00,0.0002646,0.0002646,0.0002639,0.0002639,10829120.0
1765025700000,2025-12-06 14:55:00,0.0002639,0.0002643,0.0002639,0.0002639,7192070.0
1765026000000,2025-12-06 15:00:00,0.0002639,0.0002653,0.0002636,0.0002651,16392140.0
1765026300000,2025-12-06 15:05:00,0.0002651,0.0002651,0.000264,0.0002643,10344890.0
1765026600000,2025-12-06 15:10:00,0.0002643,0.0002648,0.0002641,0.0002647,1601170.0
1765026900000,2025-12-06 15:15:00,0.0002647,0.0002648,0.000264,0.0002643,1536140.0
1765027200000,2025-12-06 15:20:00,0.0002643,0.0002644,0.0002638,0.000264,1883470.0
1765027500000,2025-12-06 15:25:00,0.000264,0.0002644,0.000264,0.0002643,308780.0
1765027800000,2025-12-06 15:30:00,0.0002643,0.0002645,0.0002636,0.0002636,4333090.0
1765028100000,2025-12-06 15:35:00,0.0002636,0.0002647,0.0002636,0.0002645,4080280.0
1765028400000,2025-12-06 15:40:00,0.0002645,0.0002654,0.0002644,0.000265,4321470.0
1765028700000,2025-12-06 15:45:00,0.000265,0.0002655,0.0002645,0.0002645,9196710.0
1765029000000,2025-12-06 15:50:00,0.0002645,0.0002645,0.0002637,0.0002637,4532350.0
1765029300000,2025-12-06 15:55:00,0.0002637,0.000264,0.0002635,0.0002638,3890080.0
1765029600000,2025-12-06 16:00:00,0.0002638,0.000264,0.0002629,0.0002629,13794620.0
1765029900000,2025-12-06 16:05:00,0.0002629,0.0002644,0.0002629,0.0002641,13620940.0
1765030200000,2025-12-06 16:10:00,0.0002641,0.0002652,0.0002641,0.000265,15999360.0
1765030500000,2025-12-06 16:15:00,0.000265,0.0002657,0.0002647,0.0002653,19203500.0
1765030800000,2025-12-06 16:20:00,0.0002653,0.0002655,0.0002645,0.0002645,8725490.0
1765031100000,2025-12-06 16:25:00,0.0002645,0.0002651,0.0002644,0.0002648,4400060.0
1765031400000,2025-12-06 16:30:00,0.0002648,0.0002653,0.0002646,0.0002647,8497540.0
1765031700000,2025-12-06 16:35:00,0.0002647,0.0002649,0.0002645,0.0002645,3239360.0
1765032000000,2025-12-06 16:40:00,0.0002645,0.0002648,0.0002643,0.0002647,1821890.0
1765032300000,2025-12-06 16:45:00,0.0002647,0.0002651,0.0002636,0.0002641,6429830.0
1765032600000,2025-12-06 16:50:00,0.0002641,0.0002644,0.0002639,0.0002643,3344660.0
1765032900000,2025-12-06 16:55:00,0.0002643,0.0002644,0.0002637,0.0002637,3668330.0
1765033200000,2025-12-06 17:00:00,0.0002637,0.0002639,0.0002628,0.0002629,6997140.0
1765033500000,2025-12-06 17:05:00,0.0002629,0.0002631,0.0002626,0.000263,8153540.0
1765033800000,2025-12-06 17:10:00,0.000263,0.0002634,0.000263,0.0002632,5263000.0
1765034100000,2025-12-06 17:15:00,0.0002632,0.0002635,0.0002622,0.0002625,40224360.0
1765034400000,2025-12-06 17:20:00,0.0002625,0.000263,0.0002623,0.000263,3013250.0
1765034700000,2025-12-06 17:25:00,0.000263,0.0002637,0.0002628,0.0002637,50264700.0
1765035000000,2025-12-06 17:30:00,0.0002637,0.0002644,0.0002633,0.0002637,6951730.0
1765035300000,2025-12-06 17:35:00,0.0002637,0.0002649,0.0002637,0.0002643,4581760.0
1765035600000,2025-12-06 17:40:00,0.0002643,0.000265,0.0002643,0.0002647,8276460.0
1765035900000,2025-12-06 17:45:00,0.0002647,0.0002656,0.0002647,0.0002651,4764920.0
1765036200000,2025-12-06 17:50:00,0.0002651,0.0002655,0.0002651,0.0002654,1740240.0
1765036500000,2025-12-06 17:55:00,0.0002654,0.0002654,0.0002646,0.0002646,13863100.0
1765036800000,2025-12-06 18:00:00,0.0002646,0.0002647,0.0002641,0.0002642,5952020.0
1765037100000,2025-12-06 18:05:00,0.0002642,0.0002644,0.000264,0.0002643,3571600.0
1765037400000,2025-12-06 18:10:00,0.0002643,0.0002653,0.0002643,0.0002651,4276930.0
1765037700000,2025-12-06 18:15:00,0.0002651,0.0002661,0.000265,0.0002657,29304460.0
1765038000000,2025-12-06 18:20:00,0.0002657,0.0002657,0.0002646,0.0002646,9386950.0
1765038300000,2025-12-06 18:25:00,0.0002646,0.0002646,0.0002635,0.0002635,9427940.0
1765038600000,2025-12-06 18:30:00,0.0002635,0.0002647,0.0002635,0.0002647,4368440.0
1765038900000,2025-12-06 18:35:00,0.0002647,0.0002649,0.0002645,0.0002647,5638750.0
1765039200000,2025-12-06 18:40:00,0.0002647,0.0002648,0.0002641,0.0002645,7018200.0
1765039500000,2025-12-06 18:45:00,0.0002645,0.0002645,0.000264,0.0002642,3383100.0
1765039800000,2025-12-06 18:50:00,0.0002642,0.0002642,0.0002637,0.0002641,14126670.0
1765040100000,2025-12-06 18:55:00,0.0002641,0.0002647,0.0002641,0.0002643,2440860.0
1765040400000,2025-12-06 19:00:00,0.0002643,0.0002649,0.0002641,0.0002646,9778880.0
1765040700000,2025-12-06 19:05:00,0.0002646,0.0002653,0.0002646,0.0002653,11667510.0
1765041000000,2025-12-06 19:10:00,0.0002653,0.0002702,0.0002653,0.0002699,137177490.0
1765041300000,2025-12-06 19:15:00,0.0002699,0.0002713,0.0002679,0.0002697,90356020.0
1765041600000,2025-12-06 19:20:00,0.0002697,0.0002712,0.0002689,0.0002703,24707500.0
1765041900000,2025-12-06 19:25:00,0.0002703,0.0002703,0.0002672,0.0002684,22012530.0
1765042200000,2025-12-06 19:30:00,0.0002684,0.0002689,0.0002671,0.0002672,14875860.0
1765042500000,2025-12-06 19:35:00,0.0002672,0.0002678,0.000267,0.0002671,25730970.0
1765042800000,2025-12-06 19:40:00,0.0002671,0.000268,0.0002664,0.0002665,10655520.0
1765043100000,2025-12-06 19:45:00,0.0002665,0.0002672,0.0002664,0.0002671,10257740.0
1765043400000,2025-12-06 19:50:00,0.0002671,0.0002674,0.0002664,0.0002667,6373200.0
1765043700000,2025-12-06 19:55:00,0.0002667,0.0002674,0.0002666,0.0002668,3372240.0
1765044000000,2025-12-06 20:00:00,0.0002668,0.0002668,0.0002654,0.0002655,13980970.0
1765044300000,2025-12-06 20:05:00,0.0002655,0.0002663,0.0002653,0.0002663,16129050.0
1765044600000,2025-12-06 20:10:00,0.0002663,0.0002691,0.0002662,0.0002691,24345680.0
1765044900000,2025-12-06 20:15:00,0.0002691,0.0002691,0.0002673,0.0002681,23543220.0
1765045200000,2025-12-06 20:20:00,0.0002681,0.0002685,0.0002675,0.000268,9313540.0
1765045500000,2025-12-06 20:25:00,0.000268,0.0002682,0.0002673,0.0002673,3152280.0
1765045800000,2025-12-06 20:30:00,0.0002673,0.0002677,0.0002668,0.0002673,13238380.0
1765046100000,2025-12-06 20:35:00,0.0002673,0.000268,0.0002671,0.0002679,3715230.0
1765046400000,2025-12-06 20:40:00,0.0002679,0.0002697,0.0002675,0.0002689,11034580.0
1765046700000,2025-12-06 20:45:00,0.0002689,0.0002694,0.0002686,0.0002689,5022410.0
1765047000000,2025-12-06 20:50:00,0.0002689,0.00027,0.0002686,0.0002699,11975290.0
1765047300000,2025-12-06 20:55:00,0.0002699,0.0002699,0.0002683,0.0002684,3594950.0
1765047600000,2025-12-06 21:00:00,0.0002684,0.0002684,0.0002665,0.0002683,8766650.0
1765047900000,2025-12-06 21:05:00,0.0002683,0.0002683,0.0002665,0.0002667,13194620.0
1765048200000,2025-12-06 21:10:00,0.0002667,0.0002674,0.0002664,0.0002665,11684310.0
1765048500000,2025-12-06 21:15:00,0.0002665,0.0002668,0.0002659,0.0002661,6310320.0
1765048800000,2025-12-06 21:20:00,0.0002661,0.0002661,0.0002651,0.0002654,9238320.0
1765049100000,2025-12-06 21:25:00,0.0002654,0.0002657,0.0002647,0.0002656,5825200.0
1765049400000,2025-12-06 21:30:00,0.0002656,0.0002657,0.0002648,0.0002653,6649970.0
1765049700000,2025-12-06 21:35:00,0.0002653,0.0002658,0.0002646,0.0002647,14482900.0
1765050000000,2025-12-06 21:40:00,0.0002647,0.0002656,0.0002646,0.0002649,12700750.0
1765050300000,2025-12-06 21:45:00,0.0002649,0.0002652,0.0002643,0.0002649,6808470.0
1765050600000,2025-12-06 21:50:00,0.0002649,0.0002652,0.0002638,0.0002644,11043500.0
1765050900000,2025-12-06 21:55:00,0.0002644,0.0002646,0.0002641,0.0002644,5911480.0
1765051200000,2025-12-06 22:00:00,0.0002644,0.0002656,0.0002643,0.0002652,24688520.0
1765051500000,2025-12-06 22:05:00,0.0002652,0.0002654,0.0002646,0.0002646,2775100.0
1765051800000,2025-12-06 22:10:00,0.0002646,0.0002649,0.0002643,0.0002648,2578170.0
1765052100000,2025-12-06 22:15:00,0.0002648,0.0002648,0.0002645,0.0002646,2726160.0
1765052400000,2025-12-06 22:20:00,0.0002646,0.0002649,0.0002643,0.0002647,3970550.0
1765052700000,2025-12-06 22:25:00,0.0002647,0.0002647,0.0002644,0.0002645,1119730.0
1765053000000,2025-12-06 22:30:00,0.0002645,0.0002645,0.000264,0.0002642,6463810.0
1765053300000,2025-12-06 22:35:00,0.0002642,0.0002643,0.0002639,0.0002642,5925350.0
1765053600000,2025-12-06 22:40:00,0.0002642,0.0002646,0.0002639,0.0002643,5213600.0
1765053900000,2025-12-06 22:45:00,0.0002643,0.0002649,0.0002643,0.0002648,3683070.0
1765054200000,2025-12-06 22:50:00,0.0002648,0.000265,0.0002646,0.0002648,3528660.0
1765054500000,2025-12-06 22:55:00,0.0002648,0.0002648,0.0002645,0.0002645,1142640.0
1765054800000,2025-12-06 23:00:00,0.0002645,0.0002649,0.0002642,0.0002649,6965720.0
1765055100000,2025-12-06 23:05:00,0.0002649,0.0002659,0.0002635,0.0002635,51354480.0
1765055400000,2025-12-06 23:10:00,0.0002635,0.0002646,0.0002632,0.0002638,13500260.0
1765055700000,2025-12-06 23:15:00,0.0002638,0.0002641,0.0002637,0.0002639,1662160.0
1765056000000,2025-12-06 23:20:00,0.0002639,0.0002641,0.0002637,0.0002637,4720090.0
1765056300000,2025-12-06 23:25:00,0.0002637,0.0002637,0.0002626,0.0002634,11124820.0
1765056600000,2025-12-06 23:30:00,0.0002634,0.0002636,0.0002631,0.0002634,9679590.0
1765056900000,2025-12-06 23:35:00,0.0002634,0.0002639,0.000263,0.000263,29555700.0
1765057200000,2025-12-06 23:40:00,0.000263,0.0002639,0.0002628,0.0002634,30614880.0
1765057500000,2025-12-06 23:45:00,0.0002634,0.0002642,0.0002633,0.0002642,3869180.0
1765057800000,2025-12-06 23:50:00,0.0002642,0.0002642,0.0002638,0.0002638,3185120.0
1765058100000,2025-12-06 23:55:00,0.0002638,0.0002642,0.0002637,0.0002637,2928920.0
1765058400000,2025-12-07 00:00:00,0.0002637,0.0002637,0.0002633,0.0002635,1732920.0
1765058700000,2025-12-07 00:05:00,0.0002635,0.0002643,0.0002635,0.0002638,1918530.0
1765059000000,2025-12-07 00:10:00,0.0002638,0.0002646,0.0002638,0.0002646,1099330.0
1765059300000,2025-12-07 00:15:00,0.0002646,0.0002646,0.0002642,0.0002643,590190.0
1765059600000,2025-12-07 00:20:00,0.0002643,0.0002643,0.0002641,0.0002641,1088760.0
1765059900000,2025-12-07 00:25:00,0.0002641,0.0002645,0.0002641,0.0002645,274660.0
1765060200000,2025-12-07 00:30:00,0.0002645,0.0002649,0.0002642,0.0002646,1889700.0
1765060500000,2025-12-07 00:35:00,0.0002646,0.0002648,0.0002646,0.0002647,472600.0
1765060800000,2025-12-07 00:40:00,0.0002647,0.0002656,0.0002646,0.0002656,15230460.0
1765061100000,2025-12-07 00:45:00,0.0002656,0.0002658,0.0002652,0.0002656,21270520.0
1765061400000,2025-12-07 00:50:00,0.0002656,0.0002658,0.0002655,0.0002656,62945600.0
1765061700000,2025-12-07 00:55:00,0.0002656,0.0002665,0.0002652,0.0002654,297703290.0
1765062000000,2025-12-07 01:00:00,0.0002654,0.0002655,0.0002647,0.0002649,13587130.0
1765062300000,2025-12-07 01:05:00,0.0002649,0.0002653,0.0002648,0.000265,23191150.0
1765062600000,2025-12-07 01:10:00,0.000265,0.0002654,0.000265,0.0002652,11869080.0
1765062900000,2025-12-07 01:15:00,0.0002652,0.0002661,0.0002652,0.0002661,68621630.0
1765063200000,2025-12-07 01:20:00,0.0002661,0.0002672,0.000266,0.0002664,42373970.0
1765063500000,2025-12-07 01:25:00,0.0002664,0.0002664,0.0002657,0.000266,27760330.0
1765063800000,2025-12-07 01:30:00,0.000266,0.0002667,0.000266,0.0002667,11107330.0
1765064100000,2025-12-07 01:35:00,0.0002667,0.0002671,0.0002664,0.000267,17902910.0
1765064400000,2025-12-07 01:40:00,0.000267,0.0002671,0.0002667,0.0002669,56143110.0
1765064700000,2025-12-07 01:45:00,0.0002669,0.0002676,0.0002664,0.0002664,13157040.0
1765065000000,2025-12-07 01:50:00,0.0002664,0.0002664,0.0002655,0.0002662,31495950.0
1765065300000,2025-12-07 01:55:00,0.0002662,0.0002664,0.0002659,0.0002661,7595550.0
1765065600000,2025-12-07 02:00:00,0.0002661,0.0002661,0.000264,0.0002651,72752360.0
1765065900000,2025-12-07 02:05:00,0.0002651,0.0002662,0.000265,0.0002662,276154930.0
1765066200000,2025-12-07 02:10:00,0.0002662,0.0002666,0.0002661,0.0002662,128850680.0
1765066500000,2025-12-07 02:15:00,0.0002662,0.0002662,0.0002653,0.0002654,23452870.0
1765066800000,2025-12-07 02:20:00,0.0002654,0.0002665,0.0002652,0.0002665,38160290.0
1765067100000,2025-12-07 02:25:00,0.0002665,0.0002666,0.0002662,0.0002663,10621510.0
1765067400000,2025-12-07 02:30:00,0.0002663,0.0002663,0.0002658,0.0002658,21522680.0
1765067700000,2025-12-07 02:35:00,0.0002658,0.0002664,0.0002658,0.0002664,59068770.0
1765068000000,2025-12-07 02:40:00,0.0002664,0.0002667,0.0002663,0.0002665,97849640.0
1765068300000,2025-12-07 02:45:00,0.0002665,0.0002681,0.0002663,0.000268,56594610.0
1765068600000,2025-12-07 02:50:00,0.000268,0.000269,0.0002674,0.0002677,10951360.0
1765068900000,2025-12-07 02:55:00,0.0002677,0.0002677,0.0002673,0.0002674,15290600.0
1765069200000,2025-12-07 03:00:00,0.0002674,0.0002678,0.000267,0.0002672,7843150.0
1765069500000,2025-12-07 03:05:00,0.0002672,0.0002676,0.0002667,0.0002673,16123170.0
1765069800000,2025-12-07 03:10:00,0.0002673,0.000268,0.0002672,0.0002678,7098630.0
1765070100000,2025-12-07 03:15:00,0.0002678,0.000268,0.0002676,0.000268,1349090.0
1765070400000,2025-12-07 03:20:00,0.000268,0.0002685,0.0002678,0.0002678,4342780.0
1765070700000,2025-12-07 03:25:00,0.0002678,0.0002678,0.0002673,0.0002674,7622140.0
1765071000000,2025-12-07 03:30:00,0.0002674,0.0002676,0.0002671,0.0002671,2442550.0
1765071300000,2025-12-07 03:35:00,0.0002671,0.0002672,0.000267,0.0002671,1382510.0
1765071600000,2025-12-07 03:40:00,0.0002671,0.0002673,0.0002669,0.0002671,6250030.0
1765071900000,2025-12-07 03:45:00,0.0002671,0.0002671,0.0002666,0.0002666,4184330.0
1765072200000,2025-12-07 03:50:00,0.0002666,0.0002668,0.0002663,0.0002664,2608600.0
1765072500000,2025-12-07 03:55:00,0.0002664,0.0002666,0.000266,0.000266,3314760.0
1765072800000,2025-12-07 04:00:00,0.000266,0.0002668,0.000266,0.0002667,6187870.0
1765073100000,2025-12-07 04:05:00,0.0002667,0.0002673,0.0002667,0.0002671,679080.0
1765073400000,2025-12-07 04:10:00,0.0002671,0.0002674,0.000267,0.0002671,1240760.0
1765073700000,2025-12-07 04:15:00,0.0002671,0.0002673,0.000267,0.0002672,2275120.0
1765074000000,2025-12-07 04:20:00,0.0002672,0.0002672,0.0002671,0.0002672,867990.0
1765074300000,2025-12-07 04:25:00,0.0002672,0.0002672,0.000267,0.0002671,2277850.0
1765074600000,2025-12-07 04:30:00,0.0002671,0.0002671,0.0002669,0.000267,2825130.0
1765074900000,2025-12-07 04:35:00,0.000267,0.000267,0.0002663,0.0002663,5219350.0
1765075200000,2025-12-07 04:40:00,0.0002663,0.0002663,0.0002662,0.0002662,2520920.0
1765075500000,2025-12-07 04:45:00,0.0002662,0.0002663,0.0002655,0.0002656,8471420.0
1765075800000,2025-12-07 04:50:00,0.0002656,0.0002665,0.0002653,0.0002665,3455430.0
1765076100000,2025-12-07 04:55:00,0.0002665,0.0002671,0.0002665,0.0002671,3368600.0
1765076400000,2025-12-07 05:00:00,0.0002671,0.0002673,0.0002668,0.0002668,4161520.0
1765076700000,2025-12-07 05:05:00,0.0002668,0.0002672,0.0002666,0.0002669,5005130.0
1765077000000,2025-12-07 05:10:00,0.0002669,0.0002672,0.0002667,0.0002672,1736350.0
1765077300000,2025-12-07 05:15:00,0.0002672,0.0002673,0.0002671,0.0002673,3678470.0
1765077600000,2025-12-07 05:20:00,0.0002673,0.0002677,0.0002672,0.0002675,8095070.0
1765077900000,2025-12-07 05:25:00,0.0002675,0.0002677,0.0002674,0.0002676,9329920.0
1765078200000,2025-12-07 05:30:00,0.0002676,0.0002686,0.0002674,0.0002686,11535180.0
1765078500000,2025-12-07 05:35:00,0.0002686,0.0002689,0.0002683,0.0002686,2738660.0
1765078800000,2025-12-07 05:40:00,0.0002686,0.0002687,0.0002682,0.0002684,3881610.0
1765079100000,2025-12-07 05:45:00,0.0002684,0.0002684,0.0002682,0.0002682,4009370.0
1765079400000,2025-12-07 05:50:00,0.0002682,0.0002686,0.000268,0.0002686,9730610.0
1765079700000,2025-12-07 05:55:00,0.0002686,0.0002687,0.0002683,0.0002683,1171800.0
1765080000000,2025-12-07 06:00:00,0.0002683,0.0002684,0.000268,0.0002683,4929090.0
1765080300000,2025-12-07 06:05:00,0.0002683,0.0002689,0.0002683,0.0002685,8154740.0
1765080600000,2025-12-07 06:10:00,0.0002685,0.0002686,0.0002685,0.0002686,432330.0
1765080900000,2025-12-07 06:15:00,0.0002686,0.0002688,0.0002685,0.0002687,6196750.0
1765081200000,2025-12-07 06:20:00,0.0002687,0.0002687,0.0002677,0.0002679,8992430.0
1765081500000,2025-12-07 06:25:00,0.0002679,0.000268,0.0002677,0.000268,3725610.0
1765081800000,2025-12-07 06:30:00,0.000268,0.0002683,0.0002677,0.0002682,11464300.0
1765082100000,2025-12-07 06:35:00,0.0002682,0.0002684,0.0002677,0.0002681,6760540.0
1765082400000,2025-12-07 06:40:00,0.0002681,0.0002682,0.0002666,0.0002669,9136480.0
1765082700000,2025-12-07 06:45:00,0.0002669,0.0002673,0.0002668,0.0002672,9178620.0
1765083000000,2025-12-07 06:50:00,0.0002672,0.0002672,0.0002668,0.000267,6959220.0
1765083300000,2025-12-07 06:55:00,0.000267,0.000267,0.0002661,0.0002663,6141030.0
1765083600000,2025-12-07 07:00:00,0.0002663,0.0002669,0.0002661,0.0002664,6802040.0
1765083900000,2025-12-07 07:05:00,0.0002664,0.0002664,0.0002661,0.0002663,3840780.0
1765084200000,2025-12-07 07:10:00,0.0002663,0.0002667,0.0002662,0.0002666,7886060.0
1765084500000,2025-12-07 07:15:00,0.0002666,0.000267,0.0002665,0.0002668,4015110.0
1765084800000,2025-12-07 07:20:00,0.0002668,0.000267,0.0002666,0.000267,1391340.0
1765085100000,2025-12-07 07:25:00,0.000267,0.0002677,0.000267,0.0002674,4509080.0
1765085400000,2025-12-07 07:30:00,0.0002674,0.0002679,0.0002673,0.0002679,595180.0
1765085700000,2025-12-07 07:35:00,0.0002679,0.0002682,0.0002679,0.0002681,939850.0
1765086000000,2025-12-07 07:40:00,0.0002681,0.0002682,0.0002677,0.000268,8553040.0
1765086300000,2025-12-07 07:45:00,0.000268,0.000268,0.0002674,0.0002674,2106600.0
1765086600000,2025-12-07 07:50:00,0.0002674,0.0002676,0.0002674,0.0002676,2128840.0
1765086900000,2025-12-07 07:55:00,0.0002676,0.0002678,0.0002676,0.0002678,5215610.0
1765087200000,2025-12-07 08:00:00,0.0002678,0.0002679,0.0002675,0.0002677,3881220.0
1765087500000,2025-12-07 08:05:00,0.0002677,0.0002681,0.0002677,0.0002681,9003030.0
1765087800000,2025-12-07 08:10:00,0.0002681,0.0002681,0.0002678,0.0002679,1667250.0
1765088100000,2025-12-07 08:15:00,0.0002679,0.0002679,0.0002675,0.0002677,3184610.0
1765088400000,2025-12-07 08:20:00,0.0002677,0.0002681,0.0002676,0.0002677,3659790.0
1765088700000,2025-12-07 08:25:00,0.0002677,0.0002677,0.0002671,0.0002673,4688350.0
1765089000000,2025-12-07 08:30:00,0.0002673,0.0002673,0.0002669,0.0002673,6616370.0
1765089300000,2025-12-07 08:35:00,0.0002673,0.0002678,0.0002673,0.0002675,3262430.0
1765089600000,2025-12-07 08:40:00,0.0002675,0.0002679,0.0002673,0.0002676,6355750.0
1765089900000,2025-12-07 08:45:00,0.0002676,0.0002679,0.0002676,0.0002677,956170.0
1765090200000,2025-12-07 08:50:00,0.0002677,0.0002677,0.0002673,0.0002677,2561050.0
1765090500000,2025-12-07 08:55:00,0.0002677,0.0002681,0.0002677,0.0002678,10602600.0
1765090800000,2025-12-07 09:00:00,0.0002678,0.0002683,0.0002677,0.0002682,7099860.0
1765091100000,2025-12-07 09:05:00,0.0002682,0.0002682,0.0002679,0.0002679,2886980.0
1765091400000,2025-12-07 09:10:00,0.0002679,0.0002687,0.0002674,0.0002686,65063130.0
1765091700000,2025-12-07 09:15:00,0.0002686,0.0002687,0.000268,0.000268,8111540.0
1765092000000,2025-12-07 09:20:00,0.000268,0.000268,0.0002676,0.0002678,11262540.0
1765092300000,2025-12-07 09:25:00,0.0002678,0.0002678,0.0002677,0.0002677,607210.0
1765092600000,2025-12-07 09:30:00,0.0002677,0.0002677,0.0002671,0.0002673,3941970.0
1765092900000,2025-12-07 09:35:00,0.0002673,0.0002679,0.0002667,0.0002679,15551370.0
1765093200000,2025-12-07 09:40:00,0.0002679,0.0002682,0.0002675,0.0002675,9865370.0
1765093500000,2025-12-07 09:45:00,0.0002675,0.000268,0.0002675,0.0002679,2962610.0
1765093800000,2025-12-07 09:50:00,0.0002679,0.0002682,0.000267,0.000267,17161910.0
1765094100000,2025-12-07 09:55:00,0.000267,0.000267,0.000266,0.000266,10758970.0
1765094400000,2025-12-07 10:00:00,0.000266,0.000266,0.0002646,0.0002647,100847700.0
1765094700000,2025-12-07 10:05:00,0.0002647,0.0002649,0.0002643,0.0002649,9738200.0
1765095000000,2025-12-07 10:10:00,0.0002649,0.0002649,0.0002641,0.0002641,23224490.0
1765095300000,2025-12-07 10:15:00,0.0002641,0.0002644,0.0002631,0.0002633,62474000.0
1765095600000,2025-12-07 10:20:00,0.0002633,0.0002639,0.0002629,0.0002638,8666160.0
1765095900000,2025-12-07 10:25:00,0.0002638,0.0002641,0.0002637,0.0002641,5848830.0
1765096200000,2025-12-07 10:30:00,0.0002641,0.0002643,0.0002639,0.0002639,907840.0
1765096500000,2025-12-07 10:35:00,0.0002639,0.0002644,0.0002637,0.0002641,6217000.0
1765096800000,2025-12-07 10:40:00,0.0002641,0.0002643,0.0002639,0.0002641,2428240.0
1765097100000,2025-12-07 10:45:00,0.0002641,0.0002646,0.000264,0.0002642,6948440.0
1765097400000,2025-12-07 10:50:00,0.0002642,0.0002642,0.000264,0.0002641,630540.0
1765097700000,2025-12-07 10:55:00,0.0002641,0.0002641,0.0002633,0.0002633,2562360.0
1765098000000,2025-12-07 11:00:00,0.0002633,0.0002638,0.0002632,0.0002634,3925530.0
1765098300000,2025-12-07 11:05:00,0.0002634,0.0002636,0.0002632,0.0002636,1872020.0
1765098600000,2025-12-07 11:10:00,0.0002636,0.000265,0.0002635,0.0002647,4483100.0
1765098900000,2025-12-07 11:15:00,0.0002647,0.0002648,0.0002643,0.0002643,2601430.0
1765099200000,2025-12-07 11:20:00,0.0002643,0.0002651,0.0002638,0.0002643,11454790.0
1765099500000,2025-12-07 11:25:00,0.0002643,0.0002643,0.0002632,0.0002634,12267900.0
1765099800000,2025-12-07 11:30:00,0.0002634,0.0002635,0.000263,0.0002634,2353440.0
1765100100000,2025-12-07 11:35:00,0.0002634,0.0002634,0.0002632,0.0002633,1045910.0
1765100400000,2025-12-07 11:40:00,0.0002633,0.0002633,0.0002631,0.0002632,347140.0
1765100700000,2025-12-07 11:45:00,0.0002632,0.0002633,0.0002628,0.000263,4558170.0
1765101000000,2025-12-07 11:50:00,0.000263,0.0002632,0.0002629,0.000263,1028590.0
1765101300000,2025-12-07 11:55:00,0.000263,0.0002631,0.0002628,0.0002628,1429570.0
1765101600000,2025-12-07 12:00:00,0.0002628,0.0002629,0.0002626,0.0002629,5138560.0
1765101900000,2025-12-07 12:05:00,0.0002629,0.0002629,0.0002629,0.0002629,553460.0
1765102200000,2025-12-07 12:10:00,0.0002629,0.0002631,0.0002629,0.0002631,291470.0
1765102500000,2025-12-07 12:15:00,0.0002631,0.0002633,0.000263,0.0002633,2864520.0
1765102800000,2025-12-07 12:20:00,0.0002633,0.000264,0.0002633,0.0002637,2521630.0
1765103100000,2025-12-07 12:25:00,0.0002637,0.0002637,0.0002636,0.0002636,27200.0
1765103400000,2025-12-07 12:30:00,0.0002636,0.0002636,0.000263,0.000263,498290.0
1765103700000,2025-12-07 12:35:00,0.000263,0.000263,0.000263,0.000263,141640.0
1765104000000,2025-12-07 12:40:00,0.000263,0.0002635,0.000263,0.0002634,3777570.0
1765104300000,2025-12-07 12:45:00,0.0002634,0.0002636,0.0002634,0.0002636,431250.0
1765104600000,2025-12-07 12:50:00,0.0002636,0.0002637,0.0002636,0.0002637,40580.0
1765104900000,2025-12-07 12:55:00,0.0002637,0.0002637,0.0002633,0.0002633,1556850.0
1765105200000,2025-12-07 13:00:00,0.0002633,0.0002633,0.0002633,0.0002633,303830.0
1765105500000,2025-12-07 13:05:00,0.0002633,0.0002635,0.0002633,0.0002634,343160.0
1765105800000,2025-12-07 13:10:00,0.0002634,0.0002634,0.0002633,0.0002633,1448520.0
1765106100000,2025-12-07 13:15:00,0.0002633,0.0002636,0.0002633,0.0002636,465930.0
1765106400000,2025-12-07 13:20:00,0.0002636,0.0002636,0.0002633,0.0002635,553070.0
1765106700000,2025-12-07 13:25:00,0.0002635,0.000264,0.0002634,0.0002634,4885480.0
1765107000000,2025-12-07 13:30:00,0.0002634,0.0002643,0.0002634,0.0002641,8200680.0
1765107300000,2025-12-07 13:35:00,0.0002641,0.0002644,0.000264,0.0002642,2915800.0
1765107600000,2025-12-07 13:40:00,0.0002642,0.0002643,0.000264,0.000264,2209530.0
1765107900000,2025-12-07 13:45:00,0.000264,0.000264,0.000263,0.0002631,5374200.0
1765108200000,2025-12-07 13:50:00,0.0002631,0.0002638,0.0002631,0.0002638,4631730.0
1765108500000,2025-12-07 13:55:00,0.0002638,0.0002639,0.0002632,0.0002633,10990470.0
1765108800000,2025-12-07 14:00:00,0.0002633,0.0002635,0.0002632,0.0002635,1826270.0
1765109100000,2025-12-07 14:05:00,0.0002635,0.0002644,0.0002635,0.0002643,8883500.0
1765109400000,2025-12-07 14:10:00,0.0002643,0.0002644,0.0002641,0.0002642,7113120.0
1765109700000,2025-12-07 14:15:00,0.0002642,0.0002646,0.0002638,0.0002638,4766540.0
1765110000000,2025-12-07 14:20:00,0.0002638,0.0002638,0.0002637,0.0002638,3290480.0
1765110300000,2025-12-07 14:25:00,0.0002638,0.0002638,0.0002635,0.0002635,3865600.0
1765110600000,2025-12-07 14:30:00,0.0002635,0.0002637,0.0002633,0.0002633,2060190.0
1765110900000,2025-12-07 14:35:00,0.0002633,0.0002635,0.0002633,0.0002634,1789420.0
1765111200000,2025-12-07 14:40:00,0.0002634,0.0002635,0.0002631,0.0002635,4711880.0
1765111500000,2025-12-07 14:45:00,0.0002635,0.0002639,0.0002635,0.0002639,1174570.0
1765111800000,2025-12-07 14:50:00,0.0002639,0.0002639,0.0002632,0.0002632,2921740.0
1765112100000,2025-12-07 14:55:00,0.0002632,0.0002632,0.000262,0.0002622,23881210.0
1765112400000,2025-12-07 15:00:00,0.0002622,0.0002624,0.0002621,0.0002623,6578470.0
1765112700000,2025-12-07 15:05:00,0.0002623,0.0002628,0.0002621,0.0002628,10712360.0
1765113000000,2025-12-07 15:10:00,0.0002628,0.0002632,0.0002626,0.0002626,10107070.0
1765113300000,2025-12-07 15:15:00,0.0002626,0.0002641,0.0002625,0.000264,17220700.0
1765113600000,2025-12-07 15:20:00,0.000264,0.000264,0.0002613,0.000262,77600360.0
1765113900000,2025-12-07 15:25:00,0.000262,0.0002623,0.000262,0.0002621,3175630.0
1765114200000,2025-12-07 15:30:00,0.0002621,0.0002622,0.0002612,0.0002619,29642710.0
1765114500000,2025-12-07 15:35:00,0.0002619,0.000262,0.0002598,0.00026,23415940.0
1765114800000,2025-12-07 15:40:00,0.00026,0.0002605,0.0002594,0.0002603,22373590.0
1765115100000,2025-12-07 15:45:00,0.0002603,0.0002609,0.0002603,0.0002608,4744290.0
1765115400000,2025-12-07 15:50:00,0.0002608,0.000261,0.0002608,0.000261,440870.0
1765115700000,2025-12-07 15:55:00,0.000261,0.000261,0.0002609,0.0002609,70060.0
1765116000000,2025-12-07 16:00:00,0.0002609,0.0002609,0.0002596,0.0002596,8186440.0
1765116300000,2025-12-07 16:05:00,0.0002596,0.0002598,0.0002588,0.0002596,45926510.0
1765116600000,2025-12-07 16:10:00,0.0002596,0.0002599,0.0002593,0.0002594,23377030.0
1765116900000,2025-12-07 16:15:00,0.0002594,0.0002598,0.0002589,0.0002595,24152660.0
1765117200000,2025-12-07 16:20:00,0.0002595,0.0002596,0.0002568,0.0002568,23375970.0
1765117500000,2025-12-07 16:25:00,0.0002568,0.0002573,0.0002536,0.0002561,70140110.0
1765117800000,2025-12-07 16:30:00,0.0002561,0.0002569,0.0002557,0.0002569,25953550.0
1765118100000,2025-12-07 16:35:00,0.0002569,0.0002588,0.0002569,0.0002582,9952020.0
1765118400000,2025-12-07 16:40:00,0.0002582,0.0002584,0.0002575,0.0002584,9233390.0
1765118700000,2025-12-07 16:45:00,0.0002584,0.0002585,0.0002575,0.0002585,7281490.0
1765119000000,2025-12-07 16:50:00,0.0002585,0.0002585,0.0002579,0.000258,2544140.0
1765119300000,2025-12-07 16:55:00,0.000258,0.000258,0.0002574,0.0002575,18579000.0
1765119600000,2025-12-07 17:00:00,0.0002575,0.0002577,0.0002571,0.0002574,13955110.0
1765119900000,2025-12-07 17:05:00,0.0002574,0.0002605,0.0002573,0.0002603,25502100.0
1765120200000,2025-12-07 17:10:00,0.0002603,0.0002604,0.0002594,0.0002594,7280160.0
1765120500000,2025-12-07 17:15:00,0.0002594,0.0002597,0.0002588,0.0002588,4781670.0
1765120800000,2025-12-07 17:20:00,0.0002588,0.0002593,0.0002586,0.0002592,2267900.0
1765121100000,2025-12-07 17:25:00,0.0002592,0.0002599,0.0002591,0.0002593,18301650.0
1765121400000,2025-12-07 17:30:00,0.0002593,0.0002601,0.0002593,0.0002601,8221650.0
1765121700000,2025-12-07 17:35:00,0.0002601,0.0002609,0.00026,0.0002602,7192930.0
1765122000000,2025-12-07 17:40:00,0.0002602,0.000262,0.0002602,0.000262,11800620.0
1765122300000,2025-12-07 17:45:00,0.000262,0.0002624,0.0002615,0.0002618,18985010.0
1765122600000,2025-12-07 17:50:00,0.0002618,0.0002633,0.0002616,0.0002633,10213920.0
1765122900000,2025-12-07 17:55:00,0.0002633,0.0002649,0.0002632,0.0002642,46515580.0
1765123200000,2025-12-07 18:00:00,0.0002642,0.0002642,0.0002626,0.000263,17978100.0
1765123500000,2025-12-07 18:05:00,0.000263,0.000263,0.0002623,0.0002623,5668660.0
1765123800000,2025-12-07 18:10:00,0.0002623,0.0002627,0.0002618,0.0002626,5392500.0
1765124100000,2025-12-07 18:15:00,0.0002626,0.0002629,0.0002621,0.0002621,31219400.0
1765124400000,2025-12-07 18:20:00,0.0002621,0.0002624,0.0002612,0.0002612,120287030.0
1765124700000,2025-12-07 18:25:00,0.0002612,0.0002613,0.0002607,0.0002609,37217010.0
1765125000000,2025-12-07 18:30:00,0.0002609,0.0002614,0.0002607,0.0002607,7683360.0
1765125300000,2025-12-07 18:35:00,0.0002607,0.000261,0.0002601,0.0002606,40643960.0
1765125600000,2025-12-07 18:40:00,0.0002606,0.0002608,0.0002605,0.0002608,1497410.0
1765125900000,2025-12-07 18:45:00,0.0002608,0.0002608,0.0002603,0.0002603,5577710.0
1765126200000,2025-12-07 18:50:00,0.0002603,0.0002607,0.0002595,0.0002597,14474760.0
1765126500000,2025-12-07 18:55:00,0.0002597,0.0002608,0.0002596,0.0002608,4421670.0
1765126800000,2025-12-07 19:00:00,0.0002608,0.0002611,0.0002603,0.0002606,12173350.0
1765127100000,2025-12-07 19:05:00,0.0002606,0.0002608,0.0002602,0.0002608,3729400.0
1765127400000,2025-12-07 19:10:00,0.0002608,0.0002612,0.0002606,0.0002612,1522020.0
1765127700000,2025-12-07 19:15:00,0.0002612,0.0002628,0.0002612,0.000262,37803330.0
1765128000000,2025-12-07 19:20:00,0.000262,0.0002627,0.0002617,0.0002623,20524640.0
1765128300000,2025-12-07 19:25:00,0.0002623,0.0002634,0.0002623,0.0002633,6844380.0
1765128600000,2025-12-07 19:30:00,0.0002633,0.0002644,0.0002633,0.0002643,7628960.0
1765128900000,2025-12-07 19:35:00,0.0002643,0.0002648,0.0002638,0.0002641,26424110.0
1765129200000,2025-12-07 19:40:00,0.0002641,0.0002654,0.000264,0.0002648,32151490.0
1765129500000,2025-12-07 19:45:00,0.0002648,0.0002648,0.000264,0.0002641,13695970.0
1765129800000,2025-12-07 19:50:00,0.0002641,0.0002642,0.0002633,0.0002638,30758670.0
1765130100000,2025-12-07 19:55:00,0.0002638,0.0002638,0.0002634,0.0002636,5695690.0
1765130400000,2025-12-07 20:00:00,0.0002636,0.0002639,0.0002634,0.0002638,17838540.0
1765130700000,2025-12-07 20:05:00,0.0002638,0.0002643,0.0002637,0.0002641,4320380.0
1765131000000,2025-12-07 20:10:00,0.0002641,0.0002645,0.0002638,0.0002643,12912610.0
1765131300000,2025-12-07 20:15:00,0.0002643,0.0002649,0.0002643,0.0002647,9792620.0
1765131600000,2025-12-07 20:20:00,0.0002647,0.0002647,0.0002641,0.0002645,7822300.0
1765131900000,2025-12-07 20:25:00,0.0002645,0.000265,0.0002644,0.0002644,13033980.0
1765132200000,2025-12-07 20:30:00,0.0002644,0.0002649,0.0002644,0.0002648,14048280.0
1765132500000,2025-12-07 20:35:00,0.0002648,0.0002649,0.0002646,0.0002648,3545350.0
1765132800000,2025-12-07 20:40:00,0.0002648,0.0002649,0.0002643,0.0002648,7590000.0
1765133100000,2025-12-07 20:45:00,0.0002648,0.000265,0.0002644,0.0002648,2023830.0
1765133400000,2025-12-07 20:50:00,0.0002648,0.0002648,0.000264,0.000264,3800680.0
1765133700000,2025-12-07 20:55:00,0.000264,0.0002641,0.0002637,0.0002641,3432230.0
1765134000000,2025-12-07 21:00:00,0.0002641,0.0002642,0.0002639,0.0002639,1325880.0
1765134300000,2025-12-07 21:05:00,0.0002639,0.0002639,0.0002633,0.0002634,3379920.0
1765134600000,2025-12-07 21:10:00,0.0002634,0.0002637,0.0002629,0.0002629,6836160.0
1765134900000,2025-12-07 21:15:00,0.0002629,0.0002631,0.0002627,0.0002631,9102180.0
1765135200000,2025-12-07 21:20:00,0.0002631,0.0002631,0.0002623,0.0002625,18410360.0
1765135500000,2025-12-07 21:25:00,0.0002625,0.0002626,0.0002624,0.0002626,2335080.0
1765135800000,2025-12-07 21:30:00,0.0002626,0.0002631,0.0002624,0.0002628,8897080.0
1765136100000,2025-12-07 21:35:00,0.0002628,0.0002638,0.0002627,0.0002632,12587870.0
1765136400000,2025-12-07 21:40:00,0.0002632,0.0002645,0.0002632,0.0002643,6887030.0
1765136700000,2025-12-07 21:45:00,0.0002643,0.0002643,0.0002639,0.0002641,6884520.0
1765137000000,2025-12-07 21:50:00,0.0002641,0.0002641,0.000264,0.000264,39290.0
1765137300000,2025-12-07 21:55:00,0.000264,0.0002641,0.0002638,0.0002641,2055330.0
1765137600000,2025-12-07 22:00:00,0.0002641,0.0002642,0.0002639,0.0002639,5248140.0
1765137900000,2025-12-07 22:05:00,0.0002639,0.0002642,0.0002637,0.0002641,10857950.0
1765138200000,2025-12-07 22:10:00,0.0002641,0.0002643,0.0002641,0.0002643,373810.0
1765138500000,2025-12-07 22:15:00,0.0002643,0.0002644,0.0002643,0.0002643,193110.0
1765138800000,2025-12-07 22:20:00,0.0002643,0.0002644,0.0002643,0.0002643,378050.0
1765139100000,2025-12-07 22:25:00,0.0002643,0.0002646,0.0002643,0.0002646,1448430.0
1765139400000,2025-12-07 22:30:00,0.0002646,0.0002646,0.0002644,0.0002645,434580.0
1765139700000,2025-12-07 22:35:00,0.0002645,0.0002648,0.0002643,0.0002646,14358250.0
1765140000000,2025-12-07 22:40:00,0.0002646,0.0002649,0.0002646,0.0002649,624390.0
1765140300000,2025-12-07 22:45:00,0.0002649,0.0002649,0.0002642,0.0002646,3934240.0
1765140600000,2025-12-07 22:50:00,0.0002646,0.0002646,0.0002641,0.0002642,1474150.0
1765140900000,2025-12-07 22:55:00,0.0002642,0.0002642,0.0002639,0.0002639,2019470.0
1765141200000,2025-12-07 23:00:00,0.0002639,0.0002641,0.0002637,0.0002641,4512190.0
1765141500000,2025-12-07 23:05:00,0.0002641,0.0002644,0.0002639,0.0002639,8245250.0
1765141800000,2025-12-07 23:10:00,0.0002639,0.0002642,0.0002636,0.0002638,9067740.0
1765142100000,2025-12-07 23:15:00,0.0002638,0.0002639,0.0002634,0.0002635,8833850.0
1765142400000,2025-12-07 23:20:00,0.0002635,0.0002635,0.000263,0.000263,7132000.0
1765142700000,2025-12-07 23:25:00,0.000263,0.0002634,0.000263,0.0002631,4796190.0
1765143000000,2025-12-07 23:30:00,0.0002631,0.0002634,0.000263,0.0002632,15166200.0
1765143300000,2025-12-07 23:35:00,0.0002632,0.0002632,0.0002624,0.0002624,3259270.0
1765143600000,2025-12-07 23:40:00,0.0002624,0.0002625,0.0002616,0.0002619,17510980.0
1765143900000,2025-12-07 23:45:00,0.0002619,0.0002623,0.0002613,0.0002614,13105760.0
1765144200000,2025-12-07 23:50:00,0.0002614,0.0002615,0.0002606,0.0002606,5283550.0
1765144500000,2025-12-07 23:55:00,0.0002606,0.000261,0.00026,0.0002608,9967340.0
1765144800000,2025-12-08 00:00:00,0.0002608,0.000261,0.0002596,0.0002596,7840710.0
1765145100000,2025-12-08 00:05:00,0.0002596,0.0002596,0.0002565,0.0002583,36149460.0
1765145400000,2025-12-08 00:10:00,0.0002583,0.0002597,0.0002583,0.0002588,56476470.0
1765145700000,2025-12-08 00:15:00,0.0002588,0.0002594,0.0002584,0.0002584,10534750.0
1765146000000,2025-12-08 00:20:00,0.0002584,0.000259,0.0002584,0.0002585,3565730.0
1765146300000,2025-12-08 00:25:00,0.0002585,0.0002594,0.0002585,0.0002593,3354580.0
1765146600000,2025-12-08 00:30:00,0.0002593,0.0002606,0.0002592,0.0002605,2683590.0
1765146900000,2025-12-08 00:35:00,0.0002605,0.000261,0.0002598,0.000261,4750460.0
1765147200000,2025-12-08 00:40:00,0.000261,0.0002611,0.0002607,0.0002609,7134370.0
1765147500000,2025-12-08 00:45:00,0.0002609,0.0002614,0.0002609,0.0002612,2325590.0
1765147800000,2025-12-08 00:50:00,0.0002612,0.0002612,0.0002601,0.0002602,12874700.0
1765148100000,2025-12-08 00:55:00,0.0002602,0.0002602,0.0002592,0.0002597,3220200.0
1765148400000,2025-12-08 01:00:00,0.0002597,0.00026,0.0002591,0.0002593,8444780.0
1765148700000,2025-12-08 01:05:00,0.0002593,0.0002595,0.0002586,0.0002595,11549900.0
1765149000000,2025-12-08 01:10:00,0.0002595,0.0002597,0.0002592,0.0002595,1469600.0
1765149300000,2025-12-08 01:15:00,0.0002595,0.0002601,0.0002594,0.00026,3405940.0
1765149600000,2025-12-08 01:20:00,0.00026,0.0002607,0.0002599,0.0002607,4044560.0
1765149900000,2025-12-08 01:25:00,0.0002607,0.0002608,0.0002606,0.0002608,1281180.0
1765150200000,2025-12-08 01:30:00,0.0002608,0.0002608,0.0002605,0.0002608,7509920.0
1765150500000,2025-12-08 01:35:00,0.0002608,0.0002611,0.0002601,0.0002601,5317770.0
1765150800000,2025-12-08 01:40:00,0.0002601,0.0002613,0.0002601,0.0002613,11428290.0
1765151100000,2025-12-08 01:45:00,0.0002613,0.0002624,0.0002611,0.0002624,18727620.0
1765151400000,2025-12-08 01:50:00,0.0002624,0.0002624,0.0002617,0.0002622,24273470.0
1765151700000,2025-12-08 01:55:00,0.0002622,0.0002629,0.0002622,0.0002625,13893600.0
1765152000000,2025-12-08 02:00:00,0.0002625,0.0002625,0.0002609,0.0002615,11118470.0
1765152300000,2025-12-08 02:05:00,0.0002615,0.0002615,0.0002606,0.0002607,11087910.0
1765152600000,2025-12-08 02:10:00,0.0002607,0.0002608,0.0002604,0.0002608,2836120.0
1765152900000,2025-12-08 02:15:00,0.0002608,0.0002609,0.0002604,0.0002605,1840040.0
1765153200000,2025-12-08 02:20:00,0.0002605,0.0002611,0.0002603,0.000261,2565710.0
1765153500000,2025-12-08 02:25:00,0.000261,0.000261,0.0002605,0.0002606,2025430.0
1765153800000,2025-12-08 02:30:00,0.0002606,0.000261,0.0002603,0.000261,2188290.0
1765154100000,2025-12-08 02:35:00,0.000261,0.0002615,0.000261,0.0002611,1625990.0
1765154400000,2025-12-08 02:40:00,0.0002611,0.0002612,0.0002607,0.0002607,992670.0
1765154700000,2025-12-08 02:45:00,0.0002607,0.0002607,0.00026,0.0002605,1850940.0
1765155000000,2025-12-08 02:50:00,0.0002605,0.0002607,0.0002603,0.0002604,909800.0
1765155300000,2025-12-08 02:55:00,0.0002604,0.0002604,0.0002597,0.0002599,1825700.0
1765155600000,2025-12-08 03:00:00,0.0002599,0.0002608,0.0002599,0.0002608,3381580.0
1765155900000,2025-12-08 03:05:00,0.0002608,0.0002612,0.0002606,0.0002611,1621170.0
1765156200000,2025-12-08 03:10:00,0.0002611,0.0002616,0.0002611,0.0002613,753610.0
1765156500000,2025-12-08 03:15:00,0.0002613,0.0002614,0.000261,0.0002613,2269150.0
1765156800000,2025-12-08 03:20:00,0.0002613,0.0002615,0.0002609,0.0002612,3370370.0
1765157100000,2025-12-08 03:25:00,0.0002612,0.0002626,0.0002612,0.0002626,4042180.0
1765157400000,2025-12-08 03:30:00,0.0002626,0.0002634,0.0002626,0.000263,5268710.0
1765157700000,2025-12-08 03:35:00,0.000263,0.0002639,0.000263,0.0002639,2005950.0
1765158000000,2025-12-08 03:40:00,0.0002639,0.0002641,0.000263,0.000263,2174010.0
1765158300000,2025-12-08 03:45:00,0.000263,0.000263,0.0002624,0.0002627,1079140.0
1765158600000,2025-12-08 03:50:00,0.0002627,0.0002627,0.0002621,0.0002621,247820.0
1765158900000,2025-12-08 03:55:00,0.0002621,0.0002621,0.0002615,0.0002616,1662480.0
1765159200000,2025-12-08 04:00:00,0.0002616,0.0002617,0.0002613,0.0002617,673460.0
1765159500000,2025-12-08 04:05:00,0.0002617,0.0002619,0.0002616,0.0002619,1065540.0
1765159800000,2025-12-08 04:10:00,0.0002619,0.0002621,0.0002617,0.0002621,762520.0
1765160100000,2025-12-08 04:15:00,0.0002621,0.0002623,0.0002621,0.0002622,605370.0
1765160400000,2025-12-08 04:20:00,0.0002622,0.0002622,0.0002616,0.0002616,2413630.0
1765160700000,2025-12-08 04:25:00,0.0002616,0.0002616,0.0002615,0.0002616,227500.0
1765161000000,2025-12-08 04:30:00,0.0002616,0.0002617,0.0002614,0.0002615,1379840.0
1765161300000,2025-12-08 04:35:00,0.0002615,0.0002619,0.0002611,0.0002619,3093380.0
1765161600000,2025-12-08 04:40:00,0.0002619,0.0002621,0.0002619,0.0002619,3100240.0
1765161900000,2025-12-08 04:45:00,0.0002619,0.0002623,0.0002619,0.0002623,1425670.0
1765162200000,2025-12-08 04:50:00,0.0002623,0.0002627,0.0002623,0.0002627,194690.0
1765162500000,2025-12-08 04:55:00,0.0002627,0.000263,0.0002627,0.000263,2166480.0
1765162800000,2025-12-08 05:00:00,0.000263,0.0002631,0.0002629,0.0002631,2689720.0
1765163100000,2025-12-08 05:05:00,0.0002631,0.0002631,0.0002623,0.0002625,3201090.0
1765163400000,2025-12-08 05:10:00,0.0002625,0.000263,0.0002622,0.0002629,3295360.0
1765163700000,2025-12-08 05:15:00,0.0002629,0.0002636,0.0002629,0.0002633,1710590.0
1765164000000,2025-12-08 05:20:00,0.0002633,0.0002639,0.0002633,0.0002639,799500.0
1765164300000,2025-12-08 05:25:00,0.0002639,0.0002642,0.0002639,0.000264,2380690.0
1765164600000,2025-12-08 05:30:00,0.000264,0.0002644,0.0002639,0.0002644,5716980.0
1765164900000,2025-12-08 05:35:00,0.0002644,0.0002644,0.000264,0.000264,1929160.0
1765165200000,2025-12-08 05:40:00,0.000264,0.000264,0.0002635,0.0002638,3355460.0
1765165500000,2025-12-08 05:45:00,0.0002638,0.000264,0.0002636,0.0002639,911900.0
1765165800000,2025-12-08 05:50:00,0.0002639,0.000264,0.0002623,0.0002625,4175540.0
1765166100000,2025-12-08 05:55:00,0.0002625,0.0002632,0.0002623,0.000263,7780730.0
1765166400000,2025-12-08 06:00:00,0.000263,0.0002634,0.0002629,0.0002631,4981050.0
1765166700000,2025-12-08 06:05:00,0.0002631,0.0002632,0.0002628,0.0002632,3468300.0
1765167000000,2025-12-08 06:10:00,0.0002632,0.0002633,0.000263,0.0002631,1158410.0
1765167300000,2025-12-08 06:15:00,0.0002631,0.0002634,0.000263,0.0002634,2839110.0
1765167600000,2025-12-08 06:20:00,0.0002634,0.0002635,0.0002632,0.0002635,1964750.0
1765167900000,2025-12-08 06:25:00,0.0002635,0.0002641,0.0002634,0.0002634,4470830.0
1765168200000,2025-12-08 06:30:00,0.0002634,0.0002648,0.0002634,0.0002643,7507660.0
1765168500000,2025-12-08 06:35:00,0.0002643,0.0002644,0.0002636,0.0002637,2213920.0
1765168800000,2025-12-08 06:40:00,0.0002637,0.0002637,0.0002633,0.0002636,1218720.0
1765169100000,2025-12-08 06:45:00,0.0002636,0.0002637,0.0002632,0.0002637,11176670.0
1765169400000,2025-12-08 06:50:00,0.0002637,0.0002637,0.0002635,0.0002637,1309980.0
1765169700000,2025-12-08 06:55:00,0.0002637,0.0002638,0.0002634,0.0002634,1641610.0
1765170000000,2025-12-08 07:00:00,0.0002634,0.0002638,0.0002634,0.0002636,3081010.0
1765170300000,2025-12-08 07:05:00,0.0002636,0.0002638,0.0002634,0.0002634,3409600.0
1765170600000,2025-12-08 07:10:00,0.0002634,0.0002635,0.0002631,0.0002633,2849610.0
1765170900000,2025-12-08 07:15:00,0.0002633,0.0002635,0.0002631,0.0002635,5150570.0
1765171200000,2025-12-08 07:20:00,0.0002635,0.0002635,0.0002633,0.0002635,2046310.0
1765171500000,2025-12-08 07:25:00,0.0002635,0.0002636,0.0002631,0.0002632,6325580.0
1765171800000,2025-12-08 07:30:00,0.0002632,0.0002638,0.000263,0.0002636,8026710.0
1765172100000,2025-12-08 07:35:00,0.0002636,0.0002638,0.0002635,0.0002636,2788870.0
1765172400000,2025-12-08 07:40:00,0.0002636,0.0002636,0.0002636,0.0002636,190140.0
1765172700000,2025-12-08 07:45:00,0.0002636,0.0002636,0.0002633,0.0002633,1231950.0
1765173000000,2025-12-08 07:50:00,0.0002633,0.0002633,0.0002629,0.0002629,1981000.0
1765173300000,2025-12-08 07:55:00,0.0002629,0.0002634,0.0002629,0.0002634,7001450.0
1765173600000,2025-12-08 08:00:00,0.0002634,0.0002636,0.0002633,0.0002633,5354100.0
1765173900000,2025-12-08 08:05:00,0.0002633,0.0002635,0.0002633,0.0002633,1745330.0
1765174200000,2025-12-08 08:10:00,0.0002633,0.0002634,0.0002632,0.0002634,3718080.0
1765174500000,2025-12-08 08:15:00,0.0002634,0.0002639,0.0002634,0.0002636,6020100.0
1765174800000,2025-12-08 08:20:00,0.0002636,0.0002636,0.0002634,0.0002635,1159730.0
1765175100000,2025-12-08 08:25:00,0.0002635,0.0002635,0.0002609,0.0002628,77413490.0
1765175400000,2025-12-08 08:30:00,0.0002628,0.0002632,0.0002628,0.0002631,4831050.0
1765175700000,2025-12-08 08:35:00,0.0002631,0.0002632,0.000263,0.0002632,3196300.0
1765176000000,2025-12-08 08:40:00,0.0002632,0.0002634,0.0002629,0.0002633,43585840.0
1765176300000,2025-12-08 08:45:00,0.0002633,0.0002639,0.0002633,0.0002639,3240530.0
1765176600000,2025-12-08 08:50:00,0.0002639,0.000264,0.0002638,0.000264,2186120.0
1765176900000,2025-12-08 08:55:00,0.000264,0.000264,0.0002634,0.0002634,3466390.0
1765177200000,2025-12-08 09:00:00,0.0002634,0.0002637,0.0002632,0.0002632,5137010.0
1765177500000,2025-12-08 09:05:00,0.0002632,0.0002634,0.0002628,0.0002632,5091120.0
1765177800000,2025-12-08 09:10:00,0.0002632,0.0002633,0.000263,0.0002632,10119600.0
1765178100000,2025-12-08 09:15:00,0.0002632,0.0002633,0.0002631,0.0002633,1311800.0
1765178400000,2025-12-08 09:20:00,0.0002633,0.0002636,0.0002633,0.0002636,2099360.0
1765178700000,2025-12-08 09:25:00,0.0002636,0.000264,0.0002636,0.000264,1684320.0
1765179000000,2025-12-08 09:30:00,0.000264,0.0002643,0.0002638,0.0002643,8238880.0
1765179300000,2025-12-08 09:35:00,0.0002643,0.0002645,0.0002641,0.0002641,1890340.0
1765179600000,2025-12-08 09:40:00,0.0002641,0.0002641,0.0002635,0.0002636,3973630.0
1765179900000,2025-12-08 09:45:00,0.0002636,0.0002636,0.0002634,0.0002636,3477300.0
1765180200000,2025-12-08 09:50:00,0.0002636,0.0002636,0.0002632,0.0002636,2276000.0
1765180500000,2025-12-08 09:55:00,0.0002636,0.0002638,0.0002634,0.0002636,1483230.0
1765180800000,2025-12-08 10:00:00,0.0002636,0.0002637,0.0002627,0.0002628,3397790.0
1765181100000,2025-12-08 10:05:00,0.0002628,0.0002632,0.0002628,0.000263,3865930.0
1765181400000,2025-12-08 10:10:00,0.000263,0.0002633,0.000263,0.0002633,917140.0
1765181700000,2025-12-08 10:15:00,0.0002633,0.0002638,0.0002633,0.0002638,1673160.0
1765182000000,2025-12-08 10:20:00,0.0002638,0.000264,0.0002638,0.000264,1615250.0
1765182300000,2025-12-08 10:25:00,0.000264,0.000264,0.0002638,0.000264,619440.0
1765182600000,2025-12-08 10:30:00,0.000264,0.000264,0.0002637,0.0002637,5328840.0
1765182900000,2025-12-08 10:35:00,0.0002637,0.0002638,0.0002637,0.0002638,1278000.0
1765183200000,2025-12-08 10:40:00,0.0002638,0.0002647,0.0002638,0.0002647,2191650.0
1765183500000,2025-12-08 10:45:00,0.0002647,0.000265,0.0002643,0.0002648,26247270.0
1765183800000,2025-12-08 10:50:00,0.0002648,0.0002651,0.0002647,0.0002651,8187560.0
1765184100000,2025-12-08 10:55:00,0.0002651,0.0002654,0.000265,0.0002653,6199040.0
1765184400000,2025-12-08 11:00:00,0.0002653,0.0002663,0.0002651,0.0002661,26218220.0
1765184700000,2025-12-08 11:05:00,0.0002661,0.0002677,0.000266,0.000266,22895250.0
1765185000000,2025-12-08 11:10:00,0.000266,0.0002665,0.0002658,0.0002662,18313840.0
1765185300000,2025-12-08 11:15:00,0.0002662,0.0002662,0.0002658,0.000266,10535610.0
1765185600000,2025-12-08 11:20:00,0.000266,0.0002664,0.0002655,0.0002661,8988930.0
1765185900000,2025-12-08 11:25:00,0.0002661,0.0002661,0.0002657,0.000266,5579420.0
1765186200000,2025-12-08 11:30:00,0.000266,0.0002661,0.0002657,0.0002659,5311070.0
1765186500000,2025-12-08 11:35:00,0.0002659,0.0002659,0.0002654,0.0002656,7694320.0
1765186800000,2025-12-08 11:40:00,0.0002656,0.0002657,0.0002653,0.0002656,7182950.0
1765187100000,2025-12-08 11:45:00,0.0002656,0.0002658,0.0002654,0.0002657,3424560.0
1765187400000,2025-12-08 11:50:00,0.0002657,0.0002658,0.0002653,0.0002654,3409600.0
1765187700000,2025-12-08 11:55:00,0.0002654,0.0002655,0.0002654,0.0002655,1862320.0
1765188000000,2025-12-08 12:00:00,0.0002655,0.0002656,0.0002652,0.0002652,7579410.0
1765188300000,2025-12-08 12:05:00,0.0002652,0.0002655,0.0002652,0.0002654,7765800.0
1765188600000,2025-12-08 12:10:00,0.0002654,0.0002657,0.0002654,0.0002655,3165350.0
1765188900000,2025-12-08 12:15:00,0.0002655,0.0002656,0.0002648,0.0002649,41683990.0
1765189200000,2025-12-08 12:20:00,0.0002649,0.000265,0.0002642,0.0002645,11612360.0
1765189500000,2025-12-08 12:25:00,0.0002645,0.0002647,0.0002642,0.0002646,17904200.0
1765189800000,2025-12-08 12:30:00,0.0002646,0.0002654,0.0002646,0.0002654,12590730.0
1765190100000,2025-12-08 12:35:00,0.0002654,0.0002658,0.0002649,0.0002653,15330160.0
1765190400000,2025-12-08 12:40:00,0.0002653,0.0002653,0.0002649,0.0002651,5524780.0
1765190700000,2025-12-08 12:45:00,0.0002651,0.0002652,0.0002651,0.0002652,1344260.0
1765191000000,2025-12-08 12:50:00,0.0002652,0.0002653,0.0002651,0.0002652,3316220.0
1765191300000,2025-12-08 12:55:00,0.0002652,0.0002652,0.000265,0.000265,2610980.0
1765191600000,2025-12-08 13:00:00,0.000265,0.0002653,0.0002647,0.0002648,2886540.0
1765191900000,2025-12-08 13:05:00,0.0002648,0.0002651,0.0002648,0.0002651,1860080.0
1765192200000,2025-12-08 13:10:00,0.0002651,0.0002655,0.0002648,0.0002655,16258050.0
1765192500000,2025-12-08 13:15:00,0.0002655,0.0002655,0.0002652,0.0002652,38418220.0
1765192800000,2025-12-08 13:20:00,0.0002652,0.0002653,0.0002651,0.0002651,1131430.0
1765193100000,2025-12-08 13:25:00,0.0002651,0.0002651,0.0002645,0.0002645,2252110.0
1765193400000,2025-12-08 13:30:00,0.0002645,0.0002645,0.0002641,0.0002641,1492340.0
1765193700000,2025-12-08 13:35:00,0.0002641,0.0002641,0.000264,0.000264,1491980.0
1765194000000,2025-12-08 13:40:00,0.000264,0.000264,0.0002639,0.0002639,93760.0
1765194300000,2025-12-08 13:45:00,0.0002639,0.0002639,0.0002635,0.0002637,2861880.0
1765194600000,2025-12-08 13:50:00,0.0002637,0.0002637,0.0002636,0.0002636,708660.0
1765194900000,2025-12-08 13:55:00,0.0002636,0.0002638,0.0002636,0.0002638,391950.0
1765195200000,2025-12-08 14:00:00,0.0002638,0.0002639,0.0002634,0.0002635,3665140.0
1765195500000,2025-12-08 14:05:00,0.0002635,0.0002635,0.000263,0.000263,1489650.0
1765195800000,2025-12-08 14:10:00,0.000263,0.000263,0.000262,0.0002621,32926200.0
1765196100000,2025-12-08 14:15:00,0.0002621,0.0002624,0.0002621,0.0002622,4125930.0
1765196400000,2025-12-08 14:20:00,0.0002622,0.0002624,0.0002622,0.0002623,20666970.0
1765196700000,2025-12-08 14:25:00,0.0002623,0.0002627,0.0002623,0.0002624,1878620.0
1765197000000,2025-12-08 14:30:00,0.0002624,0.0002624,0.0002622,0.0002622,5071000.0
1765197300000,2025-12-08 14:35:00,0.0002622,0.0002622,0.0002621,0.0002621,1785030.0
1765197600000,2025-12-08 14:40:00,0.0002621,0.0002621,0.0002615,0.0002615,10180220.0
1765197900000,2025-12-08 14:45:00,0.0002615,0.0002622,0.0002614,0.0002618,31520930.0
1765198200000,2025-12-08 14:50:00,0.0002618,0.0002624,0.0002618,0.0002623,19251030.0
1765198500000,2025-12-08 14:55:00,0.0002623,0.0002624,0.0002623,0.0002624,423950.0
1765198800000,2025-12-08 15:00:00,0.0002624,0.000263,0.0002624,0.0002628,19004680.0
1765199100000,2025-12-08 15:05:00,0.0002628,0.0002633,0.0002627,0.000263,16969030.0
1765199400000,2025-12-08 15:10:00,0.000263,0.0002634,0.0002628,0.0002628,23275220.0
1765199700000,2025-12-08 15:15:00,0.0002628,0.0002632,0.0002627,0.0002628,51866100.0
1765200000000,2025-12-08 15:20:00,0.0002628,0.0002631,0.0002623,0.0002624,36552820.0
1765200300000,2025-12-08 15:25:00,0.0002624,0.0002629,0.0002624,0.0002629,7484920.0
1765200600000,2025-12-08 15:30:00,0.0002629,0.000263,0.0002627,0.000263,12611420.0
1765200900000,2025-12-08 15:35:00,0.000263,0.000263,0.0002625,0.0002628,13024640.0
1765201200000,2025-12-08 15:40:00,0.0002628,0.0002631,0.0002624,0.0002631,7022410.0
1765201500000,2025-12-08 15:45:00,0.0002631,0.0002635,0.0002631,0.0002632,3543000.0
1765201800000,2025-12-08 15:50:00,0.0002632,0.0002641,0.0002632,0.0002637,7689910.0
1765202100000,2025-12-08 15:55:00,0.0002637,0.0002637,0.0002632,0.0002633,7765070.0
1765202400000,2025-12-08 16:00:00,0.0002633,0.0002643,0.0002632,0.0002642,25657050.0
1765202700000,2025-12-08 16:05:00,0.0002642,0.0002645,0.0002642,0.0002643,11025010.0
1765203000000,2025-12-08 16:10:00,0.0002643,0.0002643,0.0002637,0.0002638,63782260.0
1765203300000,2025-12-08 16:15:00,0.0002638,0.0002641,0.0002638,0.0002641,274110.0
1765203600000,2025-12-08 16:20:00,0.0002641,0.0002641,0.0002636,0.000264,17215900.0
1765203900000,2025-12-08 16:25:00,0.000264,0.000264,0.0002628,0.0002635,26085710.0
1765204200000,2025-12-08 16:30:00,0.0002635,0.0002653,0.0002634,0.0002642,16564810.0
1765204500000,2025-12-08 16:35:00,0.0002642,0.0002643,0.0002615,0.0002625,22502630.0
1765204800000,2025-12-08 16:40:00,0.0002625,0.0002643,0.0002621,0.0002643,25845140.0
1765205100000,2025-12-08 16:45:00,0.0002643,0.0002647,0.0002631,0.0002633,11538370.0
1765205400000,2025-12-08 16:50:00,0.0002633,0.0002637,0.0002633,0.0002634,6403760.0
1765205700000,2025-12-08 16:55:00,0.0002634,0.0002634,0.0002625,0.0002626,14010670.0
1765206000000,2025-12-08 17:00:00,0.0002626,0.0002631,0.0002623,0.0002631,5629550.0
1765206300000,2025-12-08 17:05:00,0.0002631,0.0002631,0.0002612,0.0002616,9741370.0
1765206600000,2025-12-08 17:10:00,0.0002616,0.0002619,0.0002606,0.0002612,17538250.0
1765206900000,2025-12-08 17:15:00,0.0002612,0.0002621,0.0002608,0.0002618,6827950.0
1765207200000,2025-12-08 17:20:00,0.0002618,0.000262,0.0002609,0.0002611,3673400.0
1765207500000,2025-12-08 17:25:00,0.0002611,0.0002611,0.00026,0.000261,7300390.0
1765207800000,2025-12-08 17:30:00,0.000261,0.0002618,0.0002607,0.0002616,8634990.0
1765208100000,2025-12-08 17:35:00,0.0002616,0.0002616,0.0002607,0.0002611,9713360.0
1765208400000,2025-12-08 17:40:00,0.0002611,0.0002615,0.0002607,0.0002609,8455900.0
1765208700000,2025-12-08 17:45:00,0.0002609,0.0002611,0.0002608,0.000261,3028570.0
1765209000000,2025-12-08 17:50:00,0.000261,0.0002628,0.000261,0.0002628,15097110.0
1765209300000,2025-12-08 17:55:00,0.0002628,0.0002628,0.0002617,0.0002617,10826530.0
1765209600000,2025-12-08 18:00:00,0.0002617,0.0002617,0.0002609,0.0002611,10082740.0
1765209900000,2025-12-08 18:05:00,0.0002611,0.0002622,0.0002611,0.000262,5341120.0
1765210200000,2025-12-08 18:10:00,0.000262,0.0002623,0.0002618,0.0002618,1601650.0
1765210500000,2025-12-08 18:15:00,0.0002618,0.000262,0.0002616,0.000262,1483270.0
1765210800000,2025-12-08 18:20:00,0.000262,0.0002636,0.000262,0.000263,11219940.0
1765211100000,2025-12-08 18:25:00,0.000263,0.000263,0.0002625,0.0002626,1210610.0
1765211400000,2025-12-08 18:30:00,0.0002626,0.0002644,0.0002626,0.0002633,10447830.0
1765211700000,2025-12-08 18:35:00,0.0002633,0.0002633,0.0002627,0.0002632,5191630.0
1765212000000,2025-12-08 18:40:00,0.0002632,0.0002634,0.000263,0.0002631,4070780.0
1765212300000,2025-12-08 18:45:00,0.0002631,0.0002631,0.0002615,0.0002615,5334310.0
1765212600000,2025-12-08 18:50:00,0.0002615,0.0002619,0.0002604,0.0002604,18525210.0
1765212900000,2025-12-08 18:55:00,0.0002604,0.000261,0.0002604,0.0002609,3041860.0
1765213200000,2025-12-08 19:00:00,0.0002609,0.0002621,0.0002607,0.0002619,6600210.0
1765213500000,2025-12-08 19:05:00,0.0002619,0.0002624,0.0002615,0.0002615,6166370.0
1765213800000,2025-12-08 19:10:00,0.0002615,0.0002617,0.0002611,0.0002614,2788300.0
1765214100000,2025-12-08 19:15:00,0.0002614,0.0002616,0.0002613,0.0002613,514270.0
1765214400000,2025-12-08 19:20:00,0.0002613,0.0002615,0.0002608,0.000261,9696860.0
1765214700000,2025-12-08 19:25:00,0.000261,0.0002611,0.0002609,0.000261,2896090.0
1765215000000,2025-12-08 19:30:00,0.000261,0.0002623,0.0002609,0.000262,32072440.0
1765215300000,2025-12-08 19:35:00,0.000262,0.0002621,0.000261,0.0002612,16330740.0
1765215600000,2025-12-08 19:40:00,0.0002612,0.0002614,0.0002608,0.0002613,7217430.0
1765215900000,2025-12-08 19:45:00,0.0002613,0.0002617,0.0002613,0.0002616,2699510.0
1765216200000,2025-12-08 19:50:00,0.0002616,0.0002619,0.0002611,0.0002618,4169490.0
1765216500000,2025-12-08 19:55:00,0.0002618,0.0002628,0.0002618,0.0002622,3291400.0
1765216800000,2025-12-08 20:00:00,0.0002622,0.0002628,0.0002618,0.000262,4559470.0
1765217100000,2025-12-08 20:05:00,0.000262,0.0002622,0.000262,0.0002621,1955080.0
1765217400000,2025-12-08 20:10:00,0.0002621,0.0002622,0.0002616,0.000262,3007250.0
1765217700000,2025-12-08 20:15:00,0.000262,0.0002622,0.0002619,0.000262,929270.0
1765218000000,2025-12-08 20:20:00,0.000262,0.0002624,0.000262,0.0002623,2236590.0
1765218300000,2025-12-08 20:25:00,0.0002623,0.0002623,0.0002614,0.0002614,1219740.0
1765218600000,2025-12-08 20:30:00,0.0002614,0.0002615,0.0002613,0.0002614,378230.0
1765218900000,2025-12-08 20:35:00,0.0002614,0.0002623,0.0002614,0.0002619,4489690.0
1765219200000,2025-12-08 20:40:00,0.0002619,0.000262,0.0002615,0.0002619,1438490.0
1765219500000,2025-12-08 20:45:00,0.0002619,0.0002622,0.0002618,0.0002618,2220630.0
1765219800000,2025-12-08 20:50:00,0.0002618,0.0002618,0.0002614,0.0002614,719530.0
1765220100000,2025-12-08 20:55:00,0.0002614,0.0002615,0.0002602,0.0002607,15732080.0
1765220400000,2025-12-08 21:00:00,0.0002607,0.0002613,0.0002607,0.000261,7690220.0
1765220700000,2025-12-08 21:05:00,0.000261,0.0002615,0.0002609,0.0002615,3476500.0
1765221000000,2025-12-08 21:10:00,0.0002615,0.0002617,0.000261,0.000261,4255300.0
1765221300000,2025-12-08 21:15:00,0.000261,0.0002613,0.0002607,0.0002611,8761590.0
1765221600000,2025-12-08 21:20:00,0.0002611,0.0002612,0.0002609,0.0002609,1334040.0
1765221900000,2025-12-08 21:25:00,0.0002609,0.0002613,0.0002609,0.0002609,2720510.0
1765222200000,2025-12-08 21:30:00,0.0002609,0.0002614,0.0002604,0.0002614,4781290.0
1765222500000,2025-12-08 21:35:00,0.0002614,0.0002614,0.0002609,0.0002614,1994550.0
1765222800000,2025-12-08 21:40:00,0.0002614,0.0002617,0.0002614,0.0002617,413360.0
1765223100000,2025-12-08 21:45:00,0.0002617,0.000262,0.0002616,0.000262,2487970.0
1765223400000,2025-12-08 21:50:00,0.000262,0.0002621,0.000262,0.0002621,358380.0
1765223700000,2025-12-08 21:55:00,0.0002621,0.0002621,0.0002611,0.0002612,5024750.0
1765224000000,2025-12-08 22:00:00,0.0002612,0.0002618,0.0002611,0.0002617,6508840.0
1765224300000,2025-12-08 22:05:00,0.0002617,0.0002619,0.0002616,0.0002619,2083250.0
1765224600000,2025-12-08 22:10:00,0.0002619,0.0002624,0.0002619,0.000262,4245320.0
1765224900000,2025-12-08 22:15:00,0.000262,0.0002623,0.000262,0.0002623,432700.0
1765225200000,2025-12-08 22:20:00,0.0002623,0.0002623,0.0002621,0.0002622,1433300.0
1765225500000,2025-12-08 22:25:00,0.0002622,0.0002624,0.0002619,0.0002624,1443450.0
1765225800000,2025-12-08 22:30:00,0.0002624,0.0002627,0.0002622,0.0002625,3696350.0
1765226100000,2025-12-08 22:35:00,0.0002625,0.0002627,0.0002625,0.0002627,503440.0
1765226400000,2025-12-08 22:40:00,0.0002627,0.0002631,0.0002627,0.000263,1788770.0
1765226700000,2025-12-08 22:45:00,0.000263,0.0002633,0.000263,0.0002632,839860.0
1765227000000,2025-12-08 22:50:00,0.0002632,0.0002645,0.0002632,0.0002642,6847010.0
1765227300000,2025-12-08 22:55:00,0.0002642,0.0002642,0.0002637,0.0002639,2504750.0
1765227600000,2025-12-08 23:00:00,0.0002639,0.0002641,0.0002637,0.000264,3511290.0
1765227900000,2025-12-08 23:05:00,0.000264,0.0002645,0.000264,0.0002644,3730130.0
1765228200000,2025-12-08 23:10:00,0.0002644,0.0002646,0.0002635,0.0002635,4479580.0
1765228500000,2025-12-08 23:15:00,0.0002635,0.0002641,0.0002634,0.0002634,3352850.0
1765228800000,2025-12-08 23:20:00,0.0002634,0.0002636,0.0002634,0.0002635,753850.0
1765229100000,2025-12-08 23:25:00,0.0002635,0.0002637,0.0002628,0.0002637,4153810.0
1765229400000,2025-12-08 23:30:00,0.0002637,0.0002643,0.0002637,0.0002639,14120710.0
1765229700000,2025-12-08 23:35:00,0.0002639,0.0002642,0.0002637,0.0002642,4660010.0
1765230000000,2025-12-08 23:40:00,0.0002642,0.0002644,0.0002641,0.0002644,899770.0
1765230300000,2025-12-08 23:45:00,0.0002644,0.0002646,0.0002641,0.0002642,1177810.0
1765230600000,2025-12-08 23:50:00,0.0002642,0.0002646,0.0002639,0.0002644,5853650.0
1765230900000,2025-12-08 23:55:00,0.0002644,0.0002646,0.0002644,0.0002644,3484550.0
1765231200000,2025-12-09 00:00:00,0.0002644,0.0002645,0.000264,0.0002642,4256110.0
1765231500000,2025-12-09 00:05:00,0.0002642,0.0002642,0.0002634,0.0002635,5742200.0
1765231800000,2025-12-09 00:10:00,0.0002635,0.0002636,0.0002631,0.0002632,8967510.0
1765232100000,2025-12-09 00:15:00,0.0002632,0.0002636,0.0002632,0.0002636,2084890.0
1765232400000,2025-12-09 00:20:00,0.0002636,0.0002639,0.0002635,0.0002635,1164230.0
1765232700000,2025-12-09 00:25:00,0.0002635,0.0002635,0.0002627,0.0002627,1793210.0
1765233000000,2025-12-09 00:30:00,0.0002627,0.0002629,0.0002625,0.0002625,6734380.0
1765233300000,2025-12-09 00:35:00,0.0002625,0.0002627,0.0002623,0.0002623,822250.0
1765233600000,2025-12-09 00:40:00,0.0002623,0.000263,0.0002623,0.0002629,2252140.0
1765233900000,2025-12-09 00:45:00,0.0002629,0.0002632,0.0002629,0.0002632,5773220.0
1765234200000,2025-12-09 00:50:00,0.0002632,0.0002632,0.0002629,0.0002629,1954050.0
1765234500000,2025-12-09 00:55:00,0.0002629,0.000263,0.0002626,0.0002626,900710.0
1765234800000,2025-12-09 01:00:00,0.0002626,0.0002629,0.0002625,0.0002628,2635270.0
1765235100000,2025-12-09 01:05:00,0.0002628,0.0002629,0.0002626,0.0002626,861390.0
1765235400000,2025-12-09 01:10:00,0.0002626,0.0002626,0.0002622,0.0002624,872680.0
1765235700000,2025-12-09 01:15:00,0.0002624,0.0002625,0.000262,0.000262,6412210.0
1765236000000,2025-12-09 01:20:00,0.000262,0.0002622,0.000262,0.0002622,1194200.0
1765236300000,2025-12-09 01:25:00,0.0002622,0.0002624,0.0002622,0.0002624,1527950.0
1765236600000,2025-12-09 01:30:00,0.0002624,0.0002632,0.0002624,0.0002632,579010.0
1765236900000,2025-12-09 01:35:00,0.0002632,0.0002639,0.0002628,0.0002636,7325040.0
1765237200000,2025-12-09 01:40:00,0.0002636,0.0002639,0.0002628,0.0002634,28701310.0
1765237500000,2025-12-09 01:45:00,0.0002634,0.0002636,0.000263,0.0002632,3812550.0
1765237800000,2025-12-09 01:50:00,0.0002632,0.0002633,0.000263,0.0002632,1903180.0
1765238100000,2025-12-09 01:55:00,0.0002632,0.0002635,0.0002632,0.0002635,129730.0
1765238400000,2025-12-09 02:00:00,0.0002635,0.0002635,0.0002627,0.0002627,3697210.0
1765238700000,2025-12-09 02:05:00,0.0002627,0.0002628,0.0002627,0.0002627,539940.0
1765239000000,2025-12-09 02:10:00,0.0002627,0.0002632,0.0002627,0.0002632,933760.0
1765239300000,2025-12-09 02:15:00,0.0002632,0.0002633,0.0002629,0.0002633,2573740.0
1765239600000,2025-12-09 02:20:00,0.0002633,0.0002633,0.0002625,0.0002626,2430970.0
1765239900000,2025-12-09 02:25:00,0.0002626,0.0002627,0.0002625,0.0002627,5740.0
1765240200000,2025-12-09 02:30:00,0.0002627,0.0002627,0.0002621,0.0002622,959120.0
1765240500000,2025-12-09 02:35:00,0.0002622,0.0002625,0.0002622,0.0002624,290570.0
1765240800000,2025-12-09 02:40:00,0.0002624,0.0002624,0.0002619,0.0002619,1110480.0
1765241100000,2025-12-09 02:45:00,0.0002619,0.0002624,0.0002619,0.0002624,451420.0
1765241400000,2025-12-09 02:50:00,0.0002624,0.0002624,0.0002623,0.0002624,452000.0
1765241700000,2025-12-09 02:55:00,0.0002624,0.0002626,0.0002624,0.0002626,91650.0
1765242000000,2025-12-09 03:00:00,0.0002626,0.0002627,0.0002621,0.0002621,746090.0
1765242300000,2025-12-09 03:05:00,0.0002621,0.0002624,0.000262,0.0002621,2111000.0
1765242600000,2025-12-09 03:10:00,0.0002621,0.0002622,0.0002621,0.0002622,13340.0
1765242900000,2025-12-09 03:15:00,0.0002622,0.0002625,0.0002622,0.0002625,1712090.0
1765243200000,2025-12-09 03:20:00,0.0002625,0.0002625,0.0002618,0.000262,13751060.0
1765243500000,2025-12-09 03:25:00,0.000262,0.000262,0.0002614,0.0002615,1646140.0
1765243800000,2025-12-09 03:30:00,0.0002615,0.0002619,0.0002615,0.0002618,1225050.0
1765244100000,2025-12-09 03:35:00,0.0002618,0.0002618,0.0002618,0.0002618,866060.0
1765244400000,2025-12-09 03:40:00,0.0002618,0.0002619,0.0002611,0.0002615,11401000.0
1765244700000,2025-12-09 03:45:00,0.0002615,0.0002615,0.0002612,0.0002612,974420.0
1765245000000,2025-12-09 03:50:00,0.0002612,0.0002617,0.0002612,0.0002617,943830.0
1765245300000,2025-12-09 03:55:00,0.0002617,0.0002617,0.0002616,0.0002616,16140.0
1765245600000,2025-12-09 04:00:00,0.0002616,0.0002619,0.0002614,0.0002619,1049450.0
1765245900000,2025-12-09 04:05:00,0.0002619,0.000262,0.0002619,0.0002619,2966460.0
1765246200000,2025-12-09 04:10:00,0.0002619,0.0002623,0.0002619,0.0002621,1404390.0
1765246500000,2025-12-09 04:15:00,0.0002621,0.0002623,0.000262,0.0002623,771460.0
1765246800000,2025-12-09 04:20:00,0.0002623,0.0002623,0.0002622,0.0002622,252120.0
1765247100000,2025-12-09 04:25:00,0.0002622,0.0002625,0.0002621,0.0002625,126840.0
1765247400000,2025-12-09 04:30:00,0.0002625,0.0002625,0.0002624,0.0002625,55080.0
1765247700000,2025-12-09 04:35:00,0.0002625,0.0002627,0.0002624,0.0002627,1219990.0
1765248000000,2025-12-09 04:40:00,0.0002627,0.0002631,0.0002627,0.000263,4389230.0
1765248300000,2025-12-09 04:45:00,0.000263,0.000263,0.0002629,0.0002629,10880.0
1765248600000,2025-12-09 04:50:00,0.0002629,0.0002629,0.0002624,0.0002624,888100.0
1765248900000,2025-12-09 04:55:00,0.0002624,0.0002624,0.0002622,0.0002622,37190.0
1765249200000,2025-12-09 05:00:00,0.0002622,0.0002623,0.0002618,0.0002623,2969920.0
1765249500000,2025-12-09 05:05:00,0.0002623,0.0002623,0.0002621,0.0002621,138820.0
1765249800000,2025-12-09 05:10:00,0.0002621,0.0002621,0.000262,0.0002621,285250.0
1765250100000,2025-12-09 05:15:00,0.0002621,0.0002622,0.0002615,0.0002615,1146510.0
1765250400000,2025-12-09 05:20:00,0.0002615,0.000262,0.0002613,0.000262,1559300.0
1765250700000,2025-12-09 05:25:00,0.000262,0.0002621,0.000262,0.0002621,183240.0
1765251000000,2025-12-09 05:30:00,0.0002621,0.0002631,0.0002621,0.0002631,1110800.0
1765251300000,2025-12-09 05:35:00,0.0002631,0.0002631,0.0002631,0.0002631,185320.0
1765251600000,2025-12-09 05:40:00,0.0002631,0.0002636,0.0002631,0.0002636,308150.0
1765251900000,2025-12-09 05:45:00,0.0002636,0.000264,0.0002636,0.000264,845340.0
1765252200000,2025-12-09 05:50:00,0.000264,0.000264,0.0002638,0.0002639,386400.0
1765252500000,2025-12-09 05:55:00,0.0002639,0.0002645,0.0002639,0.0002644,1737740.0
1765252800000,2025-12-09 06:00:00,0.0002644,0.0002644,0.0002642,0.0002644,881600.0
1765253100000,2025-12-09 06:05:00,0.0002644,0.0002645,0.0002644,0.0002645,812370.0
1765253400000,2025-12-09 06:10:00,0.0002645,0.0002646,0.0002642,0.0002642,898940.0
1765253700000,2025-12-09 06:15:00,0.0002642,0.0002642,0.0002642,0.0002642,0.0
1765254000000,2025-12-09 06:20:00,0.0002642,0.0002642,0.0002638,0.0002638,273860.0
1765254300000,2025-12-09 06:25:00,0.0002638,0.0002639,0.0002638,0.0002639,33790.0
1765254600000,2025-12-09 06:30:00,0.0002639,0.000264,0.0002635,0.0002635,2125870.0
1765254900000,2025-12-09 06:35:00,0.0002635,0.0002636,0.0002623,0.0002627,1723590.0
1765255200000,2025-12-09 06:40:00,0.0002627,0.0002634,0.0002627,0.000263,6051660.0
1765255500000,2025-12-09 06:45:00,0.000263,0.0002632,0.0002629,0.0002632,96970.0
1765255800000,2025-12-09 06:50:00,0.0002632,0.0002635,0.0002631,0.0002635,156870.0
1765256100000,2025-12-09 06:55:00,0.0002635,0.0002635,0.0002635,0.0002635,891500.0
1765256400000,2025-12-09 07:00:00,0.0002635,0.0002648,0.0002634,0.000264,39960890.0
1765256700000,2025-12-09 07:05:00,0.000264,0.0002645,0.000263,0.0002631,18417540.0
1765257000000,2025-12-09 07:10:00,0.0002631,0.0002634,0.0002629,0.0002633,4155580.0
1765257300000,2025-12-09 07:15:00,0.0002633,0.0002634,0.0002629,0.0002632,1404890.0
1765257600000,2025-12-09 07:20:00,0.0002632,0.0002637,0.0002632,0.0002637,2126480.0
1765257900000,2025-12-09 07:25:00,0.0002637,0.0002637,0.0002635,0.0002636,777690.0
1765258200000,2025-12-09 07:30:00,0.0002636,0.0002638,0.0002635,0.0002637,6713760.0
1765258500000,2025-12-09 07:35:00,0.0002637,0.0002638,0.0002636,0.0002638,834140.0
1765258800000,2025-12-09 07:40:00,0.0002638,0.000264,0.0002638,0.000264,67220.0
1765259100000,2025-12-09 07:45:00,0.000264,0.000264,0.0002634,0.0002637,7911240.0
1765259400000,2025-12-09 07:50:00,0.0002637,0.0002637,0.0002629,0.000263,1858840.0
1765259700000,2025-12-09 07:55:00,0.000263,0.000263,0.0002627,0.0002627,661030.0
1765260000000,2025-12-09 08:00:00,0.0002627,0.0002629,0.0002627,0.0002628,1885550.0
1765260300000,2025-12-09 08:05:00,0.0002628,0.0002633,0.0002627,0.000263,4541530.0
1765260600000,2025-12-09 08:10:00,0.000263,0.0002631,0.0002629,0.0002631,2266680.0
1765260900000,2025-12-09 08:15:00,0.0002631,0.0002635,0.0002631,0.0002635,96900.0
1765261200000,2025-12-09 08:20:00,0.0002635,0.0002635,0.0002629,0.000263,3882460.0
1765261500000,2025-12-09 08:25:00,0.000263,0.0002631,0.0002626,0.0002626,1786070.0
1765261800000,2025-12-09 08:30:00,0.0002626,0.0002627,0.0002622,0.0002622,602890.0
1765262100000,2025-12-09 08:35:00,0.0002622,0.0002626,0.0002622,0.0002625,2089470.0
1765262400000,2025-12-09 08:40:00,0.0002625,0.0002627,0.0002624,0.0002626,4666100.0
1765262700000,2025-12-09 08:45:00,0.0002626,0.000263,0.0002625,0.000263,12199340.0
1765263000000,2025-12-09 08:50:00,0.000263,0.0002632,0.0002628,0.000263,9224160.0
1765263300000,2025-12-09 08:55:00,0.000263,0.0002631,0.0002629,0.0002631,2701740.0
1765263600000,2025-12-09 09:00:00,0.0002631,0.0002631,0.0002624,0.0002628,2636840.0
1765263900000,2025-12-09 09:05:00,0.0002628,0.0002631,0.0002628,0.0002631,868750.0
1765264200000,2025-12-09 09:10:00,0.0002631,0.0002631,0.0002631,0.0002631,779240.0
1765264500000,2025-12-09 09:15:00,0.0002631,0.0002631,0.000263,0.000263,827110.0
1765264800000,2025-12-09 09:20:00,0.000263,0.0002634,0.000263,0.000263,3428040.0
1765265100000,2025-12-09 09:25:00,0.000263,0.0002632,0.0002624,0.0002624,8243770.0
1765265400000,2025-12-09 09:30:00,0.0002624,0.0002624,0.0002623,0.0002624,3268560.0
1765265700000,2025-12-09 09:35:00,0.0002624,0.0002625,0.0002623,0.0002624,2629130.0
1765266000000,2025-12-09 09:40:00,0.0002624,0.000263,0.0002624,0.0002627,6399790.0
1765266300000,2025-12-09 09:45:00,0.0002627,0.0002627,0.0002622,0.0002622,2088660.0
1765266600000,2025-12-09 09:50:00,0.0002622,0.0002622,0.0002622,0.0002622,183380.0
1765266900000,2025-12-09 09:55:00,0.0002622,0.0002625,0.0002622,0.0002624,5021610.0
1765267200000,2025-12-09 10:00:00,0.0002624,0.0002624,0.0002621,0.0002621,2467050.0
1765267500000,2025-12-09 10:05:00,0.0002621,0.0002621,0.0002617,0.0002617,2646720.0
1765267800000,2025-12-09 10:10:00,0.0002617,0.0002618,0.0002617,0.0002618,29910.0
1765268100000,2025-12-09 10:15:00,0.0002618,0.000262,0.0002618,0.000262,986760.0
1765268400000,2025-12-09 10:20:00,0.000262,0.000262,0.0002613,0.0002613,4218830.0
1765268700000,2025-12-09 10:25:00,0.0002613,0.0002623,0.0002613,0.0002623,8572310.0
1765269000000,2025-12-09 10:30:00,0.0002623,0.0002623,0.0002618,0.0002622,4708680.0
1765269300000,2025-12-09 10:35:00,0.0002622,0.0002622,0.0002619,0.0002619,2013790.0
1765269600000,2025-12-09 10:40:00,0.0002619,0.0002622,0.0002619,0.0002622,24090.0
1765269900000,2025-12-09 10:45:00,0.0002622,0.0002627,0.0002622,0.0002623,2672700.0
1765270200000,2025-12-09 10:50:00,0.0002623,0.0002623,0.0002621,0.0002621,1250130.0
1765270500000,2025-12-09 10:55:00,0.0002621,0.0002623,0.0002621,0.0002623,114940.0
1765270800000,2025-12-09 11:00:00,0.0002623,0.0002623,0.0002616,0.0002616,2224630.0
1765271100000,2025-12-09 11:05:00,0.0002616,0.0002619,0.0002616,0.0002619,418860.0
1765271400000,2025-12-09 11:10:00,0.0002619,0.0002619,0.0002616,0.0002616,556130.0
1765271700000,2025-12-09 11:15:00,0.0002616,0.0002619,0.0002616,0.0002618,264560.0
1765272000000,2025-12-09 11:20:00,0.0002618,0.0002618,0.0002616,0.0002616,1682320.0
1765272300000,2025-12-09 11:25:00,0.0002616,0.0002616,0.0002608,0.000261,8231990.0
1765272600000,2025-12-09 11:30:00,0.000261,0.0002614,0.000261,0.0002611,1352870.0
1765272900000,2025-12-09 11:35:00,0.0002611,0.0002612,0.0002609,0.0002609,1515410.0
1765273200000,2025-12-09 11:40:00,0.0002609,0.000261,0.0002609,0.0002609,950260.0
1765273500000,2025-12-09 11:45:00,0.0002609,0.0002609,0.0002605,0.0002606,1581370.0
1765273800000,2025-12-09 11:50:00,0.0002606,0.0002607,0.0002606,0.0002607,287760.0
1765274100000,2025-12-09 11:55:00,0.0002607,0.0002607,0.0002604,0.0002605,1536610.0
1765274400000,2025-12-09 12:00:00,0.0002605,0.0002609,0.0002605,0.0002609,888280.0
1765274700000,2025-12-09 12:05:00,0.0002609,0.0002609,0.0002607,0.0002607,264840.0
1765275000000,2025-12-09 12:10:00,0.0002607,0.0002607,0.0002602,0.0002602,7411760.0
1765275300000,2025-12-09 12:15:00,0.0002602,0.0002605,0.0002602,0.0002605,749310.0
1765275600000,2025-12-09 12:20:00,0.0002605,0.0002605,0.0002604,0.0002604,274190.0
1765275900000,2025-12-09 12:25:00,0.0002604,0.0002605,0.0002603,0.0002605,1997840.0
1765276200000,2025-12-09 12:30:00,0.0002605,0.0002608,0.0002604,0.0002608,1071970.0
1765276500000,2025-12-09 12:35:00,0.0002608,0.000261,0.0002597,0.0002597,3032280.0
1765276800000,2025-12-09 12:40:00,0.0002597,0.0002606,0.0002595,0.0002605,6494530.0
1765277100000,2025-12-09 12:45:00,0.0002605,0.0002606,0.0002604,0.0002606,436860.0
1765277400000,2025-12-09 12:50:00,0.0002606,0.0002609,0.0002606,0.0002608,598910.0
1765277700000,2025-12-09 12:55:00,0.0002608,0.0002609,0.0002608,0.0002609,45330.0
1765278000000,2025-12-09 13:00:00,0.0002609,0.0002612,0.0002608,0.0002612,4789580.0
1765278300000,2025-12-09 13:05:00,0.0002612,0.0002615,0.0002612,0.0002615,388450.0
1765278600000,2025-12-09 13:10:00,0.0002615,0.0002618,0.0002615,0.0002616,2844230.0
1765278900000,2025-12-09 13:15:00,0.0002616,0.0002619,0.0002614,0.0002614,2459170.0
1765279200000,2025-12-09 13:20:00,0.0002614,0.0002618,0.0002614,0.0002618,335780.0
1765279500000,2025-12-09 13:25:00,0.0002618,0.0002618,0.0002618,0.0002618,0.0
1765279800000,2025-12-09 13:30:00,0.0002618,0.0002622,0.0002618,0.000262,2188670.0
1765280100000,2025-12-09 13:35:00,0.000262,0.0002621,0.000262,0.000262,1261490.0
1765280400000,2025-12-09 13:40:00,0.000262,0.0002623,0.0002619,0.0002621,2169210.0
1765280700000,2025-12-09 13:45:00,0.0002621,0.0002624,0.0002621,0.0002622,5882740.0
1765281000000,2025-12-09 13:50:00,0.0002622,0.0002624,0.0002622,0.0002624,303740.0
1765281300000,2025-12-09 13:55:00,0.0002624,0.0002627,0.0002624,0.0002627,392630.0
1765281600000,2025-12-09 14:00:00,0.0002627,0.0002636,0.0002626,0.0002636,1493230.0
1765281900000,2025-12-09 14:05:00,0.0002636,0.0002642,0.0002635,0.0002641,11657490.0
1765282200000,2025-12-09 14:10:00,0.0002641,0.0002642,0.0002639,0.0002641,2791520.0
1765282500000,2025-12-09 14:15:00,0.0002641,0.0002661,0.000264,0.0002661,29302660.0
1765282800000,2025-12-09 14:20:00,0.0002661,0.000267,0.0002647,0.000265,23857150.0
1765283100000,2025-12-09 14:25:00,0.000265,0.0002652,0.0002648,0.0002648,3738170.0
1765283400000,2025-12-09 14:30:00,0.0002648,0.0002648,0.0002642,0.0002642,3534840.0
1765283700000,2025-12-09 14:35:00,0.0002642,0.0002642,0.0002638,0.0002639,9524230.0
1765284000000,2025-12-09 14:40:00,0.0002639,0.0002643,0.0002639,0.0002641,2162280.0
1765284300000,2025-12-09 14:45:00,0.0002641,0.0002653,0.0002634,0.0002649,14643750.0
1765284600000,2025-12-09 14:50:00,0.0002649,0.0002652,0.0002649,0.000265,3128260.0
1765284900000,2025-12-09 14:55:00,0.000265,0.000265,0.000264,0.0002646,11505910.0
1765285200000,2025-12-09 15:00:00,0.0002646,0.000265,0.0002645,0.0002646,2700930.0
1765285500000,2025-12-09 15:05:00,0.0002646,0.0002646,0.0002644,0.0002644,322950.0
1765285800000,2025-12-09 15:10:00,0.0002644,0.0002645,0.0002644,0.0002645,1102030.0
1765286100000,2025-12-09 15:15:00,0.0002645,0.0002647,0.0002643,0.0002644,660210.0
1765286400000,2025-12-09 15:20:00,0.0002644,0.0002645,0.0002644,0.0002644,326340.0
1765286700000,2025-12-09 15:25:00,0.0002644,0.0002646,0.0002639,0.0002642,9047980.0
1765287000000,2025-12-09 15:30:00,0.0002642,0.0002649,0.0002642,0.0002645,7097960.0
1765287300000,2025-12-09 15:35:00,0.0002645,0.0002645,0.0002638,0.0002642,2048280.0
1765287600000,2025-12-09 15:40:00,0.0002642,0.0002642,0.0002632,0.0002632,2548760.0
1765287900000,2025-12-09 15:45:00,0.0002632,0.0002635,0.0002632,0.0002635,886430.0
1765288200000,2025-12-09 15:50:00,0.0002635,0.0002636,0.0002633,0.0002636,5260270.0
1765288500000,2025-12-09 15:55:00,0.0002636,0.0002643,0.0002635,0.0002643,2712160.0
1765288800000,2025-12-09 16:00:00,0.0002643,0.0002651,0.0002643,0.0002649,3824260.0
1765289100000,2025-12-09 16:05:00,0.0002649,0.000265,0.0002649,0.0002649,1334480.0
1765289400000,2025-12-09 16:10:00,0.0002649,0.0002649,0.0002646,0.0002647,626500.0
1765289700000,2025-12-09 16:15:00,0.0002647,0.0002648,0.0002645,0.0002648,5515190.0
1765290000000,2025-12-09 16:20:00,0.0002648,0.0002649,0.0002644,0.0002645,10399870.0
1765290300000,2025-12-09 16:25:00,0.0002645,0.0002645,0.0002638,0.0002642,3952210.0
1765290600000,2025-12-09 16:30:00,0.0002642,0.0002645,0.0002631,0.0002641,23214570.0
1765290900000,2025-12-09 16:35:00,0.0002641,0.0002646,0.000264,0.0002642,5238520.0
1765291200000,2025-12-09 16:40:00,0.0002642,0.0002642,0.0002634,0.0002634,7112450.0
1765291500000,2025-12-09 16:45:00,0.0002634,0.0002635,0.000263,0.0002633,11952890.0
1765291800000,2025-12-09 16:50:00,0.0002633,0.0002636,0.0002631,0.0002636,7446980.0
1765292100000,2025-12-09 16:55:00,0.0002636,0.0002638,0.0002635,0.0002638,911300.0
1765292400000,2025-12-09 17:00:00,0.0002638,0.000268,0.0002637,0.0002653,57196390.0
1765292700000,2025-12-09 17:05:00,0.0002653,0.0002659,0.0002641,0.0002646,13309680.0
1765293000000,2025-12-09 17:10:00,0.0002646,0.0002649,0.000264,0.0002641,4501250.0
1765293300000,2025-12-09 17:15:00,0.0002641,0.0002649,0.0002641,0.0002648,1348740.0
1765293600000,2025-12-09 17:20:00,0.0002648,0.0002651,0.0002642,0.0002644,5001670.0
1765293900000,2025-12-09 17:25:00,0.0002644,0.0002662,0.0002644,0.0002655,8870640.0
1765294200000,2025-12-09 17:30:00,0.0002655,0.0002659,0.0002654,0.0002654,5859290.0
1765294500000,2025-12-09 17:35:00,0.0002654,0.0002664,0.0002654,0.0002661,10947650.0
1765294800000,2025-12-09 17:40:00,0.0002661,0.0002673,0.0002661,0.0002673,11693720.0
1765295100000,2025-12-09 17:45:00,0.0002673,0.0002675,0.000266,0.0002665,15821220.0
1765295400000,2025-12-09 17:50:00,0.0002665,0.0002675,0.0002665,0.0002671,18556440.0
1765295700000,2025-12-09 17:55:00,0.0002671,0.0002672,0.0002668,0.0002671,5799420.0
1765296000000,2025-12-09 18:00:00,0.0002671,0.0002692,0.0002671,0.0002682,73018470.0
1765296300000,2025-12-09 18:05:00,0.0002682,0.0002684,0.0002674,0.0002674,5866440.0
1765296600000,2025-12-09 18:10:00,0.0002674,0.0002692,0.0002674,0.0002687,9217610.0
1765296900000,2025-12-09 18:15:00,0.0002687,0.0002696,0.0002682,0.0002684,16749240.0
1765297200000,2025-12-09 18:20:00,0.0002684,0.0002691,0.0002678,0.0002689,6893330.0
1765297500000,2025-12-09 18:25:00,0.0002689,0.0002694,0.0002681,0.0002688,4896720.0
1765297800000,2025-12-09 18:30:00,0.0002688,0.00027,0.0002687,0.0002698,6046670.0
1765298100000,2025-12-09 18:35:00,0.0002698,0.0002705,0.0002698,0.00027,7490980.0
1765298400000,2025-12-09 18:40:00,0.00027,0.0002704,0.0002693,0.0002695,7044880.0
1765298700000,2025-12-09 18:45:00,0.0002695,0.0002699,0.0002691,0.0002699,5813700.0
1765299000000,2025-12-09 18:50:00,0.0002699,0.0002702,0.0002693,0.0002696,10157470.0
1765299300000,2025-12-09 18:55:00,0.0002696,0.0002702,0.0002694,0.0002701,14121050.0
1765299600000,2025-12-09 19:00:00,0.0002701,0.0002708,0.00027,0.0002708,14434590.0
1765299900000,2025-12-09 19:05:00,0.0002708,0.0002714,0.0002707,0.0002712,5941010.0
1765300200000,2025-12-09 19:10:00,0.0002712,0.0002712,0.0002707,0.0002709,5369610.0
1765300500000,2025-12-09 19:15:00,0.0002709,0.0002709,0.0002696,0.0002696,10110510.0
1765300800000,2025-12-09 19:20:00,0.0002696,0.0002704,0.0002686,0.000269,33132790.0
1765301100000,2025-12-09 19:25:00,0.000269,0.0002706,0.0002687,0.0002703,16739700.0
1765301400000,2025-12-09 19:30:00,0.0002703,0.0002709,0.0002694,0.0002696,65913680.0
1765301700000,2025-12-09 19:35:00,0.0002696,0.0002707,0.0002696,0.0002706,6001390.0
1765302000000,2025-12-09 19:40:00,0.0002706,0.0002706,0.00027,0.00027,3204990.0
1765302300000,2025-12-09 19:45:00,0.00027,0.0002705,0.00027,0.0002705,1980260.0
1765302600000,2025-12-09 19:50:00,0.0002705,0.0002708,0.0002704,0.0002706,6579820.0
1765302900000,2025-12-09 19:55:00,0.0002706,0.0002707,0.0002702,0.0002706,3999170.0
1765303200000,2025-12-09 20:00:00,0.0002706,0.0002706,0.00027,0.0002701,3652570.0
1765303500000,2025-12-09 20:05:00,0.0002701,0.0002701,0.0002696,0.0002696,7496280.0
1765303800000,2025-12-09 20:10:00,0.0002696,0.0002698,0.0002693,0.0002695,2318810.0
1765304100000,2025-12-09 20:15:00,0.0002695,0.0002699,0.0002693,0.0002699,2936920.0
1765304400000,2025-12-09 20:20:00,0.0002699,0.0002701,0.0002695,0.0002695,2991760.0
1765304700000,2025-12-09 20:25:00,0.0002695,0.0002696,0.0002693,0.0002696,2560720.0
1765305000000,2025-12-09 20:30:00,0.0002696,0.0002696,0.0002688,0.0002688,1923610.0
1765305300000,2025-12-09 20:35:00,0.0002688,0.0002688,0.0002682,0.0002684,8027730.0
1765305600000,2025-12-09 20:40:00,0.0002684,0.0002686,0.0002684,0.0002685,2067190.0
1765305900000,2025-12-09 20:45:00,0.0002685,0.0002685,0.0002682,0.0002683,4239230.0
1765306200000,2025-12-09 20:50:00,0.0002683,0.0002688,0.000268,0.0002688,4167530.0
1765306500000,2025-12-09 20:55:00,0.0002688,0.0002694,0.0002688,0.0002691,1301220.0
1765306800000,2025-12-09 21:00:00,0.0002691,0.0002691,0.0002683,0.0002684,3476060.0
1765307100000,2025-12-09 21:05:00,0.0002684,0.0002686,0.0002679,0.000268,932040.0
1765307400000,2025-12-09 21:10:00,0.000268,0.0002681,0.0002678,0.0002679,3011010.0
1765307700000,2025-12-09 21:15:00,0.0002679,0.0002684,0.0002678,0.0002684,2009210.0
1765308000000,2025-12-09 21:20:00,0.0002684,0.0002684,0.0002678,0.0002678,1637280.0
1765308300000,2025-12-09 21:25:00,0.0002678,0.0002678,0.0002676,0.0002677,2204890.0
1765308600000,2025-12-09 21:30:00,0.0002677,0.0002685,0.0002677,0.0002682,2683150.0
1765308900000,2025-12-09 21:35:00,0.0002682,0.0002682,0.000268,0.0002682,727690.0
1765309200000,2025-12-09 21:40:00,0.0002682,0.0002685,0.0002675,0.0002675,1810050.0
1765309500000,2025-12-09 21:45:00,0.0002675,0.0002681,0.0002675,0.0002679,1441280.0
1765309800000,2025-12-09 21:50:00,0.0002679,0.0002682,0.0002678,0.0002682,1418270.0
1765310100000,2025-12-09 21:55:00,0.0002682,0.0002685,0.0002678,0.0002684,3972650.0
1765310400000,2025-12-09 22:00:00,0.0002684,0.0002685,0.000268,0.000268,2249020.0
1765310700000,2025-12-09 22:05:00,0.000268,0.0002682,0.0002678,0.0002682,1246500.0
1765311000000,2025-12-09 22:10:00,0.0002682,0.0002684,0.000268,0.000268,1136350.0
1765311300000,2025-12-09 22:15:00,0.000268,0.000268,0.0002662,0.0002665,4126990.0
1765311600000,2025-12-09 22:20:00,0.0002665,0.0002668,0.0002656,0.0002656,7573640.0
1765311900000,2025-12-09 22:25:00,0.0002656,0.0002661,0.0002651,0.000266,9113570.0
1765312200000,2025-12-09 22:30:00,0.000266,0.0002662,0.0002653,0.0002653,6555020.0
1765312500000,2025-12-09 22:35:00,0.0002653,0.0002666,0.0002653,0.0002662,8907950.0
1765312800000,2025-12-09 22:40:00,0.0002662,0.0002665,0.000266,0.0002663,1219380.0
1765313100000,2025-12-09 22:45:00,0.0002663,0.0002664,0.0002662,0.0002664,4285870.0
1765313400000,2025-12-09 22:50:00,0.0002664,0.0002667,0.0002663,0.0002665,1713010.0
1765313700000,2025-12-09 22:55:00,0.0002665,0.0002666,0.0002663,0.0002666,1868490.0
1765314000000,2025-12-09 23:00:00,0.0002666,0.0002667,0.0002664,0.0002666,2367080.0
1765314300000,2025-12-09 23:05:00,0.0002666,0.0002667,0.0002661,0.0002661,1845780.0
1765314600000,2025-12-09 23:10:00,0.0002661,0.0002665,0.0002661,0.0002664,4809310.0
1765314900000,2025-12-09 23:15:00,0.0002664,0.0002666,0.0002661,0.0002666,7087930.0
1765315200000,2025-12-09 23:20:00,0.0002666,0.0002667,0.0002665,0.0002667,1888920.0
1765315500000,2025-12-09 23:25:00,0.0002667,0.0002667,0.0002667,0.0002667,30280.0
1765315800000,2025-12-09 23:30:00,0.0002667,0.0002667,0.0002664,0.0002664,1037930.0
1765316100000,2025-12-09 23:35:00,0.0002664,0.0002664,0.0002663,0.0002663,584980.0
1765316400000,2025-12-09 23:40:00,0.0002663,0.0002663,0.0002663,0.0002663,261250.0
1765316700000,2025-12-09 23:45:00,0.0002663,0.0002663,0.0002641,0.0002651,9322810.0
1765317000000,2025-12-09 23:50:00,0.0002651,0.0002651,0.0002644,0.0002644,1527420.0
1765317300000,2025-12-09 23:55:00,0.0002644,0.0002656,0.0002643,0.0002653,2658060.0
1765317600000,2025-12-10 00:00:00,0.0002653,0.0002663,0.0002653,0.0002663,11328680.0
1765317900000,2025-12-10 00:05:00,0.0002663,0.0002672,0.0002663,0.0002666,970460.0
1765318200000,2025-12-10 00:10:00,0.0002666,0.000267,0.0002665,0.0002667,1874320.0
1765318500000,2025-12-10 00:15:00,0.0002667,0.0002667,0.0002664,0.0002664,659350.0
1765318800000,2025-12-10 00:20:00,0.0002664,0.0002669,0.0002664,0.0002669,970090.0
1765319100000,2025-12-10 00:25:00,0.0002669,0.0002669,0.0002668,0.0002668,1760280.0
1765319400000,2025-12-10 00:30:00,0.0002668,0.0002672,0.0002668,0.0002671,819080.0
1765319700000,2025-12-10 00:35:00,0.0002671,0.0002677,0.0002671,0.0002676,3528100.0
1765320000000,2025-12-10 00:40:00,0.0002676,0.0002679,0.0002674,0.0002677,5279850.0
1765320300000,2025-12-10 00:45:00,0.0002677,0.0002678,0.0002677,0.0002678,362550.0
1765320600000,2025-12-10 00:50:00,0.0002678,0.0002678,0.0002674,0.0002674,392210.0
1765320900000,2025-12-10 00:55:00,0.0002674,0.0002677,0.0002672,0.0002677,2711440.0
1765321200000,2025-12-10 01:00:00,0.0002677,0.0002681,0.0002674,0.0002681,1857470.0
1765321500000,2025-12-10 01:05:00,0.0002681,0.0002682,0.000268,0.000268,1731970.0
1765321800000,2025-12-10 01:10:00,0.000268,0.0002682,0.0002676,0.0002676,3101660.0
1765322100000,2025-12-10 01:15:00,0.0002676,0.000268,0.0002674,0.000268,3207880.0
1765322400000,2025-12-10 01:20:00,0.000268,0.000268,0.0002676,0.0002676,255680.0
1765322700000,2025-12-10 01:25:00,0.0002676,0.0002681,0.0002674,0.0002681,2600420.0
1765323000000,2025-12-10 01:30:00,0.0002681,0.0002683,0.0002681,0.0002683,45390.0
1765323300000,2025-12-10 01:35:00,0.0002683,0.0002684,0.0002683,0.0002684,1806020.0
1765323600000,2025-12-10 01:40:00,0.0002684,0.0002685,0.0002682,0.0002685,1516070.0
1765323900000,2025-12-10 01:45:00,0.0002685,0.0002685,0.0002681,0.0002681,371770.0
1765324200000,2025-12-10 01:50:00,0.0002681,0.0002681,0.0002676,0.0002679,1789900.0
1765324500000,2025-12-10 01:55:00,0.0002679,0.0002684,0.0002678,0.0002684,5757370.0
1765324800000,2025-12-10 02:00:00,0.0002684,0.0002691,0.000268,0.0002687,3633020.0
1765325100000,2025-12-10 02:05:00,0.0002687,0.0002688,0.0002685,0.0002687,1429280.0
1765325400000,2025-12-10 02:10:00,0.0002687,0.0002688,0.0002681,0.0002682,596970.0
1765325700000,2025-12-10 02:15:00,0.0002682,0.0002682,0.0002674,0.0002676,1087500.0
1765326000000,2025-12-10 02:20:00,0.0002676,0.0002679,0.0002674,0.0002679,1223250.0
1765326300000,2025-12-10 02:25:00,0.0002679,0.0002679,0.0002668,0.0002676,3040100.0
1765326600000,2025-12-10 02:30:00,0.0002676,0.0002676,0.000267,0.000267,1534340.0
1765326900000,2025-12-10 02:35:00,0.000267,0.0002674,0.000267,0.0002674,406380.0
1765327200000,2025-12-10 02:40:00,0.0002674,0.0002674,0.0002668,0.0002669,1079130.0
1765327500000,2025-12-10 02:45:00,0.0002669,0.0002673,0.0002664,0.0002664,745790.0
1765327800000,2025-12-10 02:50:00,0.0002664,0.0002669,0.0002664,0.0002666,1034220.0
1765328100000,2025-12-10 02:55:00,0.0002666,0.0002667,0.0002664,0.0002664,577960.0
1765328400000,2025-12-10 03:00:00,0.0002664,0.000267,0.0002664,0.0002667,2018070.0
1765328700000,2025-12-10 03:05:00,0.0002667,0.0002667,0.0002663,0.0002664,1129550.0
1765329000000,2025-12-10 03:10:00,0.0002664,0.0002664,0.0002663,0.0002663,515000.0
1765329300000,2025-12-10 03:15:00,0.0002663,0.0002668,0.0002662,0.0002668,4928410.0
1765329600000,2025-12-10 03:20:00,0.0002668,0.0002668,0.0002663,0.0002663,1370890.0
1765329900000,2025-12-10 03:25:00,0.0002663,0.0002665,0.0002663,0.0002665,706460.0
1765330200000,2025-12-10 03:30:00,0.0002665,0.0002665,0.0002659,0.0002659,3106370.0
1765330500000,2025-12-10 03:35:00,0.0002659,0.000266,0.0002659,0.000266,404650.0
1765330800000,2025-12-10 03:40:00,0.000266,0.0002662,0.000266,0.0002662,151020.0
1765331100000,2025-12-10 03:45:00,0.0002662,0.0002666,0.0002661,0.0002661,1614740.0
1765331400000,2025-12-10 03:50:00,0.0002661,0.0002665,0.0002661,0.0002664,583970.0
1765331700000,2025-12-10 03:55:00,0.0002664,0.0002668,0.0002664,0.0002668,536620.0
1765332000000,2025-12-10 04:00:00,0.0002668,0.0002668,0.0002665,0.0002668,1263600.0
1765332300000,2025-12-10 04:05:00,0.0002668,0.0002668,0.0002666,0.0002668,933610.0
1765332600000,2025-12-10 04:10:00,0.0002668,0.0002673,0.0002668,0.0002673,571950.0
1765332900000,2025-12-10 04:15:00,0.0002673,0.0002679,0.0002673,0.0002679,1046760.0
1765333200000,2025-12-10 04:20:00,0.0002679,0.0002682,0.0002679,0.0002682,1462710.0
1765333500000,2025-12-10 04:25:00,0.0002682,0.0002682,0.0002681,0.0002682,1027250.0
1765333800000,2025-12-10 04:30:00,0.0002682,0.0002682,0.0002678,0.0002679,2512380.0
1765334100000,2025-12-10 04:35:00,0.0002679,0.0002681,0.0002679,0.0002681,765240.0
1765334400000,2025-12-10 04:40:00,0.0002681,0.0002686,0.0002681,0.0002686,3997180.0
1765334700000,2025-12-10 04:45:00,0.0002686,0.0002687,0.0002683,0.0002686,1452410.0
1765335000000,2025-12-10 04:50:00,0.0002686,0.0002686,0.0002679,0.0002679,1545550.0
1765335300000,2025-12-10 04:55:00,0.0002679,0.0002679,0.0002678,0.0002679,631970.0
1765335600000,2025-12-10 05:00:00,0.0002679,0.0002684,0.0002679,0.0002684,752220.0
1765335900000,2025-12-10 05:05:00,0.0002684,0.0002685,0.0002684,0.0002685,793870.0
1765336200000,2025-12-10 05:10:00,0.0002685,0.0002686,0.0002685,0.0002685,841840.0
1765336500000,2025-12-10 05:15:00,0.0002685,0.0002685,0.000268,0.000268,1213910.0
1765336800000,2025-12-10 05:20:00,0.000268,0.000268,0.0002675,0.0002677,703510.0
1765337100000,2025-12-10 05:25:00,0.0002677,0.0002679,0.0002675,0.0002679,517220.0
1765337400000,2025-12-10 05:30:00,0.0002679,0.000268,0.0002678,0.0002678,537560.0
1765337700000,2025-12-10 05:35:00,0.0002678,0.0002678,0.0002677,0.0002678,431990.0
1765338000000,2025-12-10 05:40:00,0.0002678,0.0002678,0.0002677,0.0002677,220350.0
1765338300000,2025-12-10 05:45:00,0.0002677,0.0002679,0.0002677,0.0002679,110830.0
1765338600000,2025-12-10 05:50:00,0.0002679,0.0002679,0.0002678,0.0002678,160630.0
1765338900000,2025-12-10 05:55:00,0.0002678,0.0002678,0.0002675,0.0002675,91160.0
1765339200000,2025-12-10 06:00:00,0.0002675,0.0002679,0.0002675,0.0002679,325260.0
1765339500000,2025-12-10 06:05:00,0.0002679,0.000268,0.0002675,0.0002677,3521760.0
1765339800000,2025-12-10 06:10:00,0.0002677,0.0002677,0.0002677,0.0002677,0.0
1765340100000,2025-12-10 06:15:00,0.0002677,0.000268,0.0002677,0.0002679,399730.0
1765340400000,2025-12-10 06:20:00,0.0002679,0.0002679,0.0002673,0.0002673,774330.0
1765340700000,2025-12-10 06:25:00,0.0002673,0.0002673,0.0002673,0.0002673,13570.0
1765341000000,2025-12-10 06:30:00,0.0002673,0.0002676,0.0002673,0.0002676,227180.0
1765341300000,2025-12-10 06:35:00,0.0002676,0.0002676,0.0002675,0.0002676,325030.0
1765341600000,2025-12-10 06:40:00,0.0002676,0.0002676,0.0002675,0.0002675,80660.0
1765341900000,2025-12-10 06:45:00,0.0002675,0.0002679,0.0002675,0.0002679,210390.0
1765342200000,2025-12-10 06:50:00,0.0002679,0.0002679,0.0002675,0.0002676,909180.0
1765342500000,2025-12-10 06:55:00,0.0002676,0.0002676,0.0002675,0.0002675,30510.0
1765342800000,2025-12-10 07:00:00,0.0002675,0.0002678,0.0002675,0.0002678,73110.0
1765343100000,2025-12-10 07:05:00,0.0002678,0.0002678,0.0002674,0.0002674,859950.0
1765343400000,2025-12-10 07:10:00,0.0002674,0.0002675,0.0002674,0.0002675,240270.0
1765343700000,2025-12-10 07:15:00,0.0002675,0.0002678,0.0002675,0.0002678,224600.0
1765344000000,2025-12-10 07:20:00,0.0002678,0.0002678,0.0002676,0.0002676,383260.0
1765344300000,2025-12-10 07:25:00,0.0002676,0.0002676,0.0002675,0.0002675,162800.0
1765344600000,2025-12-10 07:30:00,0.0002675,0.0002675,0.000267,0.000267,729810.0
1765344900000,2025-12-10 07:35:00,0.000267,0.0002671,0.000267,0.0002671,76450.0
1765345200000,2025-12-10 07:40:00,0.0002671,0.0002671,0.0002671,0.0002671,537410.0
1765345500000,2025-12-10 07:45:00,0.0002671,0.0002674,0.0002671,0.0002674,841360.0
1765345800000,2025-12-10 07:50:00,0.0002674,0.0002674,0.0002674,0.0002674,277580.0
1765346100000,2025-12-10 07:55:00,0.0002674,0.0002676,0.0002674,0.0002676,30510.0
1765346400000,2025-12-10 08:00:00,0.0002676,0.0002679,0.0002676,0.0002678,2401660.0
1765346700000,2025-12-10 08:05:00,0.0002678,0.0002679,0.0002678,0.0002679,1126680.0
1765347000000,2025-12-10 08:10:00,0.0002679,0.0002679,0.0002678,0.0002678,452760.0
1765347300000,2025-12-10 08:15:00,0.0002678,0.0002679,0.0002677,0.0002677,688570.0
1765347600000,2025-12-10 08:20:00,0.0002677,0.0002679,0.0002677,0.0002679,490.0
1765347900000,2025-12-10 08:25:00,0.0002679,0.0002679,0.0002679,0.0002679,25500.0
1765348200000,2025-12-10 08:30:00,0.0002679,0.0002679,0.0002675,0.0002675,669860.0
1765348500000,2025-12-10 08:35:00,0.0002675,0.0002675,0.0002674,0.0002675,404650.0
1765348800000,2025-12-10 08:40:00,0.0002675,0.0002676,0.0002675,0.0002676,184530.0
1765349100000,2025-12-10 08:45:00,0.0002676,0.0002677,0.0002676,0.0002676,97290.0
1765349400000,2025-12-10 08:50:00,0.0002676,0.0002677,0.0002671,0.0002673,881890.0
1765349700000,2025-12-10 08:55:00,0.0002673,0.0002677,0.0002673,0.0002673,1386360.0
1765350000000,2025-12-10 09:00:00,0.0002673,0.0002673,0.0002671,0.0002672,467040.0
1765350300000,2025-12-10 09:05:00,0.0002672,0.0002674,0.0002671,0.0002672,734330.0
1765350600000,2025-12-10 09:10:00,0.0002672,0.0002674,0.0002672,0.0002674,63320.0
1765350900000,2025-12-10 09:15:00,0.0002674,0.0002675,0.0002674,0.0002675,307870.0
1765351200000,2025-12-10 09:20:00,0.0002675,0.0002675,0.0002674,0.0002674,210470.0
1765351500000,2025-12-10 09:25:00,0.0002674,0.0002675,0.0002674,0.0002674,197500.0
1765351800000,2025-12-10 09:30:00,0.0002674,0.0002674,0.0002667,0.000267,3323300.0
1765352100000,2025-12-10 09:35:00,0.000267,0.0002671,0.0002667,0.0002668,1232750.0
1765352400000,2025-12-10 09:40:00,0.0002668,0.0002668,0.0002663,0.0002665,3930930.0
1765352700000,2025-12-10 09:45:00,0.0002665,0.0002669,0.0002665,0.0002666,2552740.0
1765353000000,2025-12-10 09:50:00,0.0002666,0.0002669,0.0002666,0.0002667,335360.0
1765353300000,2025-12-10 09:55:00,0.0002667,0.0002668,0.0002667,0.0002668,939210.0
1765353600000,2025-12-10 10:00:00,0.0002668,0.0002678,0.0002668,0.0002671,10098340.0
1765353900000,2025-12-10 10:05:00,0.0002671,0.0002677,0.000267,0.0002672,7981380.0
1765354200000,2025-12-10 10:10:00,0.0002672,0.0002674,0.0002668,0.0002674,5351610.0
1765354500000,2025-12-10 10:15:00,0.0002674,0.0002674,0.0002665,0.0002665,941800.0
1765354800000,2025-12-10 10:20:00,0.0002665,0.0002665,0.0002663,0.0002663,202630.0
1765355100000,2025-12-10 10:25:00,0.0002663,0.0002663,0.0002658,0.0002658,557770.0
1765355400000,2025-12-10 10:30:00,0.0002658,0.0002658,0.0002654,0.0002654,606230.0
1765355700000,2025-12-10 10:35:00,0.0002654,0.0002655,0.0002654,0.0002655,2705720.0
1765356000000,2025-12-10 10:40:00,0.0002655,0.0002655,0.0002654,0.0002655,2734980.0
1765356300000,2025-12-10 10:45:00,0.0002655,0.0002664,0.0002655,0.0002662,11604180.0
1765356600000,2025-12-10 10:50:00,0.0002662,0.0002662,0.0002656,0.0002659,8478200.0
1765356900000,2025-12-10 10:55:00,0.0002659,0.0002666,0.0002658,0.0002662,8122150.0
1765357200000,2025-12-10 11:00:00,0.0002662,0.0002664,0.0002659,0.0002662,3253780.0
1765357500000,2025-12-10 11:05:00,0.0002662,0.0002662,0.0002662,0.0002662,0.0
1765357800000,2025-12-10 11:10:00,0.0002662,0.0002667,0.0002653,0.000266,9666010.0
1765358100000,2025-12-10 11:15:00,0.000266,0.0002661,0.000266,0.000266,118850.0
1765358400000,2025-12-10 11:20:00,0.000266,0.000266,0.0002657,0.0002657,10270.0
1765358700000,2025-12-10 11:25:00,0.0002657,0.0002657,0.0002656,0.0002656,368700.0
1765359000000,2025-12-10 11:30:00,0.0002656,0.0002658,0.0002656,0.0002657,530710.0
1765359300000,2025-12-10 11:35:00,0.0002657,0.0002657,0.0002657,0.0002657,0.0
1765359600000,2025-12-10 11:40:00,0.0002657,0.0002657,0.0002651,0.0002654,18786890.0
1765359900000,2025-12-10 11:45:00,0.0002654,0.0002662,0.0002654,0.000266,10205320.0
1765360200000,2025-12-10 11:50:00,0.000266,0.000266,0.0002658,0.0002659,1684610.0
1765360500000,2025-12-10 11:55:00,0.0002659,0.000266,0.0002659,0.000266,817910.0
1765360800000,2025-12-10 12:00:00,0.000266,0.0002671,0.0002658,0.0002667,2588790.0
1765361100000,2025-12-10 12:05:00,0.0002667,0.0002668,0.000266,0.000266,770630.0
1765361400000,2025-12-10 12:10:00,0.000266,0.000266,0.0002657,0.0002658,371410.0
1765361700000,2025-12-10 12:15:00,0.0002658,0.0002658,0.0002653,0.0002653,342690.0
1765362000000,2025-12-10 12:20:00,0.0002653,0.0002654,0.0002651,0.0002651,393890.0
1765362300000,2025-12-10 12:25:00,0.0002651,0.0002651,0.0002642,0.0002647,2249040.0
1765362600000,2025-12-10 12:30:00,0.0002647,0.0002647,0.0002643,0.0002647,520850.0
1765362900000,2025-12-10 12:35:00,0.0002647,0.0002647,0.0002646,0.0002646,463070.0
1765363200000,2025-12-10 12:40:00,0.0002646,0.0002646,0.0002644,0.0002646,616130.0
1765363500000,2025-12-10 12:45:00,0.0002646,0.0002647,0.0002645,0.0002645,375380.0
1765363800000,2025-12-10 12:50:00,0.0002645,0.000265,0.0002645,0.0002649,741260.0
1765364100000,2025-12-10 12:55:00,0.0002649,0.0002651,0.0002648,0.0002648,245290.0
1765364400000,2025-12-10 13:00:00,0.0002648,0.0002651,0.0002642,0.0002651,7832360.0
1765364700000,2025-12-10 13:05:00,0.0002651,0.0002655,0.0002651,0.0002654,4513070.0
1765365000000,2025-12-10 13:10:00,0.0002654,0.0002656,0.0002654,0.0002655,1520010.0
1765365300000,2025-12-10 13:15:00,0.0002655,0.0002657,0.0002653,0.0002655,1910530.0
1765365600000,2025-12-10 13:20:00,0.0002655,0.000266,0.0002655,0.0002659,274880.0
1765365900000,2025-12-10 13:25:00,0.0002659,0.0002663,0.0002659,0.0002663,229760.0
1765366200000,2025-12-10 13:30:00,0.0002663,0.0002666,0.0002661,0.0002662,2000090.0
1765366500000,2025-12-10 13:35:00,0.0002662,0.0002664,0.0002662,0.0002663,394880.0
1765366800000,2025-12-10 13:40:00,0.0002663,0.0002669,0.0002661,0.0002661,3928720.0
1765367100000,2025-12-10 13:45:00,0.0002661,0.0002665,0.0002659,0.0002665,3487930.0
1765367400000,2025-12-10 13:50:00,0.0002665,0.0002679,0.0002665,0.0002671,2230550.0
1765367700000,2025-12-10 13:55:00,0.0002671,0.0002676,0.0002669,0.0002676,18616270.0
1765368000000,2025-12-10 14:00:00,0.0002676,0.0002684,0.000267,0.0002677,45223900.0
1765368300000,2025-12-10 14:05:00,0.0002677,0.0002678,0.0002665,0.0002667,6437810.0
1765368600000,2025-12-10 14:10:00,0.0002667,0.0002667,0.0002662,0.0002663,2332500.0
1765368900000,2025-12-10 14:15:00,0.0002663,0.0002663,0.000266,0.000266,667600.0
1765369200000,2025-12-10 14:20:00,0.000266,0.0002662,0.0002658,0.0002659,1335820.0
1765369500000,2025-12-10 14:25:00,0.0002659,0.0002659,0.0002656,0.0002659,799420.0
1765369800000,2025-12-10 14:30:00,0.0002659,0.0002662,0.0002656,0.0002661,606820.0
1765370100000,2025-12-10 14:35:00,0.0002661,0.0002663,0.0002661,0.0002663,416590.0
1765370400000,2025-12-10 14:40:00,0.0002663,0.0002665,0.0002662,0.0002665,4442910.0
1765370700000,2025-12-10 14:45:00,0.0002665,0.0002666,0.0002662,0.0002662,676940.0
1765371000000,2025-12-10 14:50:00,0.0002662,0.0002662,0.000266,0.000266,5030030.0
1765371300000,2025-12-10 14:55:00,0.000266,0.0002664,0.000266,0.0002663,502490.0
1765371600000,2025-12-10 15:00:00,0.0002663,0.0002664,0.0002661,0.0002664,2132790.0
1765371900000,2025-12-10 15:05:00,0.0002664,0.0002671,0.0002664,0.000267,2221070.0
1765372200000,2025-12-10 15:10:00,0.000267,0.000267,0.0002667,0.0002667,6760.0
1765372500000,2025-12-10 15:15:00,0.0002667,0.0002667,0.0002666,0.0002666,95330.0
1765372800000,2025-12-10 15:20:00,0.0002666,0.0002668,0.0002666,0.0002666,828320.0
1765373100000,2025-12-10 15:25:00,0.0002666,0.000267,0.0002666,0.000267,1546500.0
1765373400000,2025-12-10 15:30:00,0.000267,0.000267,0.0002667,0.0002669,604970.0
1765373700000,2025-12-10 15:35:00,0.0002669,0.0002671,0.0002668,0.000267,2211180.0
1765374000000,2025-12-10 15:40:00,0.000267,0.000268,0.0002669,0.0002676,6928270.0
1765374300000,2025-12-10 15:45:00,0.0002676,0.0002678,0.0002675,0.0002676,555160.0
1765374600000,2025-12-10 15:50:00,0.0002676,0.0002676,0.0002676,0.0002676,0.0
1765374900000,2025-12-10 15:55:00,0.0002676,0.0002676,0.0002674,0.0002674,355530.0
1765375200000,2025-12-10 16:00:00,0.0002674,0.0002674,0.0002673,0.0002674,132110.0
1765375500000,2025-12-10 16:05:00,0.0002674,0.0002676,0.0002674,0.0002676,1710410.0
1765375800000,2025-12-10 16:10:00,0.0002676,0.0002678,0.0002675,0.0002676,7640400.0
1765376100000,2025-12-10 16:15:00,0.0002676,0.000268,0.0002676,0.000268,1028260.0
1765376400000,2025-12-10 16:20:00,0.000268,0.0002684,0.000268,0.0002683,1016850.0
1765376700000,2025-12-10 16:25:00,0.0002683,0.0002683,0.000268,0.000268,263670.0
1765377000000,2025-12-10 16:30:00,0.000268,0.0002688,0.0002678,0.0002685,2402070.0
1765377300000,2025-12-10 16:35:00,0.0002685,0.0002687,0.0002683,0.0002685,6461530.0
1765377600000,2025-12-10 16:40:00,0.0002685,0.0002688,0.0002685,0.0002687,644310.0
1765377900000,2025-12-10 16:45:00,0.0002687,0.0002688,0.0002685,0.0002686,311840.0
1765378200000,2025-12-10 16:50:00,0.0002686,0.0002687,0.0002679,0.0002683,1155490.0
1765378500000,2025-12-10 16:55:00,0.0002683,0.0002686,0.000268,0.0002685,973830.0
1765378800000,2025-12-10 17:00:00,0.0002685,0.0002692,0.0002683,0.0002692,3793480.0
1765379100000,2025-12-10 17:05:00,0.0002692,0.0002695,0.0002688,0.0002693,10637830.0
1765379400000,2025-12-10 17:10:00,0.0002693,0.0002699,0.000269,0.0002694,8430620.0
1765379700000,2025-12-10 17:15:00,0.0002694,0.0002694,0.0002683,0.0002692,15091290.0
1765380000000,2025-12-10 17:20:00,0.0002692,0.0002692,0.0002687,0.0002687,5331700.0
1765380300000,2025-12-10 17:25:00,0.0002687,0.0002688,0.0002686,0.0002687,1013710.0
1765380600000,2025-12-10 17:30:00,0.0002687,0.000269,0.0002682,0.0002682,1313190.0
1765380900000,2025-12-10 17:35:00,0.0002682,0.0002682,0.000267,0.0002671,4244130.0
1765381200000,2025-12-10 17:40:00,0.0002671,0.0002674,0.000267,0.0002674,6056480.0
1765381500000,2025-12-10 17:45:00,0.0002674,0.0002674,0.0002668,0.0002671,3353280.0
1765381800000,2025-12-10 17:50:00,0.0002671,0.0002672,0.000266,0.000266,13081900.0
1765382100000,2025-12-10 17:55:00,0.000266,0.0002661,0.0002659,0.0002661,15455990.0
1765382400000,2025-12-10 18:00:00,0.0002661,0.0002667,0.0002661,0.0002667,2240380.0
1765382700000,2025-12-10 18:05:00,0.0002667,0.000267,0.0002666,0.0002666,2192930.0
1765383000000,2025-12-10 18:10:00,0.0002666,0.0002666,0.0002661,0.0002665,20396120.0
1765383300000,2025-12-10 18:15:00,0.0002665,0.0002668,0.0002664,0.0002668,4376040.0
1765383600000,2025-12-10 18:20:00,0.0002668,0.0002668,0.0002664,0.0002666,3407530.0
1765383900000,2025-12-10 18:25:00,0.0002666,0.0002668,0.000266,0.0002665,5531640.0
1765384200000,2025-12-10 18:30:00,0.0002665,0.0002665,0.0002654,0.0002656,4322710.0
1765384500000,2025-12-10 18:35:00,0.0002656,0.0002659,0.0002656,0.0002657,773980.0
1765384800000,2025-12-10 18:40:00,0.0002657,0.0002662,0.0002657,0.0002662,2912760.0
1765385100000,2025-12-10 18:45:00,0.0002662,0.0002662,0.0002658,0.0002658,1213200.0
1765385400000,2025-12-10 18:50:00,0.0002658,0.0002664,0.0002658,0.0002664,182310.0
1765385700000,2025-12-10 18:55:00,0.0002664,0.0002664,0.0002657,0.0002662,3586370.0
1765386000000,2025-12-10 19:00:00,0.0002662,0.0002662,0.0002655,0.0002659,4396880.0
1765386300000,2025-12-10 19:05:00,0.0002659,0.000266,0.0002658,0.000266,425950.0
1765386600000,2025-12-10 19:10:00,0.000266,0.0002662,0.0002658,0.000266,4666650.0
1765386900000,2025-12-10 19:15:00,0.000266,0.0002669,0.0002659,0.0002666,2819210.0
1765387200000,2025-12-10 19:20:00,0.0002666,0.0002672,0.0002666,0.0002672,3542900.0
1765387500000,2025-12-10 19:25:00,0.0002672,0.0002672,0.0002666,0.0002666,2913470.0
1765387800000,2025-12-10 19:30:00,0.0002666,0.0002667,0.0002663,0.0002665,1660650.0
1765388100000,2025-12-10 19:35:00,0.0002665,0.0002665,0.0002663,0.0002663,631270.0
1765388400000,2025-12-10 19:40:00,0.0002663,0.0002663,0.0002663,0.0002663,0.0
1765388700000,2025-12-10 19:45:00,0.0002663,0.0002663,0.000266,0.000266,772570.0
1765389000000,2025-12-10 19:50:00,0.000266,0.0002662,0.000266,0.0002661,49242730.0
1765389300000,2025-12-10 19:55:00,0.0002661,0.0002661,0.0002659,0.0002659,270640.0
1765389600000,2025-12-10 20:00:00,0.0002659,0.0002662,0.0002659,0.000266,1300270.0
1765389900000,2025-12-10 20:05:00,0.000266,0.0002662,0.000266,0.0002662,518080.0
1765390200000,2025-12-10 20:10:00,0.0002662,0.0002671,0.0002662,0.0002666,1649550.0
1765390500000,2025-12-10 20:15:00,0.0002666,0.0002668,0.0002665,0.0002668,370860.0
1765390800000,2025-12-10 20:20:00,0.0002668,0.0002668,0.0002663,0.0002664,775730.0
1765391100000,2025-12-10 20:25:00,0.0002664,0.000267,0.0002664,0.000267,814800.0
1765391400000,2025-12-10 20:30:00,0.000267,0.0002729,0.000267,0.0002726,69877350.0
1765391700000,2025-12-10 20:35:00,0.0002726,0.000279,0.000272,0.0002737,144388340.0
1765392000000,2025-12-10 20:40:00,0.0002737,0.0002773,0.000272,0.0002766,159964930.0
1765392300000,2025-12-10 20:45:00,0.0002766,0.0002774,0.0002724,0.0002735,96881150.0
1765392600000,2025-12-10 20:50:00,0.0002735,0.000275,0.0002717,0.0002722,54101160.0
1765392900000,2025-12-10 20:55:00,0.0002722,0.0002745,0.0002678,0.0002731,124524280.0
1765393200000,2025-12-10 21:00:00,0.0002731,0.0002745,0.0002694,0.0002711,100532840.0
1765393500000,2025-12-10 21:05:00,0.0002711,0.0002741,0.000271,0.0002723,29067050.0
1765393800000,2025-12-10 21:10:00,0.0002723,0.0002732,0.0002707,0.0002712,36947500.0
1765394100000,2025-12-10 21:15:00,0.0002712,0.0002728,0.0002703,0.0002709,42304050.0
1765394400000,2025-12-10 21:20:00,0.0002709,0.0002775,0.0002709,0.0002734,106171630.0
1765394700000,2025-12-10 21:25:00,0.0002734,0.000275,0.000272,0.0002732,150440280.0
1765395000000,2025-12-10 21:30:00,0.0002732,0.0002734,0.0002714,0.0002718,49956340.0
1765395300000,2025-12-10 21:35:00,0.0002718,0.0002719,0.0002698,0.0002715,43951850.0
1765395600000,2025-12-10 21:40:00,0.0002715,0.0002718,0.0002694,0.0002705,31776030.0
1765395900000,2025-12-10 21:45:00,0.0002705,0.0002709,0.0002688,0.0002694,18679500.0
1765396200000,2025-12-10 21:50:00,0.0002694,0.0002701,0.0002688,0.0002692,47658870.0
1765396500000,2025-12-10 21:55:00,0.0002692,0.0002695,0.0002686,0.0002689,9331560.0
1765396800000,2025-12-10 22:00:00,0.0002689,0.0002692,0.0002668,0.0002677,25371370.0
1765397100000,2025-12-10 22:05:00,0.0002677,0.0002688,0.0002675,0.0002687,2851110.0
1765397400000,2025-12-10 22:10:00,0.0002687,0.0002709,0.0002686,0.0002709,15066060.0
1765397700000,2025-12-10 22:15:00,0.0002709,0.0002722,0.0002677,0.0002679,36237290.0
1765398000000,2025-12-10 22:20:00,0.0002679,0.0002694,0.0002672,0.0002683,20276580.0
1765398300000,2025-12-10 22:25:00,0.0002683,0.0002698,0.0002683,0.0002697,19144840.0
1765398600000,2025-12-10 22:30:00,0.0002697,0.0002703,0.0002695,0.0002702,11044010.0
1765398900000,2025-12-10 22:35:00,0.0002702,0.0002702,0.0002693,0.0002696,5020290.0
1765399200000,2025-12-10 22:40:00,0.0002696,0.0002705,0.0002696,0.0002704,1438230.0
1765399500000,2025-12-10 22:45:00,0.0002704,0.0002704,0.000269,0.00027,3364250.0
1765399800000,2025-12-10 22:50:00,0.00027,0.0002702,0.0002667,0.0002675,8492720.0
1765400100000,2025-12-10 22:55:00,0.0002675,0.0002681,0.0002675,0.000268,1276610.0
1765400400000,2025-12-10 23:00:00,0.000268,0.0002688,0.0002671,0.0002671,4644380.0
1765400700000,2025-12-10 23:05:00,0.0002671,0.0002674,0.0002658,0.0002665,3526070.0
1765401000000,2025-12-10 23:10:00,0.0002665,0.0002673,0.000265,0.0002672,11406230.0
1765401300000,2025-12-10 23:15:00,0.0002672,0.0002673,0.0002666,0.000267,4094460.0
1765401600000,2025-12-10 23:20:00,0.000267,0.0002673,0.0002667,0.0002669,1894060.0
1765401900000,2025-12-10 23:25:00,0.0002669,0.0002673,0.0002669,0.0002669,2793470.0
1765402200000,2025-12-10 23:30:00,0.0002669,0.0002669,0.0002663,0.0002665,6153090.0
1765402500000,2025-12-10 23:35:00,0.0002665,0.0002682,0.0002665,0.0002673,14014900.0
1765402800000,2025-12-10 23:40:00,0.0002673,0.0002674,0.0002669,0.0002671,5081490.0
1765403100000,2025-12-10 23:45:00,0.0002671,0.0002671,0.0002668,0.0002668,820570.0
1765403400000,2025-12-10 23:50:00,0.0002668,0.0002671,0.0002667,0.0002667,1682040.0
1765403700000,2025-12-10 23:55:00,0.0002667,0.0002667,0.0002635,0.0002649,36372500.0
1765404000000,2025-12-11 00:00:00,0.0002649,0.0002651,0.0002645,0.0002645,6802510.0
1765404300000,2025-12-11 00:05:00,0.0002645,0.000265,0.0002642,0.0002649,4168410.0
1765404600000,2025-12-11 00:10:00,0.0002649,0.0002653,0.0002618,0.0002632,14759550.0
1765404900000,2025-12-11 00:15:00,0.0002632,0.0002636,0.0002628,0.0002636,6880150.0
1765405200000,2025-12-11 00:20:00,0.0002636,0.0002637,0.0002633,0.0002637,286350.0
1765405500000,2025-12-11 00:25:00,0.0002637,0.0002646,0.0002637,0.0002637,3466100.0
1765405800000,2025-12-11 00:30:00,0.0002637,0.0002642,0.0002637,0.000264,3905550.0
1765406100000,2025-12-11 00:35:00,0.000264,0.0002648,0.000264,0.0002648,1268330.0
1765406400000,2025-12-11 00:40:00,0.0002648,0.0002652,0.0002645,0.0002652,2138090.0
1765406700000,2025-12-11 00:45:00,0.0002652,0.0002652,0.0002647,0.0002647,1851650.0
1765407000000,2025-12-11 00:50:00,0.0002647,0.0002647,0.0002644,0.0002646,115780.0
1765407300000,2025-12-11 00:55:00,0.0002646,0.0002653,0.0002646,0.0002653,774450.0
1765407600000,2025-12-11 01:00:00,0.0002653,0.0002653,0.000265,0.0002653,4364550.0
1765407900000,2025-12-11 01:05:00,0.0002653,0.0002657,0.0002652,0.0002652,899960.0
1765408200000,2025-12-11 01:10:00,0.0002652,0.000266,0.000265,0.0002655,1912930.0
1765408500000,2025-12-11 01:15:00,0.0002655,0.0002656,0.0002654,0.0002656,271180.0
1765408800000,2025-12-11 01:20:00,0.0002656,0.0002657,0.0002656,0.0002657,732350.0
1765409100000,2025-12-11 01:25:00,0.0002657,0.0002658,0.000265,0.0002652,1418050.0
1765409400000,2025-12-11 01:30:00,0.0002652,0.0002652,0.0002643,0.0002648,2557560.0
1765409700000,2025-12-11 01:35:00,0.0002648,0.0002652,0.0002641,0.0002649,6459890.0
1765410000000,2025-12-11 01:40:00,0.0002649,0.0002653,0.0002648,0.0002652,778970.0
1765410300000,2025-12-11 01:45:00,0.0002652,0.0002652,0.0002648,0.0002648,423570.0
1765410600000,2025-12-11 01:50:00,0.0002648,0.0002649,0.0002643,0.0002643,675930.0
1765410900000,2025-12-11 01:55:00,0.0002643,0.0002645,0.0002639,0.0002639,1203900.0
1765411200000,2025-12-11 02:00:00,0.0002639,0.0002642,0.0002636,0.0002638,5801230.0
1765411500000,2025-12-11 02:05:00,0.0002638,0.0002649,0.0002638,0.0002646,4033080.0
1765411800000,2025-12-11 02:10:00,0.0002646,0.0002648,0.0002641,0.0002643,5018660.0
1765412100000,2025-12-11 02:15:00,0.0002643,0.0002646,0.0002634,0.0002634,5507770.0
1765412400000,2025-12-11 02:20:00,0.0002634,0.0002634,0.0002626,0.0002632,14723980.0
1765412700000,2025-12-11 02:25:00,0.0002632,0.0002633,0.0002629,0.000263,2013150.0
1765413000000,2025-12-11 02:30:00,0.000263,0.0002634,0.0002629,0.0002629,2682440.0
1765413300000,2025-12-11 02:35:00,0.0002629,0.0002636,0.0002625,0.0002628,6730660.0
1765413600000,2025-12-11 02:40:00,0.0002628,0.0002632,0.0002623,0.000263,8411750.0
1765413900000,2025-12-11 02:45:00,0.000263,0.0002631,0.0002609,0.000262,58144390.0
1765414200000,2025-12-11 02:50:00,0.000262,0.0002624,0.0002618,0.0002624,5359150.0
1765414500000,2025-12-11 02:55:00,0.0002624,0.0002624,0.0002613,0.0002616,7186410.0
1765414800000,2025-12-11 03:00:00,0.0002616,0.0002616,0.0002587,0.0002603,22857080.0
1765415100000,2025-12-11 03:05:00,0.0002603,0.000261,0.0002596,0.0002603,27323900.0
1765415400000,2025-12-11 03:10:00,0.0002603,0.0002605,0.0002591,0.0002597,10302840.0
1765415700000,2025-12-11 03:15:00,0.0002597,0.00026,0.0002574,0.0002583,20529970.0
1765416000000,2025-12-11 03:20:00,0.0002583,0.0002586,0.0002579,0.0002586,12739360.0
1765416300000,2025-12-11 03:25:00,0.0002586,0.0002601,0.0002584,0.0002591,6556190.0
1765416600000,2025-12-11 03:30:00,0.0002591,0.0002611,0.0002591,0.0002605,5098110.0
1765416900000,2025-12-11 03:35:00,0.0002605,0.0002605,0.0002599,0.0002599,2228360.0
1765417200000,2025-12-11 03:40:00,0.0002599,0.0002602,0.0002599,0.0002602,2460290.0
1765417500000,2025-12-11 03:45:00,0.0002602,0.0002602,0.0002599,0.0002601,1506260.0
1765417800000,2025-12-11 03:50:00,0.0002601,0.0002609,0.0002599,0.0002609,1726870.0
1765418100000,2025-12-11 03:55:00,0.0002609,0.000261,0.0002596,0.0002598,11022540.0
1765418400000,2025-12-11 04:00:00,0.0002598,0.00026,0.0002591,0.0002596,11944590.0
1765418700000,2025-12-11 04:05:00,0.0002596,0.0002598,0.0002588,0.0002596,8772740.0
1765419000000,2025-12-11 04:10:00,0.0002596,0.0002597,0.000259,0.0002596,4949590.0
1765419300000,2025-12-11 04:15:00,0.0002596,0.0002598,0.0002582,0.0002596,5616860.0
1765419600000,2025-12-11 04:20:00,0.0002596,0.0002602,0.000259,0.0002594,3230260.0
1765419900000,2025-12-11 04:25:00,0.0002594,0.0002594,0.0002584,0.0002586,3106690.0
1765420200000,2025-12-11 04:30:00,0.0002586,0.0002587,0.0002584,0.0002584,909470.0
1765420500000,2025-12-11 04:35:00,0.0002584,0.0002586,0.000258,0.0002585,1839290.0
1765420800000,2025-12-11 04:40:00,0.0002585,0.0002587,0.0002582,0.0002582,1608250.0
1765421100000,2025-12-11 04:45:00,0.0002582,0.0002582,0.0002563,0.0002573,30780460.0
1765421400000,2025-12-11 04:50:00,0.0002573,0.0002579,0.0002565,0.0002577,38493510.0
1765421700000,2025-12-11 04:55:00,0.0002577,0.0002577,0.0002572,0.0002574,1329650.0
1765422000000,2025-12-11 05:00:00,0.0002574,0.0002574,0.0002538,0.0002541,69440060.0
1765422300000,2025-12-11 05:05:00,0.0002541,0.0002551,0.0002541,0.0002547,11759190.0
1765422600000,2025-12-11 05:10:00,0.0002547,0.000255,0.0002542,0.000255,5060700.0
1765422900000,2025-12-11 05:15:00,0.000255,0.000255,0.0002543,0.0002547,4331820.0
1765423200000,2025-12-11 05:20:00,0.0002547,0.0002558,0.0002547,0.0002556,3910550.0
1765423500000,2025-12-11 05:25:00,0.0002556,0.0002556,0.0002545,0.0002545,1920930.0
1765423800000,2025-12-11 05:30:00,0.0002545,0.0002545,0.0002539,0.0002545,5707230.0
1765424100000,2025-12-11 05:35:00,0.0002545,0.0002549,0.0002545,0.0002548,1705370.0
1765424400000,2025-12-11 05:40:00,0.0002548,0.000255,0.0002547,0.000255,1873940.0
1765424700000,2025-12-11 05:45:00,0.000255,0.0002556,0.0002547,0.0002556,1646830.0
1765425000000,2025-12-11 05:50:00,0.0002556,0.0002556,0.0002551,0.0002551,3314700.0
1765425300000,2025-12-11 05:55:00,0.0002551,0.0002553,0.0002544,0.0002547,4848360.0
1765425600000,2025-12-11 06:00:00,0.0002547,0.0002547,0.0002537,0.0002547,3965530.0
1765425900000,2025-12-11 06:05:00,0.0002547,0.0002552,0.0002547,0.0002552,918290.0
1765426200000,2025-12-11 06:10:00,0.0002552,0.000256,0.0002551,0.000256,2799030.0
1765426500000,2025-12-11 06:15:00,0.000256,0.000256,0.0002554,0.0002558,679490.0
1765426800000,2025-12-11 06:20:00,0.0002558,0.0002558,0.0002553,0.0002556,3695390.0
1765427100000,2025-12-11 06:25:00,0.0002556,0.000256,0.0002553,0.0002556,4773100.0
1765427400000,2025-12-11 06:30:00,0.0002556,0.000256,0.0002556,0.000256,1915190.0
1765427700000,2025-12-11 06:35:00,0.000256,0.0002563,0.0002559,0.0002562,658480.0
1765428000000,2025-12-11 06:40:00,0.0002562,0.0002565,0.0002562,0.0002563,3378560.0
1765428300000,2025-12-11 06:45:00,0.0002563,0.0002565,0.0002563,0.0002565,1573380.0
1765428600000,2025-12-11 06:50:00,0.0002565,0.0002573,0.0002565,0.0002568,4676950.0
1765428900000,2025-12-11 06:55:00,0.0002568,0.0002571,0.0002568,0.0002569,1182500.0
1765429200000,2025-12-11 07:00:00,0.0002569,0.0002571,0.0002567,0.000257,2974790.0
1765429500000,2025-12-11 07:05:00,0.000257,0.0002585,0.000257,0.0002573,10815000.0
1765429800000,2025-12-11 07:10:00,0.0002573,0.0002573,0.000257,0.000257,215460.0
1765430100000,2025-12-11 07:15:00,0.000257,0.000257,0.000257,0.000257,0.0
1765430400000,2025-12-11 07:20:00,0.000257,0.0002574,0.000257,0.0002574,866790.0
1765430700000,2025-12-11 07:25:00,0.0002574,0.0002574,0.0002572,0.0002572,2799960.0
1765431000000,2025-12-11 07:30:00,0.0002572,0.0002573,0.0002572,0.0002573,265220.0
1765431300000,2025-12-11 07:35:00,0.0002573,0.0002573,0.0002571,0.0002571,461100.0
1765431600000,2025-12-11 07:40:00,0.0002571,0.0002571,0.0002569,0.0002569,1219740.0
1765431900000,2025-12-11 07:45:00,0.0002569,0.0002571,0.0002569,0.0002571,298600.0
1765432200000,2025-12-11 07:50:00,0.0002571,0.0002571,0.0002568,0.0002568,236750.0
1765432500000,2025-12-11 07:55:00,0.0002568,0.0002568,0.0002568,0.0002568,250140.0
1765432800000,2025-12-11 08:00:00,0.0002568,0.0002574,0.0002565,0.0002571,4394570.0
1765433100000,2025-12-11 08:05:00,0.0002571,0.0002573,0.0002569,0.0002569,1468800.0
1765433400000,2025-12-11 08:10:00,0.0002569,0.000257,0.0002567,0.000257,8709230.0
1765433700000,2025-12-11 08:15:00,0.000257,0.0002573,0.000257,0.0002573,349870.0
1765434000000,2025-12-11 08:20:00,0.0002573,0.0002576,0.000257,0.0002573,13186110.0
1765434300000,2025-12-11 08:25:00,0.0002573,0.0002573,0.000257,0.0002572,565780.0
1765434600000,2025-12-11 08:30:00,0.0002572,0.0002581,0.0002569,0.0002577,3536330.0
1765434900000,2025-12-11 08:35:00,0.0002577,0.0002583,0.0002576,0.0002581,2204240.0
1765435200000,2025-12-11 08:40:00,0.0002581,0.0002581,0.0002577,0.0002578,1019220.0
1765435500000,2025-12-11 08:45:00,0.0002578,0.0002585,0.0002578,0.0002579,1965540.0
1765435800000,2025-12-11 08:50:00,0.0002579,0.0002579,0.0002573,0.0002574,372720.0
1765436100000,2025-12-11 08:55:00,0.0002574,0.0002577,0.0002574,0.0002575,676990.0
1765436400000,2025-12-11 09:00:00,0.0002575,0.0002579,0.000257,0.0002579,7881110.0
1765436700000,2025-12-11 09:05:00,0.0002579,0.0002579,0.0002571,0.0002575,7021930.0
1765437000000,2025-12-11 09:10:00,0.0002575,0.0002575,0.0002572,0.0002573,3718230.0
1765437300000,2025-12-11 09:15:00,0.0002573,0.0002575,0.0002572,0.0002575,832940.0
1765437600000,2025-12-11 09:20:00,0.0002575,0.0002575,0.0002572,0.0002574,2165240.0
1765437900000,2025-12-11 09:25:00,0.0002574,0.000258,0.0002574,0.0002577,1672800.0
1765438200000,2025-12-11 09:30:00,0.0002577,0.0002581,0.0002576,0.0002581,871650.0
1765438500000,2025-12-11 09:35:00,0.0002581,0.0002581,0.0002578,0.0002578,847120.0
1765438800000,2025-12-11 09:40:00,0.0002578,0.0002579,0.0002577,0.0002578,459380.0
1765439100000,2025-12-11 09:45:00,0.0002578,0.0002578,0.0002572,0.0002575,2732780.0
1765439400000,2025-12-11 09:50:00,0.0002575,0.0002577,0.0002575,0.0002577,1379590.0
1765439700000,2025-12-11 09:55:00,0.0002577,0.0002578,0.0002572,0.0002573,582500.0
1765440000000,2025-12-11 10:00:00,0.0002573,0.0002576,0.0002568,0.0002576,3827180.0
1765440300000,2025-12-11 10:05:00,0.0002576,0.0002576,0.0002571,0.0002571,2564010.0
1765440600000,2025-12-11 10:10:00,0.0002571,0.0002572,0.000257,0.0002572,1300630.0
1765440900000,2025-12-11 10:15:00,0.0002572,0.0002573,0.0002569,0.0002571,6365000.0
1765441200000,2025-12-11 10:20:00,0.0002571,0.0002575,0.000257,0.0002574,593280.0
1765441500000,2025-12-11 10:25:00,0.0002574,0.0002575,0.0002568,0.000257,3556060.0
1765441800000,2025-12-11 10:30:00,0.000257,0.0002573,0.000257,0.0002572,192190.0
1765442100000,2025-12-11 10:35:00,0.0002572,0.0002575,0.0002572,0.0002575,2285050.0
1765442400000,2025-12-11 10:40:00,0.0002575,0.0002577,0.0002574,0.0002577,1564400.0
1765442700000,2025-12-11 10:45:00,0.0002577,0.0002577,0.0002576,0.0002577,322900.0
1765443000000,2025-12-11 10:50:00,0.0002577,0.0002581,0.0002577,0.0002579,1545100.0
1765443300000,2025-12-11 10:55:00,0.0002579,0.0002579,0.0002578,0.0002578,199440.0
1765443600000,2025-12-11 11:00:00,0.0002578,0.0002584,0.0002578,0.0002582,2475410.0
1765443900000,2025-12-11 11:05:00,0.0002582,0.0002584,0.0002581,0.0002582,1013360.0
1765444200000,2025-12-11 11:10:00,0.0002582,0.0002583,0.0002582,0.0002582,186310.0
1765444500000,2025-12-11 11:15:00,0.0002582,0.0002585,0.0002582,0.0002585,168510.0
1765444800000,2025-12-11 11:20:00,0.0002585,0.0002585,0.0002584,0.0002584,169430.0
1765445100000,2025-12-11 11:25:00,0.0002584,0.0002585,0.0002578,0.0002585,2981530.0
1765445400000,2025-12-11 11:30:00,0.0002585,0.0002591,0.0002584,0.0002586,4616450.0
1765445700000,2025-12-11 11:35:00,0.0002586,0.0002588,0.000258,0.0002585,11118730.0
1765446000000,2025-12-11 11:40:00,0.0002585,0.0002588,0.0002579,0.0002587,28453970.0
1765446300000,2025-12-11 11:45:00,0.0002587,0.0002593,0.0002577,0.0002583,18554500.0
1765446600000,2025-12-11 11:50:00,0.0002583,0.0002591,0.000258,0.0002587,30251050.0
1765446900000,2025-12-11 11:55:00,0.0002587,0.0002592,0.0002586,0.0002587,2124200.0
1765447200000,2025-12-11 12:00:00,0.0002587,0.0002589,0.0002585,0.0002588,5242490.0
1765447500000,2025-12-11 12:05:00,0.0002588,0.0002589,0.0002586,0.0002589,1086980.0
1765447800000,2025-12-11 12:10:00,0.0002589,0.0002593,0.0002586,0.0002586,4289600.0
1765448100000,2025-12-11 12:15:00,0.0002586,0.0002586,0.0002581,0.0002582,428400.0
1765448400000,2025-12-11 12:20:00,0.0002582,0.0002583,0.0002575,0.0002576,6284900.0
1765448700000,2025-12-11 12:25:00,0.0002576,0.0002578,0.0002575,0.0002576,2439990.0
1765449000000,2025-12-11 12:30:00,0.0002576,0.0002578,0.0002573,0.0002573,3661180.0
1765449300000,2025-12-11 12:35:00,0.0002573,0.0002573,0.000257,0.000257,967290.0
1765449600000,2025-12-11 12:40:00,0.000257,0.0002573,0.000257,0.0002573,35750.0
1765449900000,2025-12-11 12:45:00,0.0002573,0.0002578,0.0002573,0.0002577,3060720.0
1765450200000,2025-12-11 12:50:00,0.0002577,0.0002586,0.0002577,0.0002583,1781930.0
1765450500000,2025-12-11 12:55:00,0.0002583,0.0002583,0.0002581,0.0002582,550610.0
1765450800000,2025-12-11 13:00:00,0.0002582,0.0002582,0.0002581,0.0002582,480680.0
1765451100000,2025-12-11 13:05:00,0.0002582,0.000259,0.0002582,0.000259,4059380.0
1765451400000,2025-12-11 13:10:00,0.000259,0.0002598,0.000259,0.0002598,2628530.0
1765451700000,2025-12-11 13:15:00,0.0002598,0.0002606,0.0002598,0.0002603,5796380.0
1765452000000,2025-12-11 13:20:00,0.0002603,0.0002613,0.0002603,0.0002613,471330.0
1765452300000,2025-12-11 13:25:00,0.0002613,0.0002625,0.0002605,0.0002617,22866320.0
1765452600000,2025-12-11 13:30:00,0.0002617,0.0002624,0.0002612,0.0002612,11922940.0
1765452900000,2025-12-11 13:35:00,0.0002612,0.0002613,0.0002611,0.0002612,2857320.0
1765453200000,2025-12-11 13:40:00,0.0002612,0.0002612,0.000261,0.0002612,821410.0
1765453500000,2025-12-11 13:45:00,0.0002612,0.0002613,0.0002607,0.0002608,1085980.0
1765453800000,2025-12-11 13:50:00,0.0002608,0.000261,0.0002607,0.0002608,1483820.0
1765454100000,2025-12-11 13:55:00,0.0002608,0.0002608,0.0002593,0.0002595,5036550.0
1765454400000,2025-12-11 14:00:00,0.0002595,0.0002598,0.0002595,0.0002597,2129410.0
1765454700000,2025-12-11 14:05:00,0.0002597,0.0002597,0.0002595,0.0002597,513110.0
1765455000000,2025-12-11 14:10:00,0.0002597,0.0002598,0.0002594,0.0002594,387080.0
1765455300000,2025-12-11 14:15:00,0.0002594,0.0002596,0.0002593,0.0002596,1686360.0
1765455600000,2025-12-11 14:20:00,0.0002596,0.0002599,0.0002593,0.0002596,2106970.0
1765455900000,2025-12-11 14:25:00,0.0002596,0.0002596,0.0002596,0.0002596,186840.0
1765456200000,2025-12-11 14:30:00,0.0002596,0.0002598,0.0002593,0.0002597,5130660.0
1765456500000,2025-12-11 14:35:00,0.0002597,0.0002598,0.0002587,0.0002594,19154860.0
1765456800000,2025-12-11 14:40:00,0.0002594,0.0002596,0.0002591,0.0002593,1002540.0
1765457100000,2025-12-11 14:45:00,0.0002593,0.0002595,0.0002593,0.0002595,3361820.0
1765457400000,2025-12-11 14:50:00,0.0002595,0.0002596,0.0002594,0.0002594,101100.0
1765457700000,2025-12-11 14:55:00,0.0002594,0.0002595,0.0002593,0.0002595,3220720.0
1765458000000,2025-12-11 15:00:00,0.0002595,0.0002599,0.0002592,0.0002599,1505820.0
1765458300000,2025-12-11 15:05:00,0.0002599,0.0002605,0.0002599,0.0002603,1340930.0
1765458600000,2025-12-11 15:10:00,0.0002603,0.0002604,0.0002598,0.0002598,704690.0
1765458900000,2025-12-11 15:15:00,0.0002598,0.0002599,0.0002595,0.0002595,1921880.0
1765459200000,2025-12-11 15:20:00,0.0002595,0.0002601,0.0002595,0.0002599,1994590.0
1765459500000,2025-12-11 15:25:00,0.0002599,0.00026,0.0002599,0.0002599,476800.0
1765459800000,2025-12-11 15:30:00,0.0002599,0.0002604,0.0002597,0.0002603,4090040.0
1765460100000,2025-12-11 15:35:00,0.0002603,0.0002611,0.0002603,0.0002608,2412730.0
1765460400000,2025-12-11 15:40:00,0.0002608,0.0002642,0.0002608,0.0002638,11072000.0
1765460700000,2025-12-11 15:45:00,0.0002638,0.000264,0.0002626,0.0002632,20176160.0
1765461000000,2025-12-11 15:50:00,0.0002632,0.0002637,0.0002627,0.0002631,2949900.0
1765461300000,2025-12-11 15:55:00,0.0002631,0.0002635,0.0002626,0.0002635,6010890.0
1765461600000,2025-12-11 16:00:00,0.0002635,0.0002635,0.0002629,0.0002629,1582080.0
1765461900000,2025-12-11 16:05:00,0.0002629,0.0002631,0.0002628,0.0002631,555440.0
1765462200000,2025-12-11 16:10:00,0.0002631,0.0002634,0.0002631,0.0002634,1078390.0
1765462500000,2025-12-11 16:15:00,0.0002634,0.0002638,0.0002634,0.0002638,130900.0
1765462800000,2025-12-11 16:20:00,0.0002638,0.0002642,0.0002632,0.0002634,9910630.0
1765463100000,2025-12-11 16:25:00,0.0002634,0.0002634,0.0002617,0.0002629,55407000.0
1765463400000,2025-12-11 16:30:00,0.0002629,0.0002633,0.0002611,0.0002626,23644190.0
1765463700000,2025-12-11 16:35:00,0.0002626,0.0002643,0.0002626,0.0002643,3671520.0
1765464000000,2025-12-11 16:40:00,0.0002643,0.0002643,0.0002626,0.0002631,2269520.0
1765464300000,2025-12-11 16:45:00,0.0002631,0.0002634,0.0002613,0.0002617,2681680.0
1765464600000,2025-12-11 16:50:00,0.0002617,0.0002626,0.0002611,0.0002621,3001270.0
1765464900000,2025-12-11 16:55:00,0.0002621,0.0002631,0.0002616,0.0002623,4419230.0
1765465200000,2025-12-11 17:00:00,0.0002623,0.000263,0.0002616,0.0002629,3857040.0
1765465500000,2025-12-11 17:05:00,0.0002629,0.0002638,0.0002627,0.0002636,3227970.0
1765465800000,2025-12-11 17:10:00,0.0002636,0.0002642,0.0002631,0.0002642,2554720.0
1765466100000,2025-12-11 17:15:00,0.0002642,0.0002647,0.0002633,0.0002646,3566470.0
1765466400000,2025-12-11 17:20:00,0.0002646,0.0002649,0.0002634,0.0002648,5212640.0
1765466700000,2025-12-11 17:25:00,0.0002648,0.0002648,0.0002629,0.0002629,2090170.0
1765467000000,2025-12-11 17:30:00,0.0002629,0.000263,0.0002623,0.0002623,2547510.0
1765467300000,2025-12-11 17:35:00,0.0002623,0.0002623,0.0002619,0.000262,2368120.0
1765467600000,2025-12-11 17:40:00,0.000262,0.0002625,0.0002618,0.0002624,2599610.0
1765467900000,2025-12-11 17:45:00,0.0002624,0.0002635,0.0002624,0.0002628,3151890.0
1765468200000,2025-12-11 17:50:00,0.0002628,0.0002631,0.0002622,0.0002631,2958540.0
1765468500000,2025-12-11 17:55:00,0.0002631,0.0002632,0.000263,0.0002631,414950.0
1765468800000,2025-12-11 18:00:00,0.0002631,0.0002631,0.0002617,0.0002617,3739800.0
1765469100000,2025-12-11 18:05:00,0.0002617,0.0002617,0.0002605,0.0002607,12654890.0
1765469400000,2025-12-11 18:10:00,0.0002607,0.0002609,0.0002604,0.0002607,10411210.0
1765469700000,2025-12-11 18:15:00,0.0002607,0.0002609,0.0002602,0.0002602,1057310.0
1765470000000,2025-12-11 18:20:00,0.0002602,0.0002606,0.0002602,0.0002606,1273720.0
1765470300000,2025-12-11 18:25:00,0.0002606,0.0002606,0.0002605,0.0002605,260780.0
1765470600000,2025-12-11 18:30:00,0.0002605,0.000261,0.0002603,0.0002608,1496570.0
1765470900000,2025-12-11 18:35:00,0.0002608,0.0002612,0.0002606,0.0002606,2733500.0
1765471200000,2025-12-11 18:40:00,0.0002606,0.0002613,0.00026,0.00026,18014890.0
1765471500000,2025-12-11 18:45:00,0.00026,0.0002609,0.00026,0.0002604,1012620.0
1765471800000,2025-12-11 18:50:00,0.0002604,0.0002604,0.0002596,0.0002597,7896840.0
1765472100000,2025-12-11 18:55:00,0.0002597,0.0002616,0.0002589,0.0002608,28333430.0
1765472400000,2025-12-11 19:00:00,0.0002608,0.0002609,0.00026,0.0002605,4288870.0
1765472700000,2025-12-11 19:05:00,0.0002605,0.0002605,0.0002598,0.00026,3315480.0
1765473000000,2025-12-11 19:10:00,0.00026,0.0002607,0.00026,0.0002605,3386640.0
1765473300000,2025-12-11 19:15:00,0.0002605,0.0002606,0.0002603,0.0002604,1569930.0
1765473600000,2025-12-11 19:20:00,0.0002604,0.0002608,0.0002604,0.0002608,2043290.0
1765473900000,2025-12-11 19:25:00,0.0002608,0.0002614,0.0002608,0.0002611,3316670.0
1765474200000,2025-12-11 19:30:00,0.0002611,0.0002614,0.0002611,0.0002613,4895000.0
1765474500000,2025-12-11 19:35:00,0.0002613,0.0002616,0.0002613,0.0002615,2129080.0
1765474800000,2025-12-11 19:40:00,0.0002615,0.000262,0.0002615,0.0002619,3534190.0
1765475100000,2025-12-11 19:45:00,0.0002619,0.0002632,0.0002619,0.0002632,1465560.0
1765475400000,2025-12-11 19:50:00,0.0002632,0.0002633,0.0002628,0.0002628,2166910.0
1765475700000,2025-12-11 19:55:00,0.0002628,0.000263,0.0002625,0.0002626,568580.0
1765476000000,2025-12-11 20:00:00,0.0002626,0.0002633,0.0002623,0.0002627,10073970.0
1765476300000,2025-12-11 20:05:00,0.0002627,0.0002629,0.0002624,0.0002624,4674350.0
1765476600000,2025-12-11 20:10:00,0.0002624,0.0002624,0.0002619,0.000262,2919410.0
1765476900000,2025-12-11 20:15:00,0.000262,0.000262,0.0002617,0.0002618,834690.0
1765477200000,2025-12-11 20:20:00,0.0002618,0.0002621,0.0002618,0.0002618,2694110.0
1765477500000,2025-12-11 20:25:00,0.0002618,0.0002621,0.0002618,0.0002621,574100.0
1765477800000,2025-12-11 20:30:00,0.0002621,0.0002622,0.0002615,0.0002619,2022490.0
1765478100000,2025-12-11 20:35:00,0.0002619,0.0002621,0.0002614,0.0002617,5490700.0
1765478400000,2025-12-11 20:40:00,0.0002617,0.0002641,0.0002617,0.0002641,6460410.0
1765478700000,2025-12-11 20:45:00,0.0002641,0.0002641,0.0002623,0.0002627,14305610.0
1765479000000,2025-12-11 20:50:00,0.0002627,0.0002631,0.0002618,0.0002623,3923860.0
1765479300000,2025-12-11 20:55:00,0.0002623,0.0002624,0.0002618,0.0002624,2987790.0
1765479600000,2025-12-11 21:00:00,0.0002624,0.0002626,0.0002619,0.0002619,2919570.0
1765479900000,2025-12-11 21:05:00,0.0002619,0.0002619,0.0002615,0.0002619,2206670.0
1765480200000,2025-12-11 21:10:00,0.0002619,0.0002619,0.0002616,0.0002618,1976310.0
1765480500000,2025-12-11 21:15:00,0.0002618,0.0002623,0.0002618,0.0002622,3983100.0
1765480800000,2025-12-11 21:20:00,0.0002622,0.0002628,0.000262,0.0002628,1354390.0
1765481100000,2025-12-11 21:25:00,0.0002628,0.0002639,0.0002627,0.0002633,19507580.0
1765481400000,2025-12-11 21:30:00,0.0002633,0.0002638,0.0002632,0.0002634,1234820.0
1765481700000,2025-12-11 21:35:00,0.0002634,0.0002637,0.0002633,0.0002637,1055240.0
1765482000000,2025-12-11 21:40:00,0.0002637,0.0002637,0.0002634,0.0002634,1177510.0
1765482300000,2025-12-11 21:45:00,0.0002634,0.0002635,0.0002633,0.0002633,3537320.0
1765482600000,2025-12-11 21:50:00,0.0002633,0.0002633,0.0002618,0.0002618,6524530.0
1765482900000,2025-12-11 21:55:00,0.0002618,0.0002619,0.0002612,0.0002614,7949560.0
1765483200000,2025-12-11 22:00:00,0.0002614,0.0002615,0.0002612,0.0002615,602930.0
1765483500000,2025-12-11 22:05:00,0.0002615,0.0002615,0.0002612,0.0002614,1366000.0
1765483800000,2025-12-11 22:10:00,0.0002614,0.0002615,0.0002613,0.0002614,932590.0
1765484100000,2025-12-11 22:15:00,0.0002614,0.0002615,0.000261,0.000261,779810.0
1765484400000,2025-12-11 22:20:00,0.000261,0.000261,0.0002608,0.0002609,631870.0
1765484700000,2025-12-11 22:25:00,0.0002609,0.0002609,0.0002603,0.0002604,904980.0
1765485000000,2025-12-11 22:30:00,0.0002604,0.0002615,0.0002603,0.0002613,33593200.0
1765485300000,2025-12-11 22:35:00,0.0002613,0.0002614,0.0002606,0.0002611,3045830.0
1765485600000,2025-12-11 22:40:00,0.0002611,0.0002615,0.0002611,0.0002613,369750.0
1765485900000,2025-12-11 22:45:00,0.0002613,0.0002615,0.0002612,0.0002614,436470.0
1765486200000,2025-12-11 22:50:00,0.0002614,0.0002622,0.0002614,0.0002621,383180.0
1765486500000,2025-12-11 22:55:00,0.0002621,0.0002627,0.0002621,0.0002627,330900.0
1765486800000,2025-12-11 23:00:00,0.0002627,0.0002629,0.0002624,0.0002627,5759750.0
1765487100000,2025-12-11 23:05:00,0.0002627,0.0002633,0.0002625,0.0002627,3687190.0
1765487400000,2025-12-11 23:10:00,0.0002627,0.0002642,0.0002627,0.0002636,18220730.0
1765487700000,2025-12-11 23:15:00,0.0002636,0.0002651,0.0002636,0.0002646,5626490.0
1765488000000,2025-12-11 23:20:00,0.0002646,0.0002648,0.0002637,0.0002637,6680670.0
1765488300000,2025-12-11 23:25:00,0.0002637,0.0002642,0.0002634,0.0002642,26773200.0
1765488600000,2025-12-11 23:30:00,0.0002642,0.0002656,0.0002642,0.0002653,8098690.0
1765488900000,2025-12-11 23:35:00,0.0002653,0.0002653,0.0002639,0.0002641,3320470.0
1765489200000,2025-12-11 23:40:00,0.0002641,0.0002653,0.0002641,0.0002653,3060910.0
1765489500000,2025-12-11 23:45:00,0.0002653,0.0002656,0.000265,0.000265,7860180.0
1765489800000,2025-12-11 23:50:00,0.000265,0.0002652,0.0002645,0.0002645,3486560.0
1765490100000,2025-12-11 23:55:00,0.0002645,0.000265,0.0002644,0.000265,3806570.0
1765490400000,2025-12-12 00:00:00,0.000265,0.0002654,0.0002646,0.0002649,5356650.0
1765490700000,2025-12-12 00:05:00,0.0002649,0.000265,0.0002647,0.0002647,564140.0
1765491000000,2025-12-12 00:10:00,0.0002647,0.0002648,0.0002643,0.0002644,5484190.0
1765491300000,2025-12-12 00:15:00,0.0002644,0.0002645,0.0002637,0.0002637,669650.0
1765491600000,2025-12-12 00:20:00,0.0002637,0.0002637,0.0002628,0.0002628,1299460.0
1765491900000,2025-12-12 00:25:00,0.0002628,0.0002628,0.0002625,0.0002626,931370.0
1765492200000,2025-12-12 00:30:00,0.0002626,0.0002631,0.0002625,0.000263,5931940.0
1765492500000,2025-12-12 00:35:00,0.000263,0.0002638,0.0002629,0.0002638,1343000.0
1765492800000,2025-12-12 00:40:00,0.0002638,0.0002638,0.0002627,0.0002627,1487830.0
1765493100000,2025-12-12 00:45:00,0.0002627,0.0002627,0.0002623,0.0002623,141260.0
1765493400000,2025-12-12 00:50:00,0.0002623,0.0002624,0.0002622,0.0002624,64510.0
1765493700000,2025-12-12 00:55:00,0.0002624,0.0002627,0.0002624,0.0002627,811300.0
1765494000000,2025-12-12 01:00:00,0.0002627,0.0002629,0.0002627,0.0002628,905110.0
1765494300000,2025-12-12 01:05:00,0.0002628,0.0002628,0.0002623,0.0002623,371040.0
1765494600000,2025-12-12 01:10:00,0.0002623,0.0002626,0.0002621,0.0002625,288870.0
1765494900000,2025-12-12 01:15:00,0.0002625,0.0002625,0.0002623,0.0002624,543070.0
1765495200000,2025-12-12 01:20:00,0.0002624,0.0002627,0.000262,0.0002625,1794820.0
1765495500000,2025-12-12 01:25:00,0.0002625,0.0002626,0.0002624,0.0002626,192560.0
1765495800000,2025-12-12 01:30:00,0.0002626,0.0002633,0.0002626,0.0002633,412590.0
1765496100000,2025-12-12 01:35:00,0.0002633,0.0002637,0.0002633,0.0002637,1051880.0
1765496400000,2025-12-12 01:40:00,0.0002637,0.0002637,0.0002633,0.0002635,902960.0
1765496700000,2025-12-12 01:45:00,0.0002635,0.0002635,0.000263,0.000263,654760.0
1765497000000,2025-12-12 01:50:00,0.000263,0.000263,0.0002624,0.0002624,423790.0
1765497300000,2025-12-12 01:55:00,0.0002624,0.0002626,0.0002624,0.0002626,29450.0
1765497600000,2025-12-12 02:00:00,0.0002626,0.000263,0.0002623,0.0002623,4721660.0
1765497900000,2025-12-12 02:05:00,0.0002623,0.0002624,0.0002623,0.0002624,745720.0
1765498200000,2025-12-12 02:10:00,0.0002624,0.0002627,0.0002624,0.0002626,117100.0
1765498500000,2025-12-12 02:15:00,0.0002626,0.0002629,0.0002626,0.0002629,376220.0
1765498800000,2025-12-12 02:20:00,0.0002629,0.0002632,0.0002629,0.0002629,738010.0
1765499100000,2025-12-12 02:25:00,0.0002629,0.0002629,0.0002628,0.0002628,161320.0
1765499400000,2025-12-12 02:30:00,0.0002628,0.000263,0.0002628,0.0002629,296190.0
1765499700000,2025-12-12 02:35:00,0.0002629,0.0002629,0.0002629,0.0002629,0.0
1765500000000,2025-12-12 02:40:00,0.0002629,0.0002629,0.0002629,0.0002629,257000.0
1765500300000,2025-12-12 02:45:00,0.0002629,0.0002629,0.0002624,0.0002624,591140.0
1765500600000,2025-12-12 02:50:00,0.0002624,0.0002625,0.0002618,0.0002618,528970.0
1765500900000,2025-12-12 02:55:00,0.0002618,0.0002621,0.0002602,0.0002602,938150.0
1765501200000,2025-12-12 03:00:00,0.0002602,0.0002611,0.0002602,0.0002602,3036530.0
1765501500000,2025-12-12 03:05:00,0.0002602,0.000261,0.0002602,0.000261,1127740.0
1765501800000,2025-12-12 03:10:00,0.000261,0.0002612,0.000261,0.0002612,393690.0
1765502100000,2025-12-12 03:15:00,0.0002612,0.0002622,0.0002612,0.0002621,1745200.0
1765502400000,2025-12-12 03:20:00,0.0002621,0.0002623,0.0002621,0.0002623,635390.0
1765502700000,2025-12-12 03:25:00,0.0002623,0.0002623,0.000262,0.000262,264290.0
1765503000000,2025-12-12 03:30:00,0.000262,0.0002624,0.000262,0.0002623,456010.0
1765503300000,2025-12-12 03:35:00,0.0002623,0.0002623,0.0002622,0.0002622,519130.0
1765503600000,2025-12-12 03:40:00,0.0002622,0.0002623,0.0002622,0.0002622,256030.0
1765503900000,2025-12-12 03:45:00,0.0002622,0.0002626,0.0002619,0.0002619,10135930.0
1765504200000,2025-12-12 03:50:00,0.0002619,0.0002619,0.0002616,0.0002616,289980.0
1765504500000,2025-12-12 03:55:00,0.0002616,0.0002623,0.0002616,0.0002621,1437850.0
1765504800000,2025-12-12 04:00:00,0.0002621,0.0002622,0.000262,0.000262,1184450.0
1765505100000,2025-12-12 04:05:00,0.000262,0.0002623,0.000262,0.0002623,309340.0
1765505400000,2025-12-12 04:10:00,0.0002623,0.0002634,0.0002623,0.0002632,1945140.0
1765505700000,2025-12-12 04:15:00,0.0002632,0.0002632,0.0002627,0.000263,1951510.0
1765506000000,2025-12-12 04:20:00,0.000263,0.0002632,0.000263,0.0002632,2005860.0
1765506300000,2025-12-12 04:25:00,0.0002632,0.0002636,0.0002631,0.0002632,4753580.0
1765506600000,2025-12-12 04:30:00,0.0002632,0.0002633,0.000263,0.000263,1590000.0
1765506900000,2025-12-12 04:35:00,0.000263,0.0002631,0.0002625,0.0002625,1117530.0
1765507200000,2025-12-12 04:40:00,0.0002625,0.0002632,0.0002625,0.0002632,990490.0
1765507500000,2025-12-12 04:45:00,0.0002632,0.0002635,0.0002632,0.0002635,405090.0
1765507800000,2025-12-12 04:50:00,0.0002635,0.0002637,0.0002635,0.0002637,569270.0
1765508100000,2025-12-12 04:55:00,0.0002637,0.0002639,0.0002637,0.0002637,750940.0
1765508400000,2025-12-12 05:00:00,0.0002637,0.0002637,0.0002633,0.0002637,2191700.0
1765508700000,2025-12-12 05:05:00,0.0002637,0.0002637,0.0002635,0.0002635,204070.0
1765509000000,2025-12-12 05:10:00,0.0002635,0.0002635,0.0002629,0.0002629,981490.0
1765509300000,2025-12-12 05:15:00,0.0002629,0.0002629,0.0002624,0.0002625,575610.0
1765509600000,2025-12-12 05:20:00,0.0002625,0.0002625,0.0002623,0.0002623,330570.0
1765509900000,2025-12-12 05:25:00,0.0002623,0.0002623,0.0002623,0.0002623,23370.0
1765510200000,2025-12-12 05:30:00,0.0002623,0.0002624,0.0002622,0.0002624,322550.0
1765510500000,2025-12-12 05:35:00,0.0002624,0.0002629,0.0002624,0.0002628,742790.0
1765510800000,2025-12-12 05:40:00,0.0002628,0.0002629,0.0002628,0.0002629,604610.0
1765511100000,2025-12-12 05:45:00,0.0002629,0.0002629,0.0002629,0.0002629,114180.0
1765511400000,2025-12-12 05:50:00,0.0002629,0.000263,0.0002629,0.000263,110080.0
1765511700000,2025-12-12 05:55:00,0.000263,0.000263,0.000263,0.000263,350020.0
1765512000000,2025-12-12 06:00:00,0.000263,0.0002632,0.0002629,0.0002632,1012410.0
1765512300000,2025-12-12 06:05:00,0.0002632,0.0002632,0.000263,0.000263,281240.0
1765512600000,2025-12-12 06:10:00,0.000263,0.000263,0.0002626,0.0002626,353440.0
1765512900000,2025-12-12 06:15:00,0.0002626,0.0002626,0.0002625,0.0002625,225330.0
1765513200000,2025-12-12 06:20:00,0.0002625,0.0002625,0.0002624,0.0002625,209990.0
1765513500000,2025-12-12 06:25:00,0.0002625,0.0002625,0.0002624,0.0002624,77110.0
1765513800000,2025-12-12 06:30:00,0.0002624,0.0002624,0.0002622,0.0002622,649630.0
1765514100000,2025-12-12 06:35:00,0.0002622,0.0002623,0.0002622,0.0002622,195230.0
1765514400000,2025-12-12 06:40:00,0.0002622,0.0002625,0.0002622,0.0002624,112210.0
1765514700000,2025-12-12 06:45:00,0.0002624,0.0002624,0.0002623,0.0002623,161860.0
1765515000000,2025-12-12 06:50:00,0.0002623,0.0002626,0.0002623,0.0002626,84480.0
1765515300000,2025-12-12 06:55:00,0.0002626,0.0002627,0.0002624,0.0002624,700480.0
1765515600000,2025-12-12 07:00:00,0.0002624,0.000263,0.0002624,0.000263,2412410.0
1765515900000,2025-12-12 07:05:00,0.000263,0.0002631,0.000263,0.0002631,247950.0
1765516200000,2025-12-12 07:10:00,0.0002631,0.0002631,0.0002626,0.0002626,480580.0
1765516500000,2025-12-12 07:15:00,0.0002626,0.0002626,0.0002626,0.0002626,270.0
1765516800000,2025-12-12 07:20:00,0.0002626,0.0002629,0.0002623,0.0002623,608570.0
1765517100000,2025-12-12 07:25:00,0.0002623,0.0002627,0.0002623,0.0002626,365780.0
1765517400000,2025-12-12 07:30:00,0.0002626,0.0002626,0.0002623,0.0002624,276240.0
1765517700000,2025-12-12 07:35:00,0.0002624,0.0002629,0.0002624,0.0002629,315480.0
1765518000000,2025-12-12 07:40:00,0.0002629,0.0002631,0.0002629,0.0002631,161050.0
1765518300000,2025-12-12 07:45:00,0.0002631,0.0002638,0.0002631,0.0002636,1874790.0
1765518600000,2025-12-12 07:50:00,0.0002636,0.0002637,0.0002634,0.0002634,881990.0
1765518900000,2025-12-12 07:55:00,0.0002634,0.0002636,0.0002634,0.0002636,1044730.0
1765519200000,2025-12-12 08:00:00,0.0002636,0.0002639,0.0002634,0.0002634,5377590.0
1765519500000,2025-12-12 08:05:00,0.0002634,0.0002637,0.0002631,0.0002631,1698190.0
1765519800000,2025-12-12 08:10:00,0.0002631,0.0002635,0.0002631,0.0002635,1244280.0
1765520100000,2025-12-12 08:15:00,0.0002635,0.0002636,0.0002635,0.0002636,180830.0
1765520400000,2025-12-12 08:20:00,0.0002636,0.0002636,0.0002634,0.0002634,362470.0
1765520700000,2025-12-12 08:25:00,0.0002634,0.0002634,0.0002634,0.0002634,132830.0
1765521000000,2025-12-12 08:30:00,0.0002634,0.0002636,0.0002634,0.0002636,1331740.0
1765521300000,2025-12-12 08:35:00,0.0002636,0.0002637,0.0002636,0.0002637,10.0
1765521600000,2025-12-12 08:40:00,0.0002637,0.0002639,0.0002637,0.0002639,1342050.0
1765521900000,2025-12-12 08:45:00,0.0002639,0.000264,0.0002638,0.0002639,1160910.0
1765522200000,2025-12-12 08:50:00,0.0002639,0.0002639,0.0002638,0.0002638,151090.0
1765522500000,2025-12-12 08:55:00,0.0002638,0.0002638,0.0002637,0.0002637,136350.0
1765522800000,2025-12-12 09:00:00,0.0002637,0.0002642,0.0002637,0.000264,1925910.0
1765523100000,2025-12-12 09:05:00,0.000264,0.000264,0.0002638,0.0002638,1463010.0
1765523400000,2025-12-12 09:10:00,0.0002638,0.000264,0.0002634,0.0002634,384160.0
1765523700000,2025-12-12 09:15:00,0.0002634,0.0002638,0.0002634,0.0002637,1131670.0
1765524000000,2025-12-12 09:20:00,0.0002637,0.0002638,0.0002637,0.0002638,48350.0
1765524300000,2025-12-12 09:25:00,0.0002638,0.0002639,0.0002636,0.0002636,685580.0
1765524600000,2025-12-12 09:30:00,0.0002636,0.0002638,0.0002636,0.0002637,739110.0
1765524900000,2025-12-12 09:35:00,0.0002637,0.0002637,0.0002632,0.0002632,510450.0
1765525200000,2025-12-12 09:40:00,0.0002632,0.0002634,0.0002631,0.0002631,548130.0
1765525500000,2025-12-12 09:45:00,0.0002631,0.0002631,0.0002628,0.0002628,150990.0
1765525800000,2025-12-12 09:50:00,0.0002628,0.000263,0.0002628,0.000263,288900.0
1765526100000,2025-12-12 09:55:00,0.000263,0.000263,0.0002628,0.0002628,83300.0
1765526400000,2025-12-12 10:00:00,0.0002628,0.0002633,0.0002628,0.0002633,465130.0
1765526700000,2025-12-12 10:05:00,0.0002633,0.0002633,0.0002632,0.0002632,3830.0
1765527000000,2025-12-12 10:10:00,0.0002632,0.0002634,0.0002632,0.0002634,466850.0
1765527300000,2025-12-12 10:15:00,0.0002634,0.0002634,0.0002634,0.0002634,106090.0
1765527600000,2025-12-12 10:20:00,0.0002634,0.0002634,0.0002627,0.0002627,1382410.0
1765527900000,2025-12-12 10:25:00,0.0002627,0.0002627,0.0002627,0.0002627,136470.0
1765528200000,2025-12-12 10:30:00,0.0002627,0.0002627,0.0002619,0.0002621,1717180.0
1765528500000,2025-12-12 10:35:00,0.0002621,0.0002624,0.0002621,0.0002624,521580.0
1765528800000,2025-12-12 10:40:00,0.0002624,0.0002624,0.0002623,0.0002623,578970.0
1765529100000,2025-12-12 10:45:00,0.0002623,0.0002624,0.0002622,0.0002622,743840.0
1765529400000,2025-12-12 10:50:00,0.0002622,0.0002624,0.0002622,0.0002624,377520.0
1765529700000,2025-12-12 10:55:00,0.0002624,0.0002626,0.0002624,0.0002626,187200.0
1765530000000,2025-12-12 11:00:00,0.0002626,0.0002627,0.0002624,0.0002624,1040370.0
1765530300000,2025-12-12 11:05:00,0.0002624,0.0002625,0.0002621,0.0002625,1109460.0
1765530600000,2025-12-12 11:10:00,0.0002625,0.0002627,0.0002625,0.0002627,791750.0
1765530900000,2025-12-12 11:15:00,0.0002627,0.0002631,0.0002627,0.0002631,589640.0
1765531200000,2025-12-12 11:20:00,0.0002631,0.0002631,0.0002628,0.0002628,278060.0
1765531500000,2025-12-12 11:25:00,0.0002628,0.0002628,0.0002622,0.0002622,533910.0
1765531800000,2025-12-12 11:30:00,0.0002622,0.0002625,0.0002622,0.0002625,919310.0
1765532100000,2025-12-12 11:35:00,0.0002625,0.0002626,0.0002623,0.0002623,547260.0
1765532400000,2025-12-12 11:40:00,0.0002623,0.0002628,0.0002623,0.0002628,134180.0
1765532700000,2025-12-12 11:45:00,0.0002628,0.0002631,0.0002628,0.0002631,223530.0
1765533000000,2025-12-12 11:50:00,0.0002631,0.0002637,0.0002631,0.0002635,1279650.0
1765533300000,2025-12-12 11:55:00,0.0002635,0.0002636,0.0002633,0.0002636,323860.0
1765533600000,2025-12-12 12:00:00,0.0002636,0.0002647,0.0002636,0.0002641,31902120.0
1765533900000,2025-12-12 12:05:00,0.0002641,0.0002644,0.0002641,0.0002643,113310.0
1765534200000,2025-12-12 12:10:00,0.0002643,0.0002645,0.0002631,0.0002642,36024150.0
1765534500000,2025-12-12 12:15:00,0.0002642,0.0002643,0.0002638,0.000264,1451130.0
1765534800000,2025-12-12 12:20:00,0.000264,0.0002643,0.000264,0.0002641,3118240.0
1765535100000,2025-12-12 12:25:00,0.0002641,0.0002641,0.0002641,0.0002641,0.0
1765535400000,2025-12-12 12:30:00,0.0002641,0.0002643,0.0002641,0.0002643,79340.0
1765535700000,2025-12-12 12:35:00,0.0002643,0.0002643,0.0002641,0.0002642,765820.0
1765536000000,2025-12-12 12:40:00,0.0002642,0.0002646,0.0002642,0.0002642,901690.0
1765536300000,2025-12-12 12:45:00,0.0002642,0.0002642,0.0002641,0.0002641,180700.0
1765536600000,2025-12-12 12:50:00,0.0002641,0.0002643,0.0002641,0.0002643,121590.0
1765536900000,2025-12-12 12:55:00,0.0002643,0.0002643,0.0002643,0.0002643,90090.0
1765537200000,2025-12-12 13:00:00,0.0002643,0.0002645,0.0002641,0.0002644,1614400.0
1765537500000,2025-12-12 13:05:00,0.0002644,0.0002644,0.0002641,0.0002642,1616020.0
1765537800000,2025-12-12 13:10:00,0.0002642,0.0002643,0.0002641,0.0002641,6699920.0
1765538100000,2025-12-12 13:15:00,0.0002641,0.0002641,0.000263,0.0002636,6606340.0
1765538400000,2025-12-12 13:20:00,0.0002636,0.0002638,0.0002636,0.0002638,293470.0
1765538700000,2025-12-12 13:25:00,0.0002638,0.000264,0.0002638,0.000264,269720.0
1765539000000,2025-12-12 13:30:00,0.000264,0.0002643,0.000264,0.0002643,187990.0
1765539300000,2025-12-12 13:35:00,0.0002643,0.0002643,0.0002641,0.0002641,670520.0
1765539600000,2025-12-12 13:40:00,0.0002641,0.0002644,0.0002641,0.0002644,416770.0
1765539900000,2025-12-12 13:45:00,0.0002644,0.0002644,0.0002642,0.0002642,145150.0
1765540200000,2025-12-12 13:50:00,0.0002642,0.0002642,0.0002637,0.0002638,754740.0
1765540500000,2025-12-12 13:55:00,0.0002638,0.0002638,0.0002638,0.0002638,51280.0
1765540800000,2025-12-12 14:00:00,0.0002638,0.0002639,0.0002634,0.0002635,2799570.0
1765541100000,2025-12-12 14:05:00,0.0002635,0.0002639,0.0002635,0.0002639,767930.0
1765541400000,2025-12-12 14:10:00,0.0002639,0.000264,0.0002639,0.000264,135940.0
1765541700000,2025-12-12 14:15:00,0.000264,0.0002642,0.000264,0.0002642,52000.0
1765542000000,2025-12-12 14:20:00,0.0002642,0.0002643,0.0002642,0.0002643,58740.0
1765542300000,2025-12-12 14:25:00,0.0002643,0.0002643,0.0002643,0.0002643,0.0
1765542600000,2025-12-12 14:30:00,0.0002643,0.0002651,0.0002642,0.0002642,3070020.0
1765542900000,2025-12-12 14:35:00,0.0002642,0.0002644,0.0002638,0.0002642,4620890.0
1765543200000,2025-12-12 14:40:00,0.0002642,0.0002643,0.0002639,0.0002643,519010.0
1765543500000,2025-12-12 14:45:00,0.0002643,0.0002643,0.0002643,0.0002643,0.0
1765543800000,2025-12-12 14:50:00,0.0002643,0.0002643,0.0002641,0.0002643,1028060.0
1765544100000,2025-12-12 14:55:00,0.0002643,0.0002643,0.0002642,0.0002643,288200.0
1765544400000,2025-12-12 15:00:00,0.0002643,0.0002646,0.0002641,0.0002642,1014000.0
1765544700000,2025-12-12 15:05:00,0.0002642,0.0002642,0.0002642,0.0002642,0.0
1765545000000,2025-12-12 15:10:00,0.0002642,0.0002643,0.0002642,0.0002643,111510.0
1765545300000,2025-12-12 15:15:00,0.0002643,0.0002645,0.0002643,0.0002645,676600.0
1765545600000,2025-12-12 15:20:00,0.0002645,0.0002647,0.0002645,0.0002646,715640.0
1765545900000,2025-12-12 15:25:00,0.0002646,0.0002646,0.0002644,0.0002644,156670.0
1765546200000,2025-12-12 15:30:00,0.0002644,0.0002644,0.0002643,0.0002644,324710.0
1765546500000,2025-12-12 15:35:00,0.0002644,0.0002647,0.0002644,0.0002647,770340.0
1765546800000,2025-12-12 15:40:00,0.0002647,0.0002647,0.0002647,0.0002647,1325320.0
1765547100000,2025-12-12 15:45:00,0.0002647,0.0002648,0.0002647,0.0002648,402350.0
1765547400000,2025-12-12 15:50:00,0.0002648,0.0002648,0.0002646,0.0002647,1139590.0
1765547700000,2025-12-12 15:55:00,0.0002647,0.0002647,0.0002644,0.0002646,2081820.0
1765548000000,2025-12-12 16:00:00,0.0002646,0.0002647,0.0002643,0.0002646,593890.0
1765548300000,2025-12-12 16:05:00,0.0002646,0.0002646,0.0002636,0.0002636,1864100.0
1765548600000,2025-12-12 16:10:00,0.0002636,0.0002636,0.0002634,0.0002636,1159470.0
1765548900000,2025-12-12 16:15:00,0.0002636,0.0002636,0.0002636,0.0002636,0.0
1765549200000,2025-12-12 16:20:00,0.0002636,0.0002638,0.0002636,0.0002638,142910.0
1765549500000,2025-12-12 16:25:00,0.0002638,0.0002638,0.0002634,0.0002634,182300.0
1765549800000,2025-12-12 16:30:00,0.0002634,0.0002645,0.0002625,0.0002643,3842260.0
1765550100000,2025-12-12 16:35:00,0.0002643,0.0002646,0.000264,0.0002645,948340.0
1765550400000,2025-12-12 16:40:00,0.0002645,0.0002646,0.0002642,0.0002643,658130.0
1765550700000,2025-12-12 16:45:00,0.0002643,0.0002644,0.0002638,0.000264,593570.0
1765551000000,2025-12-12 16:50:00,0.000264,0.0002643,0.0002638,0.0002643,483660.0
1765551300000,2025-12-12 16:55:00,0.0002643,0.000265,0.0002643,0.0002648,1318170.0
1765551600000,2025-12-12 17:00:00,0.0002648,0.0002648,0.0002635,0.0002635,4015340.0
1765551900000,2025-12-12 17:05:00,0.0002635,0.0002637,0.000263,0.0002631,1838740.0
1765552200000,2025-12-12 17:10:00,0.0002631,0.000264,0.0002631,0.0002636,3304850.0
1765552500000,2025-12-12 17:15:00,0.0002636,0.0002636,0.0002624,0.0002631,1079630.0
1765552800000,2025-12-12 17:20:00,0.0002631,0.0002632,0.000262,0.000262,797070.0
1765553100000,2025-12-12 17:25:00,0.000262,0.0002625,0.0002608,0.0002612,1967450.0
1765553400000,2025-12-12 17:30:00,0.0002612,0.0002618,0.0002605,0.0002606,3241380.0
1765553700000,2025-12-12 17:35:00,0.0002606,0.0002608,0.0002591,0.0002603,4037200.0
1765554000000,2025-12-12 17:40:00,0.0002603,0.0002606,0.0002581,0.0002597,13796590.0
1765554300000,2025-12-12 17:45:00,0.0002597,0.0002606,0.0002594,0.0002604,2437480.0
1765554600000,2025-12-12 17:50:00,0.0002604,0.0002604,0.0002592,0.0002592,1794020.0
1765554900000,2025-12-12 17:55:00,0.0002592,0.0002592,0.0002562,0.0002577,21796730.0
1765555200000,2025-12-12 18:00:00,0.0002577,0.0002578,0.000256,0.0002561,10711570.0
1765555500000,2025-12-12 18:05:00,0.0002561,0.0002573,0.0002561,0.000257,6192000.0
1765555800000,2025-12-12 18:10:00,0.000257,0.000257,0.0002559,0.0002567,6386060.0
1765556100000,2025-12-12 18:15:00,0.0002567,0.0002567,0.0002556,0.0002558,4052040.0
1765556400000,2025-12-12 18:20:00,0.0002558,0.000256,0.0002541,0.0002549,6948430.0
1765556700000,2025-12-12 18:25:00,0.0002549,0.0002572,0.0002549,0.0002565,5446010.0
1765557000000,2025-12-12 18:30:00,0.0002565,0.0002565,0.0002546,0.0002549,5524490.0
1765557300000,2025-12-12 18:35:00,0.0002549,0.0002555,0.0002538,0.0002544,5862120.0
1765557600000,2025-12-12 18:40:00,0.0002544,0.0002552,0.0002539,0.0002547,6028440.0
1765557900000,2025-12-12 18:45:00,0.0002547,0.0002556,0.0002544,0.0002548,11352040.0
1765558200000,2025-12-12 18:50:00,0.0002548,0.0002556,0.0002548,0.0002553,2226320.0
1765558500000,2025-12-12 18:55:00,0.0002553,0.0002561,0.0002552,0.0002558,3718450.0
1765558800000,2025-12-12 19:00:00,0.0002558,0.0002569,0.0002556,0.0002568,4322130.0
1765559100000,2025-12-12 19:05:00,0.0002568,0.0002589,0.0002567,0.0002585,3862880.0
1765559400000,2025-12-12 19:10:00,0.0002585,0.0002594,0.0002583,0.0002591,7492990.0
1765559700000,2025-12-12 19:15:00,0.0002591,0.0002599,0.0002589,0.000259,8051670.0
1765560000000,2025-12-12 19:20:00,0.000259,0.000259,0.000258,0.000258,2597120.0
1765560300000,2025-12-12 19:25:00,0.000258,0.000258,0.0002568,0.0002571,1030180.0
1765560600000,2025-12-12 19:30:00,0.0002571,0.0002579,0.000257,0.0002577,1499350.0
1765560900000,2025-12-12 19:35:00,0.0002577,0.0002583,0.0002574,0.0002582,1377760.0
1765561200000,2025-12-12 19:40:00,0.0002582,0.0002587,0.0002582,0.0002587,557380.0
1765561500000,2025-12-12 19:45:00,0.0002587,0.0002589,0.0002584,0.0002589,1243970.0
1765561800000,2025-12-12 19:50:00,0.0002589,0.0002591,0.0002586,0.0002588,1163440.0
1765562100000,2025-12-12 19:55:00,0.0002588,0.0002588,0.0002584,0.0002586,816550.0
1765562400000,2025-12-12 20:00:00,0.0002586,0.0002591,0.0002582,0.0002591,2121730.0
1765562700000,2025-12-12 20:05:00,0.0002591,0.0002596,0.0002587,0.0002596,1506260.0
1765563000000,2025-12-12 20:10:00,0.0002596,0.000261,0.0002593,0.0002598,4071940.0
1765563300000,2025-12-12 20:15:00,0.0002598,0.0002602,0.0002597,0.00026,1762600.0
1765563600000,2025-12-12 20:20:00,0.00026,0.0002603,0.0002596,0.00026,4447730.0
1765563900000,2025-12-12 20:25:00,0.00026,0.0002606,0.00026,0.0002606,635720.0
1765564200000,2025-12-12 20:30:00,0.0002606,0.0002606,0.0002602,0.0002603,3241210.0
1765564500000,2025-12-12 20:35:00,0.0002603,0.0002606,0.0002601,0.0002606,1685030.0
1765564800000,2025-12-12 20:40:00,0.0002606,0.0002608,0.0002603,0.0002603,2594850.0
1765565100000,2025-12-12 20:45:00,0.0002603,0.0002606,0.00026,0.0002605,3042380.0
1765565400000,2025-12-12 20:50:00,0.0002605,0.000261,0.0002604,0.0002607,2225680.0
1765565700000,2025-12-12 20:55:00,0.0002607,0.0002607,0.0002599,0.0002601,1639220.0
1765566000000,2025-12-12 21:00:00,0.0002601,0.0002601,0.0002591,0.0002597,3247310.0
1765566300000,2025-12-12 21:05:00,0.0002597,0.0002598,0.0002594,0.0002597,1862460.0
1765566600000,2025-12-12 21:10:00,0.0002597,0.00026,0.0002595,0.0002597,815820.0
1765566900000,2025-12-12 21:15:00,0.0002597,0.0002597,0.0002586,0.0002587,2025610.0
1765567200000,2025-12-12 21:20:00,0.0002587,0.0002592,0.0002587,0.0002592,2526180.0
1765567500000,2025-12-12 21:25:00,0.0002592,0.0002593,0.000258,0.0002585,3016310.0
1765567800000,2025-12-12 21:30:00,0.0002585,0.0002591,0.0002585,0.0002589,1400550.0
1765568100000,2025-12-12 21:35:00,0.0002589,0.000259,0.0002588,0.0002588,1872750.0
1765568400000,2025-12-12 21:40:00,0.0002588,0.0002589,0.0002581,0.0002583,22620380.0
1765568700000,2025-12-12 21:45:00,0.0002583,0.0002583,0.0002574,0.0002579,6868600.0
1765569000000,2025-12-12 21:50:00,0.0002579,0.0002585,0.0002579,0.0002585,3894170.0
1765569300000,2025-12-12 21:55:00,0.0002585,0.000259,0.0002585,0.000259,691370.0
1765569600000,2025-12-12 22:00:00,0.000259,0.0002596,0.0002587,0.0002596,2218850.0
1765569900000,2025-12-12 22:05:00,0.0002596,0.0002605,0.0002596,0.0002599,2010660.0
1765570200000,2025-12-12 22:10:00,0.0002599,0.0002599,0.0002591,0.0002592,1301640.0
1765570500000,2025-12-12 22:15:00,0.0002592,0.0002602,0.0002591,0.00026,4557420.0
1765570800000,2025-12-12 22:20:00,0.00026,0.00026,0.0002596,0.0002598,2936560.0
1765571100000,2025-12-12 22:25:00,0.0002598,0.0002598,0.0002594,0.0002596,489780.0
1765571400000,2025-12-12 22:30:00,0.0002596,0.0002596,0.0002592,0.0002593,1520050.0
1765571700000,2025-12-12 22:35:00,0.0002593,0.0002593,0.0002586,0.0002586,598840.0
1765572000000,2025-12-12 22:40:00,0.0002586,0.0002588,0.0002584,0.0002588,11100060.0
1765572300000,2025-12-12 22:45:00,0.0002588,0.0002589,0.0002584,0.0002584,2424020.0
1765572600000,2025-12-12 22:50:00,0.0002584,0.0002587,0.0002583,0.0002585,5312180.0
1765572900000,2025-12-12 22:55:00,0.0002585,0.0002588,0.0002584,0.0002588,3437780.0
1765573200000,2025-12-12 23:00:00,0.0002588,0.0002591,0.0002586,0.000259,4041640.0
1765573500000,2025-12-12 23:05:00,0.000259,0.0002594,0.000259,0.0002592,791640.0
1765573800000,2025-12-12 23:10:00,0.0002592,0.0002592,0.0002591,0.0002592,420.0
1765574100000,2025-12-12 23:15:00,0.0002592,0.0002595,0.0002589,0.0002594,3774310.0
1765574400000,2025-12-12 23:20:00,0.0002594,0.0002607,0.0002593,0.0002606,1260120.0
1765574700000,2025-12-12 23:25:00,0.0002606,0.0002876,0.0002606,0.0002769,1514522590.0
1765575000000,2025-12-12 23:30:00,0.0002769,0.0002776,0.0002621,0.000265,672627070.0
1765575300000,2025-12-12 23:35:00,0.000265,0.000265,0.00026,0.00026,241754150.0
1765575600000,2025-12-12 23:40:00,0.00026,0.0002627,0.0002599,0.0002611,171757410.0
1765575900000,2025-12-12 23:45:00,0.0002611,0.0002624,0.0002598,0.000261,140133080.0
1765576200000,2025-12-12 23:50:00,0.000261,0.0002639,0.0002608,0.0002633,81026260.0
1765576500000,2025-12-12 23:55:00,0.0002633,0.0002651,0.0002605,0.0002641,217957540.0
1765576800000,2025-12-13 00:00:00,0.0002641,0.0002648,0.0002629,0.0002635,60932860.0
1765577100000,2025-12-13 00:05:00,0.0002635,0.0002641,0.0002609,0.0002621,70978170.0
1765577400000,2025-12-13 00:10:00,0.0002621,0.0002638,0.0002621,0.0002635,69761340.0
1765577700000,2025-12-13 00:15:00,0.0002635,0.0002647,0.0002631,0.0002636,86268270.0
1765578000000,2025-12-13 00:20:00,0.0002636,0.0002647,0.0002633,0.0002638,23141290.0
1765578300000,2025-12-13 00:25:00,0.0002638,0.0002646,0.0002636,0.000264,11164890.0
1765578600000,2025-12-13 00:30:00,0.000264,0.000264,0.0002634,0.0002635,5250190.0
1765578900000,2025-12-13 00:35:00,0.0002635,0.0002639,0.0002622,0.0002627,11855480.0
1765579200000,2025-12-13 00:40:00,0.0002627,0.0002633,0.0002625,0.000263,15218610.0
1765579500000,2025-12-13 00:45:00,0.000263,0.0002634,0.0002627,0.0002628,29488930.0
1765579800000,2025-12-13 00:50:00,0.0002628,0.0002628,0.0002621,0.0002622,12280570.0
1765580100000,2025-12-13 00:55:00,0.0002622,0.0002627,0.0002621,0.0002627,16525330.0
1765580400000,2025-12-13 01:00:00,0.0002627,0.0002634,0.0002626,0.0002626,17774270.0
1765580700000,2025-12-13 01:05:00,0.0002626,0.0002636,0.0002626,0.0002633,42956740.0
1765581000000,2025-12-13 01:10:00,0.0002633,0.0002643,0.0002629,0.0002639,44160290.0
1765581300000,2025-12-13 01:15:00,0.0002639,0.0002643,0.0002636,0.0002641,19444860.0
1765581600000,2025-12-13 01:20:00,0.0002641,0.000265,0.0002638,0.0002645,39456520.0
1765581900000,2025-12-13 01:25:00,0.0002645,0.0002651,0.0002637,0.0002644,91289620.0
1765582200000,2025-12-13 01:30:00,0.0002644,0.0002649,0.0002641,0.0002646,24317510.0
1765582500000,2025-12-13 01:35:00,0.0002646,0.0002649,0.0002643,0.0002646,33444870.0
1765582800000,2025-12-13 01:40:00,0.0002646,0.0002649,0.0002629,0.0002635,35276160.0
1765583100000,2025-12-13 01:45:00,0.0002635,0.0002639,0.0002631,0.0002633,16191440.0
1765583400000,2025-12-13 01:50:00,0.0002633,0.0002639,0.0002633,0.0002638,12227680.0
1765583700000,2025-12-13 01:55:00,0.0002638,0.0002638,0.0002631,0.0002633,5522580.0
1765584000000,2025-12-13 02:00:00,0.0002633,0.0002645,0.0002633,0.0002639,19207000.0
1765584300000,2025-12-13 02:05:00,0.0002639,0.0002641,0.0002631,0.0002636,9874200.0
1765584600000,2025-12-13 02:10:00,0.0002636,0.0002636,0.000263,0.000263,6680380.0
1765584900000,2025-12-13 02:15:00,0.000263,0.0002631,0.0002626,0.0002629,16209090.0
1765585200000,2025-12-13 02:20:00,0.0002629,0.0002632,0.0002627,0.000263,10792490.0
1765585500000,2025-12-13 02:25:00,0.000263,0.000263,0.0002619,0.0002619,23388120.0
1765585800000,2025-12-13 02:30:00,0.0002619,0.000262,0.0002614,0.0002614,17106380.0
1765586100000,2025-12-13 02:35:00,0.0002614,0.0002617,0.0002613,0.0002617,4110610.0
1765586400000,2025-12-13 02:40:00,0.0002617,0.0002618,0.0002615,0.0002615,1766500.0
1765586700000,2025-12-13 02:45:00,0.0002615,0.0002617,0.0002615,0.0002615,6369950.0
1765587000000,2025-12-13 02:50:00,0.0002615,0.0002615,0.0002614,0.0002614,249090.0
1765587300000,2025-12-13 02:55:00,0.0002614,0.0002615,0.0002614,0.0002615,1449350.0
1765587600000,2025-12-13 03:00:00,0.0002615,0.0002615,0.0002606,0.0002606,3609760.0
1765587900000,2025-12-13 03:05:00,0.0002606,0.0002613,0.0002606,0.0002613,8731600.0
1765588200000,2025-12-13 03:10:00,0.0002613,0.0002614,0.0002609,0.0002609,2712190.0
1765588500000,2025-12-13 03:15:00,0.0002609,0.0002611,0.0002609,0.0002611,2472690.0
1765588800000,2025-12-13 03:20:00,0.0002611,0.0002612,0.0002611,0.0002611,135710.0
1765589100000,2025-12-13 03:25:00,0.0002611,0.0002617,0.0002611,0.0002617,8481120.0
1765589400000,2025-12-13 03:30:00,0.0002617,0.000262,0.0002617,0.000262,7473990.0
1765589700000,2025-12-13 03:35:00,0.000262,0.0002621,0.0002613,0.0002616,8267400.0
1765590000000,2025-12-13 03:40:00,0.0002616,0.0002616,0.0002606,0.0002608,3733650.0
1765590300000,2025-12-13 03:45:00,0.0002608,0.0002608,0.0002605,0.0002608,1196650.0
1765590600000,2025-12-13 03:50:00,0.0002608,0.000261,0.0002606,0.0002606,1380190.0
1765590900000,2025-12-13 03:55:00,0.0002606,0.000261,0.0002606,0.000261,126060.0
1765591200000,2025-12-13 04:00:00,0.000261,0.000261,0.0002603,0.0002603,4556960.0
1765591500000,2025-12-13 04:05:00,0.0002603,0.0002609,0.0002603,0.0002609,3213330.0
1765591800000,2025-12-13 04:10:00,0.0002609,0.0002609,0.0002593,0.0002597,25580740.0
1765592100000,2025-12-13 04:15:00,0.0002597,0.0002602,0.0002597,0.0002602,10433080.0
1765592400000,2025-12-13 04:20:00,0.0002602,0.0002603,0.0002602,0.0002602,451040.0
1765592700000,2025-12-13 04:25:00,0.0002602,0.0002605,0.0002598,0.0002604,11900900.0
1765593000000,2025-12-13 04:30:00,0.0002604,0.0002605,0.00026,0.0002602,1875290.0
1765593300000,2025-12-13 04:35:00,0.0002602,0.0002603,0.00026,0.00026,971610.0
1765593600000,2025-12-13 04:40:00,0.00026,0.0002601,0.0002596,0.0002599,11710970.0
1765593900000,2025-12-13 04:45:00,0.0002599,0.0002599,0.0002598,0.0002598,4156990.0
1765594200000,2025-12-13 04:50:00,0.0002598,0.0002599,0.0002597,0.0002599,2657660.0
1765594500000,2025-12-13 04:55:00,0.0002599,0.0002599,0.0002599,0.0002599,40860.0
1765594800000,2025-12-13 05:00:00,0.0002599,0.0002602,0.0002595,0.00026,6571740.0
1765595100000,2025-12-13 05:05:00,0.00026,0.0002602,0.0002599,0.0002601,4957130.0
1765595400000,2025-12-13 05:10:00,0.0002601,0.0002602,0.0002596,0.0002601,10497360.0
1765595700000,2025-12-13 05:15:00,0.0002601,0.0002614,0.0002601,0.0002614,5172350.0
1765596000000,2025-12-13 05:20:00,0.0002614,0.0002616,0.0002614,0.0002615,5614840.0
1765596300000,2025-12-13 05:25:00,0.0002615,0.0002615,0.0002613,0.0002613,3424080.0
1765596600000,2025-12-13 05:30:00,0.0002613,0.0002614,0.0002607,0.0002608,3158240.0
1765596900000,2025-12-13 05:35:00,0.0002608,0.0002608,0.0002605,0.0002607,2024670.0
1765597200000,2025-12-13 05:40:00,0.0002607,0.000261,0.0002605,0.000261,1573410.0
1765597500000,2025-12-13 05:45:00,0.000261,0.0002611,0.0002609,0.0002609,4897280.0
1765597800000,2025-12-13 05:50:00,0.0002609,0.0002609,0.0002604,0.0002604,290810.0
1765598100000,2025-12-13 05:55:00,0.0002604,0.0002609,0.0002604,0.0002608,4481900.0
1765598400000,2025-12-13 06:00:00,0.0002608,0.0002608,0.0002607,0.0002607,4133520.0
1765598700000,2025-12-13 06:05:00,0.0002607,0.0002608,0.0002607,0.0002608,1999690.0
1765599000000,2025-12-13 06:10:00,0.0002608,0.000261,0.0002606,0.000261,7498300.0
1765599300000,2025-12-13 06:15:00,0.000261,0.0002611,0.000261,0.000261,3664680.0
1765599600000,2025-12-13 06:20:00,0.000261,0.0002611,0.0002605,0.0002609,5897580.0
1765599900000,2025-12-13 06:25:00,0.0002609,0.000261,0.0002609,0.0002609,2111000.0
1765600200000,2025-12-13 06:30:00,0.0002609,0.0002609,0.0002593,0.0002603,69929610.0
1765600500000,2025-12-13 06:35:00,0.0002603,0.0002607,0.0002603,0.0002605,2722280.0
1765600800000,2025-12-13 06:40:00,0.0002605,0.0002607,0.0002605,0.0002605,1616580.0
1765601100000,2025-12-13 06:45:00,0.0002605,0.0002606,0.00026,0.0002601,7128660.0
1765601400000,2025-12-13 06:50:00,0.0002601,0.0002603,0.00026,0.00026,2700100.0
1765601700000,2025-12-13 06:55:00,0.00026,0.0002601,0.0002598,0.0002598,3285100.0
1765602000000,2025-12-13 07:00:00,0.0002598,0.0002601,0.0002596,0.0002601,5670920.0
1765602300000,2025-12-13 07:05:00,0.0002601,0.0002602,0.00026,0.00026,8942880.0
1765602600000,2025-12-13 07:10:00,0.00026,0.0002602,0.00026,0.00026,1068110.0
1765602900000,2025-12-13 07:15:00,0.00026,0.0002601,0.00026,0.0002601,351290.0
1765603200000,2025-12-13 07:20:00,0.0002601,0.0002601,0.0002598,0.0002598,2012760.0
1765603500000,2025-12-13 07:25:00,0.0002598,0.00026,0.000259,0.0002593,7418320.0
1765603800000,2025-12-13 07:30:00,0.0002593,0.0002593,0.0002588,0.0002591,11474140.0
1765604100000,2025-12-13 07:35:00,0.0002591,0.0002591,0.0002587,0.0002588,5329400.0
1765604400000,2025-12-13 07:40:00,0.0002588,0.000259,0.0002587,0.0002588,5456370.0
1765604700000,2025-12-13 07:45:00,0.0002588,0.0002589,0.0002586,0.0002586,3518690.0
1765605000000,2025-12-13 07:50:00,0.0002586,0.0002589,0.0002586,0.0002587,1591090.0
1765605300000,2025-12-13 07:55:00,0.0002587,0.0002588,0.0002579,0.0002581,5640580.0
1765605600000,2025-12-13 08:00:00,0.0002581,0.0002592,0.000258,0.000259,16814310.0
1765605900000,2025-12-13 08:05:00,0.000259,0.0002592,0.000259,0.0002591,1930550.0
1765606200000,2025-12-13 08:10:00,0.0002591,0.0002591,0.000259,0.000259,847580.0
1765606500000,2025-12-13 08:15:00,0.000259,0.0002591,0.0002589,0.0002589,2019470.0
1765606800000,2025-12-13 08:20:00,0.0002589,0.0002589,0.0002584,0.0002587,15923430.0
1765607100000,2025-12-13 08:25:00,0.0002587,0.0002592,0.0002587,0.0002591,20527750.0
1765607400000,2025-12-13 08:30:00,0.0002591,0.0002592,0.0002582,0.0002587,23127510.0
1765607700000,2025-12-13 08:35:00,0.0002587,0.0002589,0.0002585,0.0002585,3975160.0
1765608000000,2025-12-13 08:40:00,0.0002585,0.0002588,0.0002585,0.0002588,2503080.0
1765608300000,2025-12-13 08:45:00,0.0002588,0.000259,0.0002588,0.000259,401240.0
1765608600000,2025-12-13 08:50:00,0.000259,0.0002593,0.000259,0.000259,2753640.0
1765608900000,2025-12-13 08:55:00,0.000259,0.000259,0.000259,0.000259,277040.0
1765609200000,2025-12-13 09:00:00,0.000259,0.0002595,0.000259,0.0002595,4206690.0
1765609500000,2025-12-13 09:05:00,0.0002595,0.00026,0.0002595,0.0002597,4355510.0
1765609800000,2025-12-13 09:10:00,0.0002597,0.0002599,0.0002595,0.0002598,794780.0
1765610100000,2025-12-13 09:15:00,0.0002598,0.0002599,0.0002595,0.0002595,1763910.0
1765610400000,2025-12-13 09:20:00,0.0002595,0.0002599,0.0002594,0.0002597,6376740.0
1765610700000,2025-12-13 09:25:00,0.0002597,0.0002602,0.0002597,0.0002601,2419640.0
1765611000000,2025-12-13 09:30:00,0.0002601,0.0002604,0.0002599,0.0002599,2383900.0
1765611300000,2025-12-13 09:35:00,0.0002599,0.0002601,0.0002597,0.0002599,1624470.0
1765611600000,2025-12-13 09:40:00,0.0002599,0.0002599,0.0002597,0.0002598,454150.0
1765611900000,2025-12-13 09:45:00,0.0002598,0.0002599,0.0002598,0.0002599,744750.0
1765612200000,2025-12-13 09:50:00,0.0002599,0.0002599,0.0002594,0.0002599,23536830.0
1765612500000,2025-12-13 09:55:00,0.0002599,0.0002599,0.0002598,0.0002598,4167940.0
1765612800000,2025-12-13 10:00:00,0.0002598,0.0002603,0.0002597,0.0002601,8257360.0
1765613100000,2025-12-13 10:05:00,0.0002601,0.0002601,0.0002594,0.0002594,3796380.0
1765613400000,2025-12-13 10:10:00,0.0002594,0.0002596,0.0002591,0.0002594,2529230.0
1765613700000,2025-12-13 10:15:00,0.0002594,0.0002597,0.0002594,0.0002597,767450.0
1765614000000,2025-12-13 10:20:00,0.0002597,0.00026,0.0002594,0.0002594,2879240.0
1765614300000,2025-12-13 10:25:00,0.0002594,0.0002594,0.0002588,0.0002589,2549390.0
1765614600000,2025-12-13 10:30:00,0.0002589,0.0002594,0.0002589,0.0002591,3747710.0
1765614900000,2025-12-13 10:35:00,0.0002591,0.0002591,0.0002587,0.0002588,8277810.0
1765615200000,2025-12-13 10:40:00,0.0002588,0.0002589,0.0002586,0.0002587,859340.0
1765615500000,2025-12-13 10:45:00,0.0002587,0.0002593,0.0002587,0.0002593,10039290.0
1765615800000,2025-12-13 10:50:00,0.0002593,0.0002593,0.000259,0.000259,1778400.0
1765616100000,2025-12-13 10:55:00,0.000259,0.0002591,0.000259,0.0002591,1060580.0
1765616400000,2025-12-13 11:00:00,0.0002591,0.0002596,0.0002591,0.0002594,3151580.0
1765616700000,2025-12-13 11:05:00,0.0002594,0.0002595,0.0002594,0.0002594,316810.0
1765617000000,2025-12-13 11:10:00,0.0002594,0.0002597,0.0002594,0.0002597,951820.0
1765617300000,2025-12-13 11:15:00,0.0002597,0.0002598,0.0002595,0.0002597,888800.0
1765617600000,2025-12-13 11:20:00,0.0002597,0.0002597,0.0002594,0.0002596,3231730.0
1765617900000,2025-12-13 11:25:00,0.0002596,0.0002596,0.0002593,0.0002593,300390.0
1765618200000,2025-12-13 11:30:00,0.0002593,0.0002595,0.0002591,0.0002593,306430.0
1765618500000,2025-12-13 11:35:00,0.0002593,0.0002594,0.0002593,0.0002594,500320.0
1765618800000,2025-12-13 11:40:00,0.0002594,0.0002594,0.0002594,0.0002594,149720.0
1765619100000,2025-12-13 11:45:00,0.0002594,0.0002594,0.0002592,0.0002592,138070.0
1765619400000,2025-12-13 11:50:00,0.0002592,0.0002594,0.0002592,0.0002593,480930.0
1765619700000,2025-12-13 11:55:00,0.0002593,0.0002593,0.0002592,0.0002592,164000.0
1765620000000,2025-12-13 12:00:00,0.0002592,0.0002594,0.0002592,0.0002593,1182370.0
1765620300000,2025-12-13 12:05:00,0.0002593,0.0002596,0.0002593,0.0002594,2278210.0
1765620600000,2025-12-13 12:10:00,0.0002594,0.0002597,0.0002593,0.0002595,1465610.0
1765620900000,2025-12-13 12:15:00,0.0002595,0.0002595,0.0002593,0.0002594,1804840.0
1765621200000,2025-12-13 12:20:00,0.0002594,0.0002598,0.0002594,0.0002597,7887630.0
1765621500000,2025-12-13 12:25:00,0.0002597,0.0002598,0.0002596,0.0002596,1115890.0
1765621800000,2025-12-13 12:30:00,0.0002596,0.0002599,0.0002596,0.0002598,210260.0
1765622100000,2025-12-13 12:35:00,0.0002598,0.0002601,0.0002598,0.0002601,408140.0
1765622400000,2025-12-13 12:40:00,0.0002601,0.0002606,0.0002601,0.0002605,2582810.0
1765622700000,2025-12-13 12:45:00,0.0002605,0.0002606,0.0002603,0.0002604,1872980.0
1765623000000,2025-12-13 12:50:00,0.0002604,0.0002605,0.0002603,0.0002603,1610740.0
1765623300000,2025-12-13 12:55:00,0.0002603,0.0002603,0.0002601,0.0002601,87110.0
1765623600000,2025-12-13 13:00:00,0.0002601,0.0002604,0.0002601,0.0002604,2011570.0
1765623900000,2025-12-13 13:05:00,0.0002604,0.0002605,0.0002602,0.0002602,1992310.0
1765624200000,2025-12-13 13:10:00,0.0002602,0.0002604,0.0002602,0.0002603,2182210.0
1765624500000,2025-12-13 13:15:00,0.0002603,0.0002604,0.0002602,0.0002602,2129730.0
1765624800000,2025-12-13 13:20:00,0.0002602,0.0002602,0.00026,0.00026,2042520.0
1765625100000,2025-12-13 13:25:00,0.00026,0.0002602,0.00026,0.0002601,1329430.0
1765625400000,2025-12-13 13:30:00,0.0002601,0.0002602,0.0002601,0.0002602,157730.0
1765625700000,2025-12-13 13:35:00,0.0002602,0.0002603,0.0002602,0.0002603,720840.0
1765626000000,2025-12-13 13:40:00,0.0002603,0.0002604,0.0002603,0.0002603,3227020.0
1765626300000,2025-12-13 13:45:00,0.0002603,0.0002604,0.0002603,0.0002603,469820.0
1765626600000,2025-12-13 13:50:00,0.0002603,0.0002603,0.0002603,0.0002603,87150.0
1765626900000,2025-12-13 13:55:00,0.0002603,0.0002605,0.0002603,0.0002605,1144730.0
1765627200000,2025-12-13 14:00:00,0.0002605,0.0002613,0.0002605,0.0002613,6123400.0
1765627500000,2025-12-13 14:05:00,0.0002613,0.0002614,0.000261,0.0002611,9027400.0
1765627800000,2025-12-13 14:10:00,0.0002611,0.0002612,0.0002611,0.0002612,912090.0
1765628100000,2025-12-13 14:15:00,0.0002612,0.0002612,0.000261,0.0002611,2587400.0
1765628400000,2025-12-13 14:20:00,0.0002611,0.0002611,0.0002609,0.0002609,195990.0
1765628700000,2025-12-13 14:25:00,0.0002609,0.0002615,0.0002609,0.0002615,8057930.0
1765629000000,2025-12-13 14:30:00,0.0002615,0.0002621,0.0002613,0.0002614,5536750.0
1765629300000,2025-12-13 14:35:00,0.0002614,0.0002614,0.0002604,0.0002604,6013130.0
1765629600000,2025-12-13 14:40:00,0.0002604,0.0002608,0.0002597,0.0002597,4490060.0
1765629900000,2025-12-13 14:45:00,0.0002597,0.0002604,0.0002597,0.0002604,5242780.0
1765630200000,2025-12-13 14:50:00,0.0002604,0.0002606,0.0002601,0.0002605,19820320.0
1765630500000,2025-12-13 14:55:00,0.0002605,0.0002608,0.0002605,0.0002608,256110.0
1765630800000,2025-12-13 15:00:00,0.0002608,0.0002614,0.0002608,0.0002614,8237600.0
1765631100000,2025-12-13 15:05:00,0.0002614,0.0002615,0.0002611,0.0002613,10029130.0
1765631400000,2025-12-13 15:10:00,0.0002613,0.0002613,0.0002612,0.0002613,6654920.0
1765631700000,2025-12-13 15:15:00,0.0002613,0.0002619,0.0002613,0.0002619,425650.0
1765632000000,2025-12-13 15:20:00,0.0002619,0.000262,0.0002619,0.000262,3745230.0
1765632300000,2025-12-13 15:25:00,0.000262,0.0002622,0.0002618,0.0002618,283510.0
1765632600000,2025-12-13 15:30:00,0.0002618,0.0002621,0.0002618,0.0002621,299040.0
1765632900000,2025-12-13 15:35:00,0.0002621,0.0002622,0.000262,0.000262,1215990.0
1765633200000,2025-12-13 15:40:00,0.000262,0.0002622,0.0002615,0.0002615,635400.0
1765633500000,2025-12-13 15:45:00,0.0002615,0.0002617,0.0002615,0.0002615,148950.0
1765633800000,2025-12-13 15:50:00,0.0002615,0.0002617,0.0002614,0.0002615,698360.0
1765634100000,2025-12-13 15:55:00,0.0002615,0.0002616,0.0002615,0.0002615,190600.0
1765634400000,2025-12-13 16:00:00,0.0002615,0.0002616,0.0002611,0.0002616,2023520.0
1765634700000,2025-12-13 16:05:00,0.0002616,0.0002617,0.0002615,0.0002615,934250.0
1765635000000,2025-12-13 16:10:00,0.0002615,0.0002618,0.0002615,0.0002618,447150.0
1765635300000,2025-12-13 16:15:00,0.0002618,0.000262,0.0002618,0.0002619,593570.0
1765635600000,2025-12-13 16:20:00,0.0002619,0.000262,0.0002618,0.0002619,244960.0
1765635900000,2025-12-13 16:25:00,0.0002619,0.000262,0.0002612,0.0002613,3973720.0
1765636200000,2025-12-13 16:30:00,0.0002613,0.000262,0.0002613,0.000262,3227240.0
1765636500000,2025-12-13 16:35:00,0.000262,0.0002623,0.0002618,0.000262,4321650.0
1765636800000,2025-12-13 16:40:00,0.000262,0.0002622,0.0002617,0.000262,1237000.0
1765637100000,2025-12-13 16:45:00,0.000262,0.0002625,0.000262,0.0002622,1617810.0
1765637400000,2025-12-13 16:50:00,0.0002622,0.0002628,0.0002622,0.0002627,8906530.0
1765637700000,2025-12-13 16:55:00,0.0002627,0.0002627,0.0002625,0.0002626,248470.0
1765638000000,2025-12-13 17:00:00,0.0002626,0.0002631,0.0002617,0.0002631,11474910.0
1765638300000,2025-12-13 17:05:00,0.0002631,0.0002634,0.0002629,0.0002634,21055800.0
1765638600000,2025-12-13 17:10:00,0.0002634,0.0002634,0.0002628,0.0002628,1222370.0
1765638900000,2025-12-13 17:15:00,0.0002628,0.0002629,0.0002625,0.0002625,1259840.0
1765639200000,2025-12-13 17:20:00,0.0002625,0.0002631,0.0002625,0.0002631,544890.0
1765639500000,2025-12-13 17:25:00,0.0002631,0.0002632,0.0002627,0.0002629,2490920.0
1765639800000,2025-12-13 17:30:00,0.0002629,0.000263,0.0002629,0.0002629,270240.0
1765640100000,2025-12-13 17:35:00,0.0002629,0.000263,0.0002629,0.000263,1104210.0
1765640400000,2025-12-13 17:40:00,0.000263,0.000263,0.0002626,0.0002627,748530.0
1765640700000,2025-12-13 17:45:00,0.0002627,0.0002627,0.0002621,0.0002624,1589840.0
1765641000000,2025-12-13 17:50:00,0.0002624,0.0002625,0.0002622,0.0002624,2857220.0
1765641300000,2025-12-13 17:55:00,0.0002624,0.0002624,0.0002622,0.0002624,2771020.0
1765641600000,2025-12-13 18:00:00,0.0002624,0.0002627,0.0002624,0.0002626,9048710.0
1765641900000,2025-12-13 18:05:00,0.0002626,0.0002626,0.0002623,0.0002623,5565980.0
1765642200000,2025-12-13 18:10:00,0.0002623,0.0002624,0.0002622,0.0002623,607310.0
1765642500000,2025-12-13 18:15:00,0.0002623,0.0002623,0.0002623,0.0002623,250450.0
1765642800000,2025-12-13 18:20:00,0.0002623,0.0002623,0.0002619,0.0002619,4135320.0
1765643100000,2025-12-13 18:25:00,0.0002619,0.000262,0.0002618,0.0002619,456970.0
1765643400000,2025-12-13 18:30:00,0.0002619,0.0002621,0.0002618,0.0002621,5774050.0
1765643700000,2025-12-13 18:35:00,0.0002621,0.0002623,0.000262,0.0002621,1393540.0
1765644000000,2025-12-13 18:40:00,0.0002621,0.0002621,0.0002619,0.0002619,222320.0
1765644300000,2025-12-13 18:45:00,0.0002619,0.000262,0.0002619,0.000262,353120.0
1765644600000,2025-12-13 18:50:00,0.000262,0.000262,0.000262,0.000262,233100.0
1765644900000,2025-12-13 18:55:00,0.000262,0.000262,0.0002619,0.0002619,12998140.0
1765645200000,2025-12-13 19:00:00,0.0002619,0.000262,0.0002619,0.000262,9449530.0
1765645500000,2025-12-13 19:05:00,0.000262,0.000262,0.0002617,0.0002617,418940.0
1765645800000,2025-12-13 19:10:00,0.0002617,0.0002617,0.0002614,0.0002615,8259990.0
1765646100000,2025-12-13 19:15:00,0.0002615,0.0002619,0.0002615,0.0002615,5165360.0
1765646400000,2025-12-13 19:20:00,0.0002615,0.0002615,0.0002611,0.0002611,1605850.0
1765646700000,2025-12-13 19:25:00,0.0002611,0.0002617,0.000261,0.0002615,9794050.0
1765647000000,2025-12-13 19:30:00,0.0002615,0.0002618,0.0002615,0.0002616,3634030.0
1765647300000,2025-12-13 19:35:00,0.0002616,0.0002616,0.0002615,0.0002616,341840.0
1765647600000,2025-12-13 19:40:00,0.0002616,0.0002617,0.0002616,0.0002617,189460.0
1765647900000,2025-12-13 19:45:00,0.0002617,0.0002619,0.0002617,0.0002618,133210.0
1765648200000,2025-12-13 19:50:00,0.0002618,0.0002622,0.0002618,0.0002622,855170.0
1765648500000,2025-12-13 19:55:00,0.0002622,0.0002624,0.0002622,0.0002623,2711080.0
1765648800000,2025-12-13 20:00:00,0.0002623,0.0002624,0.0002622,0.0002624,1543050.0
1765649100000,2025-12-13 20:05:00,0.0002624,0.0002624,0.0002622,0.0002622,658650.0
1765649400000,2025-12-13 20:10:00,0.0002622,0.0002622,0.0002621,0.0002622,217840.0
1765649700000,2025-12-13 20:15:00,0.0002622,0.0002623,0.0002619,0.0002619,8531710.0
1765650000000,2025-12-13 20:20:00,0.0002619,0.000262,0.0002618,0.0002618,531420.0
1765650300000,2025-12-13 20:25:00,0.0002618,0.0002618,0.0002618,0.0002618,39230.0
1765650600000,2025-12-13 20:30:00,0.0002618,0.0002618,0.0002618,0.0002618,88460.0
1765650900000,2025-12-13 20:35:00,0.0002618,0.0002619,0.0002618,0.0002619,255330.0
1765651200000,2025-12-13 20:40:00,0.0002619,0.000262,0.0002619,0.000262,296990.0
1765651500000,2025-12-13 20:45:00,0.000262,0.000262,0.0002617,0.0002617,853920.0
1765651800000,2025-12-13 20:50:00,0.0002617,0.0002619,0.0002615,0.0002619,1566950.0
1765652100000,2025-12-13 20:55:00,0.0002619,0.0002619,0.0002616,0.0002616,82930.0
1765652400000,2025-12-13 21:00:00,0.0002616,0.000262,0.0002616,0.000262,1808820.0
1765652700000,2025-12-13 21:05:00,0.000262,0.000262,0.0002616,0.0002617,1085670.0
1765653000000,2025-12-13 21:10:00,0.0002617,0.0002618,0.0002617,0.0002618,83150.0
1765653300000,2025-12-13 21:15:00,0.0002618,0.0002618,0.0002614,0.0002614,2460020.0
1765653600000,2025-12-13 21:20:00,0.0002614,0.0002616,0.0002614,0.0002615,379110.0
1765653900000,2025-12-13 21:25:00,0.0002615,0.0002615,0.0002615,0.0002615,41100.0
1765654200000,2025-12-13 21:30:00,0.0002615,0.0002615,0.0002614,0.0002614,2510950.0
1765654500000,2025-12-13 21:35:00,0.0002614,0.0002614,0.0002611,0.0002611,146360.0
1765654800000,2025-12-13 21:40:00,0.0002611,0.0002611,0.0002609,0.0002611,1528550.0
1765655100000,2025-12-13 21:45:00,0.0002611,0.0002613,0.0002611,0.0002613,620590.0
1765655400000,2025-12-13 21:50:00,0.0002613,0.0002613,0.0002613,0.0002613,0.0
1765655700000,2025-12-13 21:55:00,0.0002613,0.0002613,0.0002613,0.0002613,230800.0
1765656000000,2025-12-13 22:00:00,0.0002613,0.0002615,0.0002612,0.0002615,3229350.0
1765656300000,2025-12-13 22:05:00,0.0002615,0.0002615,0.0002611,0.0002611,481960.0
1765656600000,2025-12-13 22:10:00,0.0002611,0.0002611,0.0002609,0.0002609,1255630.0
1765656900000,2025-12-13 22:15:00,0.0002609,0.0002609,0.0002607,0.0002608,2079950.0
1765657200000,2025-12-13 22:20:00,0.0002608,0.0002609,0.0002607,0.0002609,6558060.0
1765657500000,2025-12-13 22:25:00,0.0002609,0.0002609,0.0002608,0.0002608,39800.0
1765657800000,2025-12-13 22:30:00,0.0002608,0.0002608,0.0002607,0.0002607,556690.0
1765658100000,2025-12-13 22:35:00,0.0002607,0.0002607,0.0002606,0.0002606,38930.0
1765658400000,2025-12-13 22:40:00,0.0002606,0.0002606,0.0002606,0.0002606,4700.0
1765658700000,2025-12-13 22:45:00,0.0002606,0.0002606,0.0002606,0.0002606,242740.0
1765659000000,2025-12-13 22:50:00,0.0002606,0.0002606,0.0002606,0.0002606,239050.0
1765659300000,2025-12-13 22:55:00,0.0002606,0.0002606,0.0002603,0.0002603,4147960.0
1765659600000,2025-12-13 23:00:00,0.0002603,0.0002604,0.0002603,0.0002604,1047830.0
1765659900000,2025-12-13 23:05:00,0.0002604,0.0002604,0.0002601,0.0002601,1232810.0
1765660200000,2025-12-13 23:10:00,0.0002601,0.0002601,0.0002599,0.0002599,1843190.0
1765660500000,2025-12-13 23:15:00,0.0002599,0.0002599,0.0002598,0.0002598,38560.0
1765660800000,2025-12-13 23:20:00,0.0002598,0.0002598,0.0002598,0.0002598,0.0
1765661100000,2025-12-13 23:25:00,0.0002598,0.0002598,0.0002598,0.0002598,0.0
1765661400000,2025-12-13 23:30:00,0.0002598,0.00026,0.0002592,0.0002596,23289740.0
1765661700000,2025-12-13 23:35:00,0.0002596,0.0002601,0.0002596,0.00026,8910900.0
1765662000000,2025-12-13 23:40:00,0.00026,0.0002602,0.00026,0.0002602,292330.0
1765662300000,2025-12-13 23:45:00,0.0002602,0.0002602,0.0002602,0.0002602,40100.0
1765662600000,2025-12-13 23:50:00,0.0002602,0.0002602,0.0002602,0.0002602,0.0
1765662900000,2025-12-13 23:55:00,0.0002602,0.0002603,0.0002602,0.0002603,300240.0
1765663200000,2025-12-14 00:00:00,0.0002603,0.0002605,0.0002603,0.0002605,240170.0
1765663500000,2025-12-14 00:05:00,0.0002605,0.0002607,0.0002605,0.0002607,4260.0
1765663800000,2025-12-14 00:10:00,0.0002607,0.0002607,0.0002602,0.0002602,1787450.0
1765664100000,2025-12-14 00:15:00,0.0002602,0.0002605,0.0002602,0.0002605,333900.0
1765664400000,2025-12-14 00:20:00,0.0002605,0.0002607,0.0002605,0.0002607,38470.0
1765664700000,2025-12-14 00:25:00,0.0002607,0.0002607,0.0002607,0.0002607,0.0
1765665000000,2025-12-14 00:30:00,0.0002607,0.0002607,0.0002604,0.0002604,1054300.0
1765665300000,2025-12-14 00:35:00,0.0002604,0.0002606,0.0002604,0.0002606,81760.0
1765665600000,2025-12-14 00:40:00,0.0002606,0.0002609,0.0002606,0.0002609,2230440.0
1765665900000,2025-12-14 00:45:00,0.0002609,0.0002609,0.0002609,0.0002609,0.0
1765666200000,2025-12-14 00:50:00,0.0002609,0.0002609,0.0002609,0.0002609,0.0
1765666500000,2025-12-14 00:55:00,0.0002609,0.0002609,0.0002604,0.0002604,7458880.0
1765666800000,2025-12-14 01:00:00,0.0002604,0.0002606,0.0002603,0.0002603,5317260.0
1765667100000,2025-12-14 01:05:00,0.0002603,0.0002603,0.0002602,0.0002603,1282390.0
1765667400000,2025-12-14 01:10:00,0.0002603,0.0002603,0.0002603,0.0002603,0.0
1765667700000,2025-12-14 01:15:00,0.0002603,0.0002603,0.0002602,0.0002603,497500.0
1765668000000,2025-12-14 01:20:00,0.0002603,0.0002603,0.0002603,0.0002603,59070.0
1765668300000,2025-12-14 01:25:00,0.0002603,0.0002603,0.0002603,0.0002603,977150.0
1765668600000,2025-12-14 01:30:00,0.0002603,0.0002603,0.0002603,0.0002603,0.0
1765668900000,2025-12-14 01:35:00,0.0002603,0.0002603,0.0002602,0.0002602,281470.0
1765669200000,2025-12-14 01:40:00,0.0002602,0.0002603,0.0002602,0.0002603,588620.0
1765669500000,2025-12-14 01:45:00,0.0002603,0.0002604,0.0002603,0.0002604,236860.0
1765669800000,2025-12-14 01:50:00,0.0002604,0.0002604,0.0002604,0.0002604,0.0
1765670100000,2025-12-14 01:55:00,0.0002604,0.0002606,0.0002604,0.0002606,460560.0
1765670400000,2025-12-14 02:00:00,0.0002606,0.0002606,0.0002603,0.0002604,5712500.0
1765670700000,2025-12-14 02:05:00,0.0002604,0.0002605,0.0002598,0.0002598,8386240.0
1765671000000,2025-12-14 02:10:00,0.0002598,0.0002598,0.0002595,0.0002598,714330.0
1765671300000,2025-12-14 02:15:00,0.0002598,0.0002599,0.0002598,0.0002599,580920.0
1765671600000,2025-12-14 02:20:00,0.0002599,0.0002599,0.0002595,0.0002596,1965710.0
1765671900000,2025-12-14 02:25:00,0.0002596,0.0002596,0.0002595,0.0002596,540300.0
1765672200000,2025-12-14 02:30:00,0.0002596,0.0002596,0.0002596,0.0002596,597730.0
1765672500000,2025-12-14 02:35:00,0.0002596,0.0002597,0.0002596,0.0002597,336390.0
1765672800000,2025-12-14 02:40:00,0.0002597,0.0002597,0.0002595,0.0002595,1081840.0
1765673100000,2025-12-14 02:45:00,0.0002595,0.0002597,0.0002595,0.0002597,2169420.0
1765673400000,2025-12-14 02:50:00,0.0002597,0.0002597,0.0002597,0.0002597,0.0
1765673700000,2025-12-14 02:55:00,0.0002597,0.0002597,0.0002597,0.0002597,0.0
1765674000000,2025-12-14 03:00:00,0.0002597,0.0002601,0.0002596,0.0002601,1890120.0
1765674300000,2025-12-14 03:05:00,0.0002601,0.0002601,0.0002601,0.0002601,0.0
1765674600000,2025-12-14 03:10:00,0.0002601,0.0002601,0.0002601,0.0002601,960040.0
1765674900000,2025-12-14 03:15:00,0.0002601,0.0002601,0.0002601,0.0002601,0.0
1765675200000,2025-12-14 03:20:00,0.0002601,0.0002601,0.00026,0.00026,487840.0
1765675500000,2025-12-14 03:25:00,0.00026,0.0002603,0.00026,0.0002603,1055060.0
1765675800000,2025-12-14 03:30:00,0.0002603,0.0002603,0.0002597,0.0002597,580420.0
1765676100000,2025-12-14 03:35:00,0.0002597,0.0002597,0.0002593,0.0002593,1460710.0
1765676400000,2025-12-14 03:40:00,0.0002593,0.0002596,0.0002593,0.0002595,543500.0
1765676700000,2025-12-14 03:45:00,0.0002595,0.0002597,0.0002595,0.0002597,1254600.0
1765677000000,2025-12-14 03:50:00,0.0002597,0.0002597,0.0002597,0.0002597,0.0
1765677300000,2025-12-14 03:55:00,0.0002597,0.0002597,0.0002597,0.0002597,0.0
1765677600000,2025-12-14 04:00:00,0.0002597,0.0002601,0.0002597,0.00026,5177540.0
1765677900000,2025-12-14 04:05:00,0.00026,0.0002601,0.0002599,0.0002601,461410.0
1765678200000,2025-12-14 04:10:00,0.0002601,0.0002601,0.0002601,0.0002601,0.0
1765678500000,2025-12-14 04:15:00,0.0002601,0.0002601,0.00026,0.00026,205740.0
1765678800000,2025-12-14 04:20:00,0.00026,0.00026,0.00026,0.00026,1498870.0
1765679100000,2025-12-14 04:25:00,0.00026,0.0002601,0.00026,0.0002601,3619420.0
1765679400000,2025-12-14 04:30:00,0.0002601,0.0002601,0.0002601,0.0002601,0.0
1765679700000,2025-12-14 04:35:00,0.0002601,0.0002601,0.0002596,0.0002597,3391230.0
1765680000000,2025-12-14 04:40:00,0.0002597,0.0002597,0.0002597,0.0002597,0.0
1765680300000,2025-12-14 04:45:00,0.0002597,0.0002599,0.0002596,0.0002599,384490.0
1765680600000,2025-12-14 04:50:00,0.0002599,0.0002599,0.0002599,0.0002599,0.0
1765680900000,2025-12-14 04:55:00,0.0002599,0.0002602,0.0002599,0.0002602,598600.0
1765681200000,2025-12-14 05:00:00,0.0002602,0.0002603,0.0002601,0.0002603,1700770.0
1765681500000,2025-12-14 05:05:00,0.0002603,0.0002606,0.0002603,0.0002606,5932780.0
1765681800000,2025-12-14 05:10:00,0.0002606,0.0002606,0.0002604,0.0002605,237520.0
1765682100000,2025-12-14 05:15:00,0.0002605,0.0002605,0.00026,0.00026,1637190.0
1765682400000,2025-12-14 05:20:00,0.00026,0.0002604,0.00026,0.0002602,3722650.0
1765682700000,2025-12-14 05:25:00,0.0002602,0.0002602,0.0002602,0.0002602,0.0
1765683000000,2025-12-14 05:30:00,0.0002602,0.0002602,0.0002599,0.0002599,713250.0
1765683300000,2025-12-14 05:35:00,0.0002599,0.0002599,0.0002598,0.0002599,784410.0
1765683600000,2025-12-14 05:40:00,0.0002599,0.00026,0.0002599,0.00026,882570.0
1765683900000,2025-12-14 05:45:00,0.00026,0.0002608,0.00026,0.0002604,19348650.0
1765684200000,2025-12-14 05:50:00,0.0002604,0.0002605,0.00026,0.00026,3436000.0
1765684500000,2025-12-14 05:55:00,0.00026,0.0002601,0.00026,0.0002601,1203730.0
1765684800000,2025-12-14 06:00:00,0.0002601,0.0002606,0.0002601,0.0002606,922220.0
1765685100000,2025-12-14 06:05:00,0.0002606,0.0002608,0.0002606,0.0002606,3182670.0
1765685400000,2025-12-14 06:10:00,0.0002606,0.0002606,0.0002606,0.0002606,0.0
1765685700000,2025-12-14 06:15:00,0.0002606,0.0002606,0.0002606,0.0002606,0.0
1765686000000,2025-12-14 06:20:00,0.0002606,0.0002609,0.0002606,0.0002609,557590.0
1765686300000,2025-12-14 06:25:00,0.0002609,0.0002611,0.0002603,0.0002603,4902600.0
1765686600000,2025-12-14 06:30:00,0.0002603,0.0002605,0.0002603,0.0002604,80890.0
1765686900000,2025-12-14 06:35:00,0.0002604,0.0002604,0.0002601,0.0002601,282600.0
1765687200000,2025-12-14 06:40:00,0.0002601,0.0002601,0.0002588,0.000259,20910950.0
1765687500000,2025-12-14 06:45:00,0.000259,0.0002596,0.000259,0.0002596,4255640.0
1765687800000,2025-12-14 06:50:00,0.0002596,0.0002598,0.0002591,0.0002596,2449400.0
1765688100000,2025-12-14 06:55:00,0.0002596,0.0002599,0.0002596,0.0002598,1614300.0
1765688400000,2025-12-14 07:00:00,0.0002598,0.0002598,0.0002593,0.0002596,1913880.0
1765688700000,2025-12-14 07:05:00,0.0002596,0.0002596,0.0002587,0.0002587,2715580.0
1765689000000,2025-12-14 07:10:00,0.0002587,0.0002588,0.0002575,0.0002582,13387400.0
1765689300000,2025-12-14 07:15:00,0.0002582,0.0002582,0.0002575,0.0002575,1585130.0
1765689600000,2025-12-14 07:20:00,0.0002575,0.0002579,0.0002575,0.0002579,5442960.0
1765689900000,2025-12-14 07:25:00,0.0002579,0.0002579,0.0002577,0.0002577,173620.0
1765690200000,2025-12-14 07:30:00,0.0002577,0.0002577,0.0002569,0.0002572,10348900.0
1765690500000,2025-12-14 07:35:00,0.0002572,0.0002574,0.0002569,0.0002573,8646890.0
1765690800000,2025-12-14 07:40:00,0.0002573,0.0002574,0.0002573,0.0002574,606390.0
1765691100000,2025-12-14 07:45:00,0.0002574,0.0002574,0.0002574,0.0002574,0.0
1765691400000,2025-12-14 07:50:00,0.0002574,0.0002574,0.0002571,0.0002571,1286670.0
1765691700000,2025-12-14 07:55:00,0.0002571,0.0002575,0.0002571,0.0002574,5371920.0
1765692000000,2025-12-14 08:00:00,0.0002574,0.0002577,0.0002566,0.0002566,3732430.0
1765692300000,2025-12-14 08:05:00,0.0002566,0.0002566,0.0002558,0.0002559,4265850.0
1765692600000,2025-12-14 08:10:00,0.0002559,0.0002565,0.0002559,0.0002565,2029530.0
1765692900000,2025-12-14 08:15:00,0.0002565,0.0002571,0.0002565,0.000257,2360840.0
1765693200000,2025-12-14 08:20:00,0.000257,0.000257,0.0002567,0.0002568,1187570.0
1765693500000,2025-12-14 08:25:00,0.0002568,0.0002568,0.0002566,0.0002566,11890.0
1765693800000,2025-12-14 08:30:00,0.0002566,0.0002567,0.0002565,0.0002566,921250.0
1765694100000,2025-12-14 08:35:00,0.0002566,0.0002567,0.0002566,0.0002567,254660.0
1765694400000,2025-12-14 08:40:00,0.0002567,0.0002576,0.0002567,0.0002576,1027150.0
1765694700000,2025-12-14 08:45:00,0.0002576,0.0002577,0.0002574,0.0002574,400650.0
1765695000000,2025-12-14 08:50:00,0.0002574,0.0002577,0.0002574,0.0002576,3414270.0
1765695300000,2025-12-14 08:55:00,0.0002576,0.0002576,0.0002574,0.0002574,1195350.0
1765695600000,2025-12-14 09:00:00,0.0002574,0.0002574,0.0002573,0.0002574,1690340.0
1765695900000,2025-12-14 09:05:00,0.0002574,0.0002575,0.0002574,0.0002575,940.0
1765696200000,2025-12-14 09:10:00,0.0002575,0.0002582,0.0002575,0.0002582,2308590.0
1765696500000,2025-12-14 09:15:00,0.0002582,0.0002582,0.0002579,0.0002579,674000.0
1765696800000,2025-12-14 09:20:00,0.0002579,0.0002579,0.0002579,0.0002579,0.0
1765697100000,2025-12-14 09:25:00,0.0002579,0.000258,0.0002579,0.000258,59530.0
1765697400000,2025-12-14 09:30:00,0.000258,0.0002582,0.0002579,0.0002579,385120.0
1765697700000,2025-12-14 09:35:00,0.0002579,0.0002583,0.0002578,0.0002583,3115490.0
1765698000000,2025-12-14 09:40:00,0.0002583,0.0002583,0.0002583,0.0002583,388800.0
1765698300000,2025-12-14 09:45:00,0.0002583,0.0002584,0.0002582,0.0002583,1720280.0
1765698600000,2025-12-14 09:50:00,0.0002583,0.0002584,0.0002578,0.0002578,2505830.0
1765698900000,2025-12-14 09:55:00,0.0002578,0.0002579,0.0002578,0.0002579,61460.0
1765699200000,2025-12-14 10:00:00,0.0002579,0.0002581,0.0002578,0.0002581,2600090.0
1765699500000,2025-12-14 10:05:00,0.0002581,0.0002583,0.0002581,0.0002583,295170.0
1765699800000,2025-12-14 10:10:00,0.0002583,0.0002586,0.0002583,0.0002586,700.0
1765700100000,2025-12-14 10:15:00,0.0002586,0.0002586,0.0002583,0.0002584,6305170.0
1765700400000,2025-12-14 10:20:00,0.0002584,0.0002584,0.0002584,0.0002584,4900.0
1765700700000,2025-12-14 10:25:00,0.0002584,0.0002584,0.0002584,0.0002584,14010.0
1765701000000,2025-12-14 10:30:00,0.0002584,0.0002584,0.0002584,0.0002584,0.0
1765701300000,2025-12-14 10:35:00,0.0002584,0.0002584,0.0002581,0.0002581,1426490.0
1765701600000,2025-12-14 10:40:00,0.0002581,0.0002582,0.0002581,0.0002582,54000.0
1765701900000,2025-12-14 10:45:00,0.0002582,0.0002582,0.0002574,0.0002576,744640.0
1765702200000,2025-12-14 10:50:00,0.0002576,0.0002578,0.0002576,0.0002578,968120.0
1765702500000,2025-12-14 10:55:00,0.0002578,0.0002578,0.0002578,0.0002578,0.0
1765702800000,2025-12-14 11:00:00,0.0002578,0.0002582,0.0002575,0.0002582,1529800.0
1765703100000,2025-12-14 11:05:00,0.0002582,0.0002585,0.0002582,0.0002585,645890.0
1765703400000,2025-12-14 11:10:00,0.0002585,0.0002586,0.0002584,0.0002586,5620860.0
1765703700000,2025-12-14 11:15:00,0.0002586,0.0002591,0.0002586,0.0002591,3443260.0
1765704000000,2025-12-14 11:20:00,0.0002591,0.0002592,0.0002588,0.0002592,7522620.0
1765704300000,2025-12-14 11:25:00,0.0002592,0.0002592,0.0002591,0.0002591,38590.0
1765704600000,2025-12-14 11:30:00,0.0002591,0.0002595,0.000259,0.0002595,14782270.0
1765704900000,2025-12-14 11:35:00,0.0002595,0.0002596,0.0002595,0.0002596,280390.0
1765705200000,2025-12-14 11:40:00,0.0002596,0.0002596,0.0002595,0.0002595,2486770.0
1765705500000,2025-12-14 11:45:00,0.0002595,0.0002595,0.0002594,0.0002594,61650.0
1765705800000,2025-12-14 11:50:00,0.0002594,0.0002594,0.0002594,0.0002594,482550.0
1765706100000,2025-12-14 11:55:00,0.0002594,0.0002596,0.0002594,0.0002595,2343660.0
1765706400000,2025-12-14 12:00:00,0.0002595,0.0002597,0.0002595,0.0002597,2496670.0
1765706700000,2025-12-14 12:05:00,0.0002597,0.0002598,0.0002597,0.0002598,461630.0
1765707000000,2025-12-14 12:10:00,0.0002598,0.0002598,0.0002579,0.0002583,19321720.0
1765707300000,2025-12-14 12:15:00,0.0002583,0.0002584,0.000258,0.0002581,1026510.0
1765707600000,2025-12-14 12:20:00,0.0002581,0.0002587,0.0002581,0.0002587,1820840.0
1765707900000,2025-12-14 12:25:00,0.0002587,0.0002589,0.0002587,0.0002587,135920.0
1765708200000,2025-12-14 12:30:00,0.0002587,0.0002587,0.0002584,0.0002584,745660.0
1765708500000,2025-12-14 12:35:00,0.0002584,0.0002584,0.0002583,0.0002583,374830.0
1765708800000,2025-12-14 12:40:00,0.0002583,0.0002587,0.0002583,0.0002587,520530.0
1765709100000,2025-12-14 12:45:00,0.0002587,0.0002591,0.0002587,0.0002591,804990.0
1765709400000,2025-12-14 12:50:00,0.0002591,0.0002592,0.000259,0.000259,200170.0
1765709700000,2025-12-14 12:55:00,0.000259,0.000259,0.000259,0.000259,0.0
1765710000000,2025-12-14 13:00:00,0.000259,0.000259,0.0002585,0.0002585,6208330.0
1765710300000,2025-12-14 13:05:00,0.0002585,0.000259,0.0002585,0.0002588,522250.0
1765710600000,2025-12-14 13:10:00,0.0002588,0.0002593,0.0002588,0.0002591,11747180.0
1765710900000,2025-12-14 13:15:00,0.0002591,0.0002591,0.0002581,0.0002581,14412430.0
1765711200000,2025-12-14 13:20:00,0.0002581,0.0002583,0.000258,0.0002583,5232610.0
1765711500000,2025-12-14 13:25:00,0.0002583,0.0002583,0.0002581,0.0002582,352250.0
1765711800000,2025-12-14 13:30:00,0.0002582,0.0002586,0.0002578,0.0002582,7150430.0
1765712100000,2025-12-14 13:35:00,0.0002582,0.0002582,0.0002574,0.000258,2949350.0
1765712400000,2025-12-14 13:40:00,0.000258,0.000258,0.0002569,0.000257,7126620.0
1765712700000,2025-12-14 13:45:00,0.000257,0.0002578,0.000256,0.0002574,19370930.0
1765713000000,2025-12-14 13:50:00,0.0002574,0.0002578,0.0002574,0.0002577,3064860.0
1765713300000,2025-12-14 13:55:00,0.0002577,0.0002579,0.0002576,0.0002579,1195600.0
1765713600000,2025-12-14 14:00:00,0.0002579,0.0002579,0.0002574,0.0002577,3285530.0
1765713900000,2025-12-14 14:05:00,0.0002577,0.0002578,0.0002576,0.0002578,2242430.0
1765714200000,2025-12-14 14:10:00,0.0002578,0.0002583,0.0002577,0.0002581,3497690.0
1765714500000,2025-12-14 14:15:00,0.0002581,0.0002589,0.0002581,0.0002589,3953890.0
1765714800000,2025-12-14 14:20:00,0.0002589,0.0002592,0.0002589,0.0002592,280540.0
1765715100000,2025-12-14 14:25:00,0.0002592,0.0002592,0.000259,0.0002591,77790.0
1765715400000,2025-12-14 14:30:00,0.0002591,0.0002596,0.0002591,0.0002595,2019610.0
1765715700000,2025-12-14 14:35:00,0.0002595,0.0002595,0.0002592,0.0002592,156080.0
1765716000000,2025-12-14 14:40:00,0.0002592,0.0002594,0.0002592,0.0002594,7930.0
1765716300000,2025-12-14 14:45:00,0.0002594,0.0002597,0.0002594,0.0002596,1744600.0
1765716600000,2025-12-14 14:50:00,0.0002596,0.0002597,0.0002596,0.0002597,115840.0
1765716900000,2025-12-14 14:55:00,0.0002597,0.0002601,0.0002597,0.0002599,4475580.0
1765717200000,2025-12-14 15:00:00,0.0002599,0.0002599,0.0002591,0.0002591,1079640.0
1765717500000,2025-12-14 15:05:00,0.0002591,0.0002591,0.0002582,0.0002586,18200750.0
1765717800000,2025-12-14 15:10:00,0.0002586,0.0002586,0.0002586,0.0002586,54740.0
1765718100000,2025-12-14 15:15:00,0.0002586,0.0002586,0.0002584,0.0002585,5735440.0
1765718400000,2025-12-14 15:20:00,0.0002585,0.0002587,0.0002585,0.0002585,4491630.0
1765718700000,2025-12-14 15:25:00,0.0002585,0.0002585,0.0002584,0.0002584,320.0
1765719000000,2025-12-14 15:30:00,0.0002584,0.0002585,0.0002584,0.0002584,2770970.0
1765719300000,2025-12-14 15:35:00,0.0002584,0.0002584,0.000258,0.000258,219110.0
1765719600000,2025-12-14 15:40:00,0.000258,0.000258,0.0002576,0.0002577,658280.0
1765719900000,2025-12-14 15:45:00,0.0002577,0.0002579,0.0002577,0.0002579,1331830.0
1765720200000,2025-12-14 15:50:00,0.0002579,0.0002582,0.0002579,0.0002582,749860.0
1765720500000,2025-12-14 15:55:00,0.0002582,0.0002586,0.0002582,0.0002586,275220.0
1765720800000,2025-12-14 16:00:00,0.0002586,0.0002592,0.0002584,0.0002584,4081300.0
1765721100000,2025-12-14 16:05:00,0.0002584,0.0002584,0.000258,0.0002581,1914370.0
1765721400000,2025-12-14 16:10:00,0.0002581,0.0002581,0.0002579,0.0002579,805850.0
1765721700000,2025-12-14 16:15:00,0.0002579,0.0002579,0.0002579,0.0002579,580590.0
1765722000000,2025-12-14 16:20:00,0.0002579,0.0002579,0.0002579,0.0002579,1460.0
1765722300000,2025-12-14 16:25:00,0.0002579,0.0002579,0.0002572,0.0002572,1236930.0
1765722600000,2025-12-14 16:30:00,0.0002572,0.0002572,0.0002563,0.0002563,1082350.0
1765722900000,2025-12-14 16:35:00,0.0002563,0.0002566,0.0002561,0.0002563,5152520.0
1765723200000,2025-12-14 16:40:00,0.0002563,0.0002566,0.0002561,0.0002561,1812560.0
1765723500000,2025-12-14 16:45:00,0.0002561,0.0002566,0.0002561,0.0002566,1087220.0
1765723800000,2025-12-14 16:50:00,0.0002566,0.0002566,0.000256,0.0002562,6055850.0
1765724100000,2025-12-14 16:55:00,0.0002562,0.0002565,0.0002562,0.0002565,2006840.0
1765724400000,2025-12-14 17:00:00,0.0002565,0.0002566,0.0002558,0.0002559,9520860.0
1765724700000,2025-12-14 17:05:00,0.0002559,0.0002564,0.0002557,0.0002557,4373040.0
1765725000000,2025-12-14 17:10:00,0.0002557,0.0002558,0.0002556,0.0002557,8393720.0
1765725300000,2025-12-14 17:15:00,0.0002557,0.0002561,0.0002557,0.0002558,1925570.0
1765725600000,2025-12-14 17:20:00,0.0002558,0.0002558,0.0002554,0.0002558,4132080.0
1765725900000,2025-12-14 17:25:00,0.0002558,0.0002558,0.0002553,0.0002555,3344360.0
1765726200000,2025-12-14 17:30:00,0.0002555,0.0002561,0.0002555,0.000256,3843950.0
1765726500000,2025-12-14 17:35:00,0.000256,0.000256,0.0002558,0.0002559,1352420.0
1765726800000,2025-12-14 17:40:00,0.0002559,0.000256,0.0002558,0.000256,989200.0
1765727100000,2025-12-14 17:45:00,0.000256,0.0002561,0.000256,0.0002561,928140.0
1765727400000,2025-12-14 17:50:00,0.0002561,0.0002561,0.0002558,0.0002558,11950.0
1765727700000,2025-12-14 17:55:00,0.0002558,0.0002558,0.0002558,0.0002558,1198470.0
1765728000000,2025-12-14 18:00:00,0.0002558,0.0002558,0.0002553,0.0002557,2540500.0
1765728300000,2025-12-14 18:05:00,0.0002557,0.0002558,0.0002554,0.0002554,869150.0
1765728600000,2025-12-14 18:10:00,0.0002554,0.0002554,0.0002553,0.0002553,396910.0
1765728900000,2025-12-14 18:15:00,0.0002553,0.0002559,0.0002553,0.0002556,1593760.0
1765729200000,2025-12-14 18:20:00,0.0002556,0.0002566,0.0002556,0.0002564,5652090.0
1765729500000,2025-12-14 18:25:00,0.0002564,0.0002564,0.0002563,0.0002564,330670.0
1765729800000,2025-12-14 18:30:00,0.0002564,0.0002568,0.0002558,0.0002558,5436620.0
1765730100000,2025-12-14 18:35:00,0.0002558,0.000256,0.0002558,0.000256,964090.0
1765730400000,2025-12-14 18:40:00,0.000256,0.000256,0.0002558,0.0002558,863660.0
1765730700000,2025-12-14 18:45:00,0.0002558,0.0002562,0.0002558,0.000256,20977620.0
1765731000000,2025-12-14 18:50:00,0.000256,0.0002563,0.000256,0.0002563,1494390.0
1765731300000,2025-12-14 18:55:00,0.0002563,0.0002563,0.000256,0.0002563,7448140.0
1765731600000,2025-12-14 19:00:00,0.0002563,0.0002565,0.0002563,0.0002564,1526030.0
1765731900000,2025-12-14 19:05:00,0.0002564,0.0002564,0.0002558,0.0002558,993110.0
1765732200000,2025-12-14 19:10:00,0.0002558,0.0002558,0.0002537,0.0002539,23087600.0
1765732500000,2025-12-14 19:15:00,0.0002539,0.0002545,0.0002533,0.0002542,15318300.0
1765732800000,2025-12-14 19:20:00,0.0002542,0.0002549,0.0002542,0.0002549,770830.0
1765733100000,2025-12-14 19:25:00,0.0002549,0.0002549,0.0002543,0.0002544,2386690.0
1765733400000,2025-12-14 19:30:00,0.0002544,0.0002544,0.0002537,0.000254,1015490.0
1765733700000,2025-12-14 19:35:00,0.000254,0.000254,0.0002538,0.0002538,1830610.0
1765734000000,2025-12-14 19:40:00,0.0002538,0.000254,0.0002536,0.000254,3730180.0
1765734300000,2025-12-14 19:45:00,0.000254,0.0002545,0.0002539,0.0002543,12402980.0
1765734600000,2025-12-14 19:50:00,0.0002543,0.0002544,0.0002543,0.0002544,96530.0
1765734900000,2025-12-14 19:55:00,0.0002544,0.0002544,0.0002543,0.0002543,1687510.0
1765735200000,2025-12-14 20:00:00,0.0002543,0.0002543,0.0002539,0.0002541,2575410.0
1765735500000,2025-12-14 20:05:00,0.0002541,0.0002544,0.0002541,0.0002543,2943020.0
1765735800000,2025-12-14 20:10:00,0.0002543,0.0002543,0.000254,0.0002542,5728600.0
1765736100000,2025-12-14 20:15:00,0.0002542,0.0002545,0.0002539,0.0002545,5797620.0
1765736400000,2025-12-14 20:20:00,0.0002545,0.0002545,0.0002542,0.0002542,52260.0
1765736700000,2025-12-14 20:25:00,0.0002542,0.0002542,0.0002527,0.000253,14632910.0
1765737000000,2025-12-14 20:30:00,0.000253,0.0002535,0.000253,0.0002535,6401040.0
1765737300000,2025-12-14 20:35:00,0.0002535,0.0002535,0.0002529,0.0002532,7134990.0
1765737600000,2025-12-14 20:40:00,0.0002532,0.0002532,0.0002526,0.0002528,4001740.0
1765737900000,2025-12-14 20:45:00,0.0002528,0.0002528,0.0002525,0.0002526,3950960.0
1765738200000,2025-12-14 20:50:00,0.0002526,0.0002533,0.0002526,0.0002533,1141420.0
1765738500000,2025-12-14 20:55:00,0.0002533,0.0002539,0.0002533,0.0002539,616950.0
1765738800000,2025-12-14 21:00:00,0.0002539,0.0002539,0.0002534,0.0002535,3560370.0
1765739100000,2025-12-14 21:05:00,0.0002535,0.0002535,0.0002529,0.0002529,6610010.0
1765739400000,2025-12-14 21:10:00,0.0002529,0.0002529,0.0002524,0.0002526,2748080.0
1765739700000,2025-12-14 21:15:00,0.0002526,0.0002527,0.0002526,0.0002527,3795960.0
1765740000000,2025-12-14 21:20:00,0.0002527,0.0002527,0.0002527,0.0002527,0.0
1765740300000,2025-12-14 21:25:00,0.0002527,0.0002527,0.0002526,0.0002527,498180.0
1765740600000,2025-12-14 21:30:00,0.0002527,0.000253,0.0002527,0.000253,1437760.0
1765740900000,2025-12-14 21:35:00,0.000253,0.000253,0.0002524,0.0002524,1758280.0
1765741200000,2025-12-14 21:40:00,0.0002524,0.0002524,0.0002517,0.0002523,17603070.0
1765741500000,2025-12-14 21:45:00,0.0002523,0.0002524,0.0002522,0.0002524,2098240.0
1765741800000,2025-12-14 21:50:00,0.0002524,0.000253,0.0002524,0.000253,4674680.0
1765742100000,2025-12-14 21:55:00,0.000253,0.0002533,0.000253,0.0002532,483480.0
1765742400000,2025-12-14 22:00:00,0.0002532,0.0002532,0.0002527,0.0002527,2877000.0
1765742700000,2025-12-14 22:05:00,0.0002527,0.0002528,0.0002524,0.0002528,9446750.0
1765743000000,2025-12-14 22:10:00,0.0002528,0.0002541,0.000252,0.0002541,19491860.0
1765743300000,2025-12-14 22:15:00,0.0002541,0.0002542,0.0002537,0.0002538,8639580.0
1765743600000,2025-12-14 22:20:00,0.0002538,0.000254,0.0002535,0.0002535,2147630.0
1765743900000,2025-12-14 22:25:00,0.0002535,0.0002538,0.0002533,0.0002533,3304580.0
1765744200000,2025-12-14 22:30:00,0.0002533,0.0002537,0.0002532,0.0002532,8856140.0
1765744500000,2025-12-14 22:35:00,0.0002532,0.0002536,0.0002532,0.0002533,8045930.0
1765744800000,2025-12-14 22:40:00,0.0002533,0.0002535,0.0002533,0.0002535,5626910.0
1765745100000,2025-12-14 22:45:00,0.0002535,0.0002536,0.0002535,0.0002535,6837020.0
1765745400000,2025-12-14 22:50:00,0.0002535,0.0002535,0.0002532,0.0002534,2534350.0
1765745700000,2025-12-14 22:55:00,0.0002534,0.0002534,0.0002532,0.0002532,5200970.0
1765746000000,2025-12-14 23:00:00,0.0002532,0.0002532,0.000252,0.0002521,21850270.0
1765746300000,2025-12-14 23:05:00,0.0002521,0.0002521,0.0002507,0.0002512,15560810.0
1765746600000,2025-12-14 23:10:00,0.0002512,0.0002513,0.0002512,0.0002512,610490.0
1765746900000,2025-12-14 23:15:00,0.0002512,0.0002517,0.0002512,0.0002517,5122890.0
1765747200000,2025-12-14 23:20:00,0.0002517,0.000252,0.0002517,0.000252,4403590.0
1765747500000,2025-12-14 23:25:00,0.000252,0.000252,0.0002515,0.0002515,1863780.0
1765747800000,2025-12-14 23:30:00,0.0002515,0.0002517,0.0002514,0.0002517,2085310.0
1765748100000,2025-12-14 23:35:00,0.0002517,0.0002517,0.0002514,0.0002514,549360.0
1765748400000,2025-12-14 23:40:00,0.0002514,0.0002514,0.0002511,0.0002513,1018320.0
1765748700000,2025-12-14 23:45:00,0.0002513,0.0002515,0.0002507,0.0002509,8766320.0
1765749000000,2025-12-14 23:50:00,0.0002509,0.0002509,0.0002508,0.0002508,1224020.0
1765749300000,2025-12-14 23:55:00,0.0002508,0.000251,0.0002507,0.000251,11002860.0
1765749600000,2025-12-15 00:00:00,0.000251,0.0002517,0.000251,0.0002517,18378150.0
1765749900000,2025-12-15 00:05:00,0.0002517,0.0002519,0.0002516,0.0002519,1910740.0
1765750200000,2025-12-15 00:10:00,0.0002519,0.0002521,0.0002516,0.0002518,18284970.0
1765750500000,2025-12-15 00:15:00,0.0002518,0.0002519,0.0002508,0.0002508,5789940.0
1765750800000,2025-12-15 00:20:00,0.0002508,0.000251,0.0002508,0.0002509,739360.0
1765751100000,2025-12-15 00:25:00,0.0002509,0.000251,0.0002508,0.0002509,767440.0
1765751400000,2025-12-15 00:30:00,0.0002509,0.0002509,0.0002502,0.0002502,7670240.0
1765751700000,2025-12-15 00:35:00,0.0002502,0.0002504,0.0002499,0.0002499,3216640.0
1765752000000,2025-12-15 00:40:00,0.0002499,0.0002501,0.0002495,0.0002499,8297290.0
1765752300000,2025-12-15 00:45:00,0.0002499,0.0002506,0.0002499,0.0002502,7714640.0
1765752600000,2025-12-15 00:50:00,0.0002502,0.000251,0.0002502,0.0002508,1445150.0
1765752900000,2025-12-15 00:55:00,0.0002508,0.0002511,0.0002506,0.0002511,182550.0
1765753200000,2025-12-15 01:00:00,0.0002511,0.000252,0.0002508,0.0002508,10348130.0
1765753500000,2025-12-15 01:05:00,0.0002508,0.0002508,0.0002505,0.0002505,839050.0
1765753800000,2025-12-15 01:10:00,0.0002505,0.0002505,0.00025,0.00025,1792630.0
1765754100000,2025-12-15 01:15:00,0.00025,0.0002506,0.00025,0.0002503,2461390.0
1765754400000,2025-12-15 01:20:00,0.0002503,0.0002504,0.0002502,0.0002502,2997130.0
1765754700000,2025-12-15 01:25:00,0.0002502,0.0002503,0.0002502,0.0002503,1858470.0
1765755000000,2025-12-15 01:30:00,0.0002503,0.0002509,0.000248,0.0002505,39395760.0
1765755300000,2025-12-15 01:35:00,0.0002505,0.0002505,0.0002496,0.0002505,9099570.0
1765755600000,2025-12-15 01:40:00,0.0002505,0.0002506,0.0002504,0.0002506,1484820.0
1765755900000,2025-12-15 01:45:00,0.0002506,0.0002509,0.0002504,0.0002507,7038120.0
1765756200000,2025-12-15 01:50:00,0.0002507,0.0002512,0.0002507,0.0002512,4268200.0
1765756500000,2025-12-15 01:55:00,0.0002512,0.0002512,0.0002506,0.0002506,3160850.0
1765756800000,2025-12-15 02:00:00,0.0002506,0.0002523,0.0002506,0.0002511,13314610.0
1765757100000,2025-12-15 02:05:00,0.0002511,0.0002511,0.0002508,0.0002508,1660440.0
1765757400000,2025-12-15 02:10:00,0.0002508,0.0002508,0.0002505,0.0002506,1674360.0
1765757700000,2025-12-15 02:15:00,0.0002506,0.0002514,0.0002505,0.0002514,3599250.0
1765758000000,2025-12-15 02:20:00,0.0002514,0.0002518,0.000251,0.0002518,3310320.0
1765758300000,2025-12-15 02:25:00,0.0002518,0.0002519,0.0002517,0.0002517,625680.0
1765758600000,2025-12-15 02:30:00,0.0002517,0.000252,0.0002515,0.0002516,8772440.0
1765758900000,2025-12-15 02:35:00,0.0002516,0.0002516,0.0002509,0.0002511,5062160.0
1765759200000,2025-12-15 02:40:00,0.0002511,0.0002511,0.0002509,0.000251,338350.0
1765759500000,2025-12-15 02:45:00,0.000251,0.0002512,0.000251,0.0002512,358070.0
1765759800000,2025-12-15 02:50:00,0.0002512,0.0002512,0.000251,0.0002512,736460.0
1765760100000,2025-12-15 02:55:00,0.0002512,0.0002517,0.0002512,0.0002517,27640.0
1765760400000,2025-12-15 03:00:00,0.0002517,0.0002518,0.0002512,0.0002512,2794380.0
1765760700000,2025-12-15 03:05:00,0.0002512,0.0002513,0.0002511,0.0002512,4109660.0
1765761000000,2025-12-15 03:10:00,0.0002512,0.0002512,0.000251,0.0002512,840580.0
1765761300000,2025-12-15 03:15:00,0.0002512,0.0002515,0.0002512,0.0002513,1684550.0
1765761600000,2025-12-15 03:20:00,0.0002513,0.0002515,0.0002512,0.0002515,3304610.0
1765761900000,2025-12-15 03:25:00,0.0002515,0.0002515,0.0002515,0.0002515,38990.0
1765762200000,2025-12-15 03:30:00,0.0002515,0.0002522,0.0002515,0.0002522,3548730.0
1765762500000,2025-12-15 03:35:00,0.0002522,0.000254,0.0002522,0.0002532,7904060.0
1765762800000,2025-12-15 03:40:00,0.0002532,0.0002532,0.0002526,0.0002526,5792080.0
1765763100000,2025-12-15 03:45:00,0.0002526,0.0002528,0.0002525,0.0002528,4936860.0
1765763400000,2025-12-15 03:50:00,0.0002528,0.0002531,0.0002527,0.0002527,8872590.0
1765763700000,2025-12-15 03:55:00,0.0002527,0.0002529,0.0002526,0.0002529,8287200.0
1765764000000,2025-12-15 04:00:00,0.0002529,0.0002534,0.0002528,0.0002533,3899200.0
1765764300000,2025-12-15 04:05:00,0.0002533,0.0002539,0.0002533,0.0002536,7570620.0
1765764600000,2025-12-15 04:10:00,0.0002536,0.0002537,0.0002532,0.0002532,3983100.0
1765764900000,2025-12-15 04:15:00,0.0002532,0.0002549,0.0002532,0.0002546,21012800.0
1765765200000,2025-12-15 04:20:00,0.0002546,0.0002551,0.0002544,0.0002544,5445260.0
1765765500000,2025-12-15 04:25:00,0.0002544,0.0002544,0.0002541,0.0002543,2319410.0
1765765800000,2025-12-15 04:30:00,0.0002543,0.0002545,0.0002543,0.0002543,4574800.0
1765766100000,2025-12-15 04:35:00,0.0002543,0.0002543,0.0002539,0.0002539,4035680.0
1765766400000,2025-12-15 04:40:00,0.0002539,0.0002539,0.0002535,0.0002535,1947570.0
1765766700000,2025-12-15 04:45:00,0.0002535,0.0002535,0.0002528,0.000253,1656560.0
1765767000000,2025-12-15 04:50:00,0.000253,0.000253,0.0002528,0.0002528,190260.0
1765767300000,2025-12-15 04:55:00,0.0002528,0.000253,0.0002528,0.0002529,1088470.0
1765767600000,2025-12-15 05:00:00,0.0002529,0.0002531,0.0002528,0.0002528,6426160.0
1765767900000,2025-12-15 05:05:00,0.0002528,0.0002528,0.0002522,0.0002524,3954080.0
1765768200000,2025-12-15 05:10:00,0.0002524,0.0002524,0.000252,0.0002522,1322090.0
1765768500000,2025-12-15 05:15:00,0.0002522,0.0002529,0.0002522,0.0002529,3319690.0
1765768800000,2025-12-15 05:20:00,0.0002529,0.0002529,0.0002526,0.0002526,2324810.0
1765769100000,2025-12-15 05:25:00,0.0002526,0.0002526,0.0002525,0.0002526,77020.0
1765769400000,2025-12-15 05:30:00,0.0002526,0.0002527,0.0002521,0.0002523,4639280.0
1765769700000,2025-12-15 05:35:00,0.0002523,0.0002523,0.0002521,0.0002522,1880950.0
1765770000000,2025-12-15 05:40:00,0.0002522,0.0002523,0.0002521,0.0002522,2975080.0
1765770300000,2025-12-15 05:45:00,0.0002522,0.0002524,0.0002522,0.0002523,1313360.0
1765770600000,2025-12-15 05:50:00,0.0002523,0.0002523,0.0002522,0.0002522,220370.0
1765770900000,2025-12-15 05:55:00,0.0002522,0.0002524,0.0002522,0.0002523,2268760.0
1765771200000,2025-12-15 06:00:00,0.0002523,0.0002528,0.0002523,0.0002528,1945490.0
1765771500000,2025-12-15 06:05:00,0.0002528,0.0002529,0.0002526,0.0002526,2720570.0
1765771800000,2025-12-15 06:10:00,0.0002526,0.0002527,0.0002526,0.0002526,1258730.0
1765772100000,2025-12-15 06:15:00,0.0002526,0.0002526,0.0002526,0.0002526,0.0
1765772400000,2025-12-15 06:20:00,0.0002526,0.0002526,0.0002524,0.0002524,880640.0
1765772700000,2025-12-15 06:25:00,0.0002524,0.0002524,0.0002522,0.0002522,140.0
1765773000000,2025-12-15 06:30:00,0.0002522,0.0002526,0.0002522,0.0002526,720080.0
1765773300000,2025-12-15 06:35:00,0.0002526,0.0002532,0.0002526,0.0002532,421530.0
1765773600000,2025-12-15 06:40:00,0.0002532,0.0002533,0.0002532,0.0002533,920100.0
1765773900000,2025-12-15 06:45:00,0.0002533,0.0002533,0.0002528,0.0002529,3095990.0
1765774200000,2025-12-15 06:50:00,0.0002529,0.0002529,0.0002526,0.0002527,1044090.0
1765774500000,2025-12-15 06:55:00,0.0002527,0.0002529,0.0002519,0.0002519,15302320.0
1765774800000,2025-12-15 07:00:00,0.0002519,0.0002523,0.0002519,0.0002522,1174460.0
1765775100000,2025-12-15 07:05:00,0.0002522,0.0002523,0.000252,0.000252,3408050.0
1765775400000,2025-12-15 07:10:00,0.000252,0.0002523,0.000252,0.0002522,327740.0
1765775700000,2025-12-15 07:15:00,0.0002522,0.0002525,0.0002522,0.0002525,1990910.0
1765776000000,2025-12-15 07:20:00,0.0002525,0.0002526,0.0002522,0.0002526,3716180.0
1765776300000,2025-12-15 07:25:00,0.0002526,0.0002528,0.0002526,0.0002528,2102550.0
1765776600000,2025-12-15 07:30:00,0.0002528,0.000253,0.0002528,0.000253,1799420.0
1765776900000,2025-12-15 07:35:00,0.000253,0.000253,0.0002529,0.0002529,251380.0
1765777200000,2025-12-15 07:40:00,0.0002529,0.0002529,0.0002527,0.0002527,61150.0
1765777500000,2025-12-15 07:45:00,0.0002527,0.0002527,0.0002527,0.0002527,0.0
1765777800000,2025-12-15 07:50:00,0.0002527,0.0002528,0.0002526,0.0002528,1382700.0
1765778100000,2025-12-15 07:55:00,0.0002528,0.000253,0.0002528,0.000253,304330.0
1765778400000,2025-12-15 08:00:00,0.000253,0.000253,0.0002528,0.0002528,831240.0
1765778700000,2025-12-15 08:05:00,0.0002528,0.0002528,0.0002528,0.0002528,1228750.0
1765779000000,2025-12-15 08:10:00,0.0002528,0.0002528,0.0002525,0.0002525,2769330.0
1765779300000,2025-12-15 08:15:00,0.0002525,0.0002527,0.0002525,0.0002527,32080.0
1765779600000,2025-12-15 08:20:00,0.0002527,0.0002531,0.0002527,0.0002531,914440.0
1765779900000,2025-12-15 08:25:00,0.0002531,0.0002531,0.0002531,0.0002531,80580.0
1765780200000,2025-12-15 08:30:00,0.0002531,0.0002532,0.000253,0.0002532,5120.0
1765780500000,2025-12-15 08:35:00,0.0002532,0.0002532,0.000253,0.000253,1410180.0
1765780800000,2025-12-15 08:40:00,0.000253,0.000253,0.0002529,0.0002529,760.0
1765781100000,2025-12-15 08:45:00,0.0002529,0.0002531,0.0002529,0.0002531,450330.0
1765781400000,2025-12-15 08:50:00,0.0002531,0.0002533,0.0002531,0.0002533,531700.0
1765781700000,2025-12-15 08:55:00,0.0002533,0.0002533,0.0002529,0.0002529,339310.0
1765782000000,2025-12-15 09:00:00,0.0002529,0.0002531,0.0002524,0.0002524,1838690.0
1765782300000,2025-12-15 09:05:00,0.0002524,0.0002524,0.0002518,0.0002519,681370.0
1765782600000,2025-12-15 09:10:00,0.0002519,0.0002521,0.0002519,0.000252,948740.0
1765782900000,2025-12-15 09:15:00,0.000252,0.0002521,0.0002517,0.0002517,672950.0
1765783200000,2025-12-15 09:20:00,0.0002517,0.0002519,0.0002517,0.0002519,25590.0
1765783500000,2025-12-15 09:25:00,0.0002519,0.0002521,0.0002519,0.0002521,12990.0
1765783800000,2025-12-15 09:30:00,0.0002521,0.0002523,0.0002521,0.0002521,881260.0
1765784100000,2025-12-15 09:35:00,0.0002521,0.0002524,0.0002521,0.0002523,1505250.0
1765784400000,2025-12-15 09:40:00,0.0002523,0.0002523,0.0002522,0.0002522,140.0
1765784700000,2025-12-15 09:45:00,0.0002522,0.0002524,0.0002521,0.0002521,789860.0
1765785000000,2025-12-15 09:50:00,0.0002521,0.0002523,0.0002521,0.0002523,4500.0
1765785300000,2025-12-15 09:55:00,0.0002523,0.0002525,0.0002523,0.0002525,61360.0
1765785600000,2025-12-15 10:00:00,0.0002525,0.0002525,0.0002523,0.0002524,1144090.0
1765785900000,2025-12-15 10:05:00,0.0002524,0.000253,0.0002524,0.0002526,9444890.0
1765786200000,2025-12-15 10:10:00,0.0002526,0.0002528,0.0002526,0.0002528,8287920.0
1765786500000,2025-12-15 10:15:00,0.0002528,0.0002531,0.0002528,0.0002531,3298290.0
1765786800000,2025-12-15 10:20:00,0.0002531,0.0002532,0.0002531,0.0002532,23700.0
1765787100000,2025-12-15 10:25:00,0.0002532,0.0002532,0.0002532,0.0002532,746440.0
1765787400000,2025-12-15 10:30:00,0.0002532,0.0002532,0.0002525,0.0002525,2713060.0
1765787700000,2025-12-15 10:35:00,0.0002525,0.0002539,0.0002525,0.0002539,24443130.0
1765788000000,2025-12-15 10:40:00,0.0002539,0.0002561,0.0002538,0.0002542,66509840.0
1765788300000,2025-12-15 10:45:00,0.0002542,0.0002554,0.0002535,0.0002535,30407370.0
1765788600000,2025-12-15 10:50:00,0.0002535,0.000254,0.0002535,0.0002539,7510390.0
1765788900000,2025-12-15 10:55:00,0.0002539,0.0002542,0.0002539,0.000254,4564250.0
1765789200000,2025-12-15 11:00:00,0.000254,0.000254,0.0002538,0.000254,2675640.0
1765789500000,2025-12-15 11:05:00,0.000254,0.0002547,0.000254,0.0002546,7122110.0
1765789800000,2025-12-15 11:10:00,0.0002546,0.0002546,0.0002543,0.0002544,5606780.0
1765790100000,2025-12-15 11:15:00,0.0002544,0.0002545,0.0002542,0.0002542,4821980.0
1765790400000,2025-12-15 11:20:00,0.0002542,0.0002542,0.0002542,0.0002542,173400.0
1765790700000,2025-12-15 11:25:00,0.0002542,0.0002543,0.0002542,0.0002542,1455310.0
1765791000000,2025-12-15 11:30:00,0.0002542,0.0002542,0.0002535,0.0002535,4295980.0
1765791300000,2025-12-15 11:35:00,0.0002535,0.0002536,0.0002532,0.0002532,1736540.0
1765791600000,2025-12-15 11:40:00,0.0002532,0.0002534,0.0002532,0.0002532,758730.0
1765791900000,2025-12-15 11:45:00,0.0002532,0.0002532,0.0002532,0.0002532,0.0
1765792200000,2025-12-15 11:50:00,0.0002532,0.0002538,0.0002532,0.0002537,6152780.0
1765792500000,2025-12-15 11:55:00,0.0002537,0.0002539,0.0002537,0.0002538,1103010.0
1765792800000,2025-12-15 12:00:00,0.0002538,0.0002538,0.0002534,0.0002537,2863740.0
1765793100000,2025-12-15 12:05:00,0.0002537,0.0002538,0.0002535,0.0002535,1723160.0
1765793400000,2025-12-15 12:10:00,0.0002535,0.0002535,0.0002535,0.0002535,0.0
1765793700000,2025-12-15 12:15:00,0.0002535,0.0002537,0.0002535,0.0002537,3560.0
1765794000000,2025-12-15 12:20:00,0.0002537,0.0002537,0.0002537,0.0002537,359230.0
1765794300000,2025-12-15 12:25:00,0.0002537,0.0002541,0.0002537,0.0002541,2260900.0
1765794600000,2025-12-15 12:30:00,0.0002541,0.0002543,0.0002541,0.0002541,437510.0
1765794900000,2025-12-15 12:35:00,0.0002541,0.0002541,0.0002538,0.0002538,709730.0
1765795200000,2025-12-15 12:40:00,0.0002538,0.0002538,0.0002537,0.0002537,3698940.0
1765795500000,2025-12-15 12:45:00,0.0002537,0.0002537,0.0002537,0.0002537,0.0
1765795800000,2025-12-15 12:50:00,0.0002537,0.0002538,0.0002535,0.0002537,8652070.0
1765796100000,2025-12-15 12:55:00,0.0002537,0.0002537,0.0002536,0.0002536,160380.0
1765796400000,2025-12-15 13:00:00,0.0002536,0.0002536,0.0002536,0.0002536,2268220.0
1765796700000,2025-12-15 13:05:00,0.0002536,0.0002537,0.0002536,0.0002536,1027910.0
1765797000000,2025-12-15 13:10:00,0.0002536,0.0002536,0.0002535,0.0002535,200.0
1765797300000,2025-12-15 13:15:00,0.0002535,0.0002536,0.0002535,0.0002535,427570.0
1765797600000,2025-12-15 13:20:00,0.0002535,0.0002537,0.0002535,0.0002537,8580.0
1765797900000,2025-12-15 13:25:00,0.0002537,0.0002539,0.0002537,0.0002539,1805700.0
1765798200000,2025-12-15 13:30:00,0.0002539,0.0002539,0.0002538,0.0002538,110.0
1765798500000,2025-12-15 13:35:00,0.0002538,0.0002538,0.0002537,0.0002537,802470.0
1765798800000,2025-12-15 13:40:00,0.0002537,0.0002537,0.000253,0.0002531,6609430.0
1765799100000,2025-12-15 13:45:00,0.0002531,0.0002532,0.0002531,0.0002531,1630.0
1765799400000,2025-12-15 13:50:00,0.0002531,0.0002532,0.0002531,0.0002532,188780.0
1765799700000,2025-12-15 13:55:00,0.0002532,0.0002532,0.0002532,0.0002532,0.0
1765800000000,2025-12-15 14:00:00,0.0002532,0.0002538,0.0002532,0.0002532,6400990.0
1765800300000,2025-12-15 14:05:00,0.0002532,0.0002533,0.0002529,0.0002529,927220.0
1765800600000,2025-12-15 14:10:00,0.0002529,0.0002529,0.0002527,0.0002528,412480.0
1765800900000,2025-12-15 14:15:00,0.0002528,0.0002533,0.0002528,0.0002533,4231770.0
1765801200000,2025-12-15 14:20:00,0.0002533,0.0002533,0.0002533,0.0002533,0.0
1765801500000,2025-12-15 14:25:00,0.0002533,0.0002533,0.0002533,0.0002533,0.0
1765801800000,2025-12-15 14:30:00,0.0002533,0.0002536,0.0002528,0.0002528,11963240.0
1765802100000,2025-12-15 14:35:00,0.0002528,0.000253,0.0002528,0.000253,2727660.0
1765802400000,2025-12-15 14:40:00,0.000253,0.000253,0.000253,0.000253,0.0
1765802700000,2025-12-15 14:45:00,0.000253,0.000253,0.000253,0.000253,0.0
1765803000000,2025-12-15 14:50:00,0.000253,0.000254,0.000253,0.0002539,9059970.0
1765803300000,2025-12-15 14:55:00,0.0002539,0.0002547,0.0002537,0.0002547,9079660.0
1765803600000,2025-12-15 15:00:00,0.0002547,0.0002548,0.0002542,0.0002543,15082130.0
1765803900000,2025-12-15 15:05:00,0.0002543,0.0002546,0.0002539,0.0002546,9304050.0
1765804200000,2025-12-15 15:10:00,0.0002546,0.0002552,0.0002544,0.0002552,1561180.0
1765804500000,2025-12-15 15:15:00,0.0002552,0.0002552,0.0002548,0.0002548,718910.0
1765804800000,2025-12-15 15:20:00,0.0002548,0.0002551,0.0002548,0.000255,1774590.0
1765805100000,2025-12-15 15:25:00,0.000255,0.000256,0.000255,0.0002557,9393110.0
1765805400000,2025-12-15 15:30:00,0.0002557,0.0002557,0.0002552,0.0002556,2129360.0
1765805700000,2025-12-15 15:35:00,0.0002556,0.0002556,0.0002548,0.0002553,2439690.0
1765806000000,2025-12-15 15:40:00,0.0002553,0.0002555,0.0002553,0.0002555,113730.0
1765806300000,2025-12-15 15:45:00,0.0002555,0.0002562,0.0002555,0.0002562,1578450.0
1765806600000,2025-12-15 15:50:00,0.0002562,0.0002563,0.000256,0.0002562,4591300.0
1765806900000,2025-12-15 15:55:00,0.0002562,0.0002562,0.0002557,0.0002557,339550.0
1765807200000,2025-12-15 16:00:00,0.0002557,0.0002559,0.0002555,0.0002558,2429440.0
1765807500000,2025-12-15 16:05:00,0.0002558,0.0002558,0.0002552,0.0002552,1270080.0
1765807800000,2025-12-15 16:10:00,0.0002552,0.0002552,0.0002548,0.0002552,3505420.0
1765808100000,2025-12-15 16:15:00,0.0002552,0.0002569,0.0002552,0.0002564,23424670.0
1765808400000,2025-12-15 16:20:00,0.0002564,0.0002564,0.0002555,0.0002555,6294370.0
1765808700000,2025-12-15 16:25:00,0.0002555,0.0002557,0.0002552,0.0002556,3864200.0
1765809000000,2025-12-15 16:30:00,0.0002556,0.0002556,0.0002545,0.0002545,5803790.0
1765809300000,2025-12-15 16:35:00,0.0002545,0.0002571,0.0002545,0.0002559,24881920.0
1765809600000,2025-12-15 16:40:00,0.0002559,0.000256,0.0002553,0.0002556,3416850.0
1765809900000,2025-12-15 16:45:00,0.0002556,0.0002556,0.0002539,0.0002543,21814580.0
1765810200000,2025-12-15 16:50:00,0.0002543,0.0002547,0.0002533,0.0002535,22673050.0
1765810500000,2025-12-15 16:55:00,0.0002535,0.0002535,0.0002508,0.0002524,53352650.0
1765810800000,2025-12-15 17:00:00,0.0002524,0.0002524,0.000249,0.0002501,64568960.0
1765811100000,2025-12-15 17:05:00,0.0002501,0.0002526,0.0002494,0.0002517,33762500.0
1765811400000,2025-12-15 17:10:00,0.0002517,0.0002517,0.0002504,0.0002508,10827710.0
1765811700000,2025-12-15 17:15:00,0.0002508,0.0002508,0.0002471,0.0002476,41697220.0
1765812000000,2025-12-15 17:20:00,0.0002476,0.0002489,0.0002463,0.0002465,50063480.0
1765812300000,2025-12-15 17:25:00,0.0002465,0.0002481,0.0002465,0.0002481,19662080.0
1765812600000,2025-12-15 17:30:00,0.0002481,0.0002501,0.0002476,0.0002487,30177070.0
1765812900000,2025-12-15 17:35:00,0.0002487,0.0002489,0.000248,0.000248,9898620.0
1765813200000,2025-12-15 17:40:00,0.000248,0.0002493,0.0002475,0.0002493,11714160.0
1765813500000,2025-12-15 17:45:00,0.0002493,0.0002506,0.0002493,0.0002496,15637640.0
1765813800000,2025-12-15 17:50:00,0.0002496,0.0002498,0.0002486,0.0002486,5099300.0
1765814100000,2025-12-15 17:55:00,0.0002486,0.0002491,0.0002486,0.000249,3695420.0
1765814400000,2025-12-15 18:00:00,0.000249,0.000249,0.0002473,0.0002478,14276560.0
1765814700000,2025-12-15 18:05:00,0.0002478,0.0002489,0.0002476,0.0002489,10267160.0
1765815000000,2025-12-15 18:10:00,0.0002489,0.0002491,0.0002481,0.0002486,10906890.0
1765815300000,2025-12-15 18:15:00,0.0002486,0.0002494,0.0002485,0.0002494,5627290.0
1765815600000,2025-12-15 18:20:00,0.0002494,0.0002494,0.000249,0.0002493,6020190.0
1765815900000,2025-12-15 18:25:00,0.0002493,0.0002496,0.0002493,0.0002493,1301120.0
1765816200000,2025-12-15 18:30:00,0.0002493,0.0002493,0.0002484,0.0002484,2082470.0
1765816500000,2025-12-15 18:35:00,0.0002484,0.0002488,0.0002464,0.0002466,16217920.0
1765816800000,2025-12-15 18:40:00,0.0002466,0.0002473,0.0002457,0.0002464,18674660.0
1765817100000,2025-12-15 18:45:00,0.0002464,0.0002464,0.0002444,0.0002447,31893450.0
1765817400000,2025-12-15 18:50:00,0.0002447,0.0002455,0.0002447,0.0002455,18820120.0
1765817700000,2025-12-15 18:55:00,0.0002455,0.0002458,0.000245,0.000245,5848720.0
1765818000000,2025-12-15 19:00:00,0.000245,0.0002455,0.0002445,0.0002445,9168460.0
1765818300000,2025-12-15 19:05:00,0.0002445,0.0002452,0.0002445,0.0002447,7289690.0
1765818600000,2025-12-15 19:10:00,0.0002447,0.0002451,0.0002444,0.0002444,8420920.0
1765818900000,2025-12-15 19:15:00,0.0002444,0.0002447,0.0002442,0.0002443,8036020.0
1765819200000,2025-12-15 19:20:00,0.0002443,0.0002446,0.0002442,0.0002443,7002370.0
1765819500000,2025-12-15 19:25:00,0.0002443,0.0002443,0.0002436,0.0002439,11396100.0
1765819800000,2025-12-15 19:30:00,0.0002439,0.0002439,0.0002422,0.0002423,12450090.0
1765820100000,2025-12-15 19:35:00,0.0002423,0.0002428,0.0002423,0.0002426,6279150.0
1765820400000,2025-12-15 19:40:00,0.0002426,0.0002433,0.0002425,0.0002427,6210150.0
1765820700000,2025-12-15 19:45:00,0.0002427,0.0002427,0.000242,0.0002422,1948640.0
1765821000000,2025-12-15 19:50:00,0.0002422,0.0002425,0.0002408,0.0002424,24380780.0
1765821300000,2025-12-15 19:55:00,0.0002424,0.0002426,0.0002423,0.0002426,7091730.0
1765821600000,2025-12-15 20:00:00,0.0002426,0.0002429,0.0002421,0.0002422,6945920.0
1765821900000,2025-12-15 20:05:00,0.0002422,0.0002431,0.0002422,0.0002428,2841200.0
1765822200000,2025-12-15 20:10:00,0.0002428,0.0002433,0.0002426,0.0002431,8096430.0
1765822500000,2025-12-15 20:15:00,0.0002431,0.0002432,0.0002428,0.0002429,4613490.0
1765822800000,2025-12-15 20:20:00,0.0002429,0.0002429,0.0002421,0.0002422,6326020.0
1765823100000,2025-12-15 20:25:00,0.0002422,0.0002422,0.000242,0.000242,5865590.0
1765823400000,2025-12-15 20:30:00,0.000242,0.0002422,0.0002416,0.0002419,4808690.0
1765823700000,2025-12-15 20:35:00,0.0002419,0.0002419,0.00024,0.000241,22744700.0
1765824000000,2025-12-15 20:40:00,0.000241,0.0002422,0.000241,0.0002416,4837950.0
1765824300000,2025-12-15 20:45:00,0.0002416,0.0002422,0.0002415,0.000242,3649460.0
1765824600000,2025-12-15 20:50:00,0.000242,0.0002422,0.0002419,0.0002422,865380.0
1765824900000,2025-12-15 20:55:00,0.0002422,0.0002435,0.0002422,0.0002435,2394500.0
1765825200000,2025-12-15 21:00:00,0.0002435,0.0002452,0.0002434,0.000245,15886840.0
1765825500000,2025-12-15 21:05:00,0.000245,0.000245,0.0002442,0.0002442,8580510.0
1765825800000,2025-12-15 21:10:00,0.0002442,0.0002444,0.0002437,0.0002439,2578720.0
1765826100000,2025-12-15 21:15:00,0.0002439,0.0002448,0.0002438,0.0002448,3876230.0
1765826400000,2025-12-15 21:20:00,0.0002448,0.0002454,0.0002446,0.0002454,3944860.0
1765826700000,2025-12-15 21:25:00,0.0002454,0.0002454,0.000245,0.000245,1044770.0
1765827000000,2025-12-15 21:30:00,0.000245,0.0002454,0.000245,0.0002454,4448700.0
1765827300000,2025-12-15 21:35:00,0.0002454,0.0002454,0.0002449,0.0002453,4397870.0
1765827600000,2025-12-15 21:40:00,0.0002453,0.0002454,0.0002449,0.0002449,9390660.0
1765827900000,2025-12-15 21:45:00,0.0002449,0.0002449,0.0002443,0.0002447,3600690.0
1765828200000,2025-12-15 21:50:00,0.0002447,0.0002447,0.0002444,0.0002445,12476150.0
1765828500000,2025-12-15 21:55:00,0.0002445,0.0002445,0.0002443,0.0002443,62890.0
1765828800000,2025-12-15 22:00:00,0.0002443,0.0002443,0.0002433,0.000244,13342010.0
1765829100000,2025-12-15 22:05:00,0.000244,0.0002441,0.0002436,0.0002439,8884760.0
1765829400000,2025-12-15 22:10:00,0.0002439,0.0002439,0.0002429,0.0002431,7007320.0
1765829700000,2025-12-15 22:15:00,0.0002431,0.0002431,0.0002423,0.0002426,11763400.0
1765830000000,2025-12-15 22:20:00,0.0002426,0.0002428,0.0002421,0.0002426,4482190.0
1765830300000,2025-12-15 22:25:00,0.0002426,0.0002428,0.0002424,0.0002424,2418680.0
1765830600000,2025-12-15 22:30:00,0.0002424,0.0002435,0.0002422,0.0002435,12248810.0
1765830900000,2025-12-15 22:35:00,0.0002435,0.0002439,0.0002427,0.0002439,15047650.0
1765831200000,2025-12-15 22:40:00,0.0002439,0.0002439,0.0002434,0.0002435,5157490.0
1765831500000,2025-12-15 22:45:00,0.0002435,0.0002435,0.0002431,0.0002431,3588850.0
1765831800000,2025-12-15 22:50:00,0.0002431,0.0002433,0.000243,0.000243,1728800.0
1765832100000,2025-12-15 22:55:00,0.000243,0.0002434,0.000243,0.0002431,2574860.0
1765832400000,2025-12-15 23:00:00,0.0002431,0.0002434,0.0002431,0.0002434,1042490.0
1765832700000,2025-12-15 23:05:00,0.0002434,0.0002435,0.000243,0.0002434,2896210.0
1765833000000,2025-12-15 23:10:00,0.0002434,0.0002438,0.0002431,0.0002431,2066590.0
1765833300000,2025-12-15 23:15:00,0.0002431,0.0002431,0.000243,0.0002431,1765200.0
1765833600000,2025-12-15 23:20:00,0.0002431,0.0002434,0.0002431,0.0002434,4755470.0
1765833900000,2025-12-15 23:25:00,0.0002434,0.000244,0.0002434,0.0002439,2562490.0
1765834200000,2025-12-15 23:30:00,0.0002439,0.000244,0.0002439,0.0002439,1864270.0
1765834500000,2025-12-15 23:35:00,0.0002439,0.0002443,0.0002439,0.0002443,230380.0
1765834800000,2025-12-15 23:40:00,0.0002443,0.0002443,0.0002436,0.0002436,2579640.0
1765835100000,2025-12-15 23:45:00,0.0002436,0.0002439,0.0002436,0.0002439,2436490.0
1765835400000,2025-12-15 23:50:00,0.0002439,0.0002439,0.0002439,0.0002439,966560.0
1765835700000,2025-12-15 23:55:00,0.0002439,0.0002444,0.0002439,0.0002442,1702340.0
1765836000000,2025-12-16 00:00:00,0.0002442,0.0002452,0.0002442,0.0002452,1437500.0
1765836300000,2025-12-16 00:05:00,0.0002452,0.0002452,0.000245,0.0002452,1390690.0
1765836600000,2025-12-16 00:10:00,0.0002452,0.0002454,0.0002451,0.0002453,2514740.0
1765836900000,2025-12-16 00:15:00,0.0002453,0.0002453,0.0002449,0.0002451,1732110.0
1765837200000,2025-12-16 00:20:00,0.0002451,0.0002451,0.0002447,0.0002447,1734660.0
1765837500000,2025-12-16 00:25:00,0.0002447,0.000245,0.0002447,0.000245,551310.0
1765837800000,2025-12-16 00:30:00,0.000245,0.0002452,0.000245,0.0002452,441600.0
1765838100000,2025-12-16 00:35:00,0.0002452,0.0002452,0.000245,0.000245,791120.0
1765838400000,2025-12-16 00:40:00,0.000245,0.000245,0.0002447,0.0002449,1375930.0
1765838700000,2025-12-16 00:45:00,0.0002449,0.0002449,0.0002449,0.0002449,0.0
1765839000000,2025-12-16 00:50:00,0.0002449,0.0002449,0.0002449,0.0002449,0.0
1765839300000,2025-12-16 00:55:00,0.0002449,0.0002451,0.0002448,0.0002451,2194070.0
1765839600000,2025-12-16 01:00:00,0.0002451,0.0002458,0.0002451,0.0002456,2030450.0
1765839900000,2025-12-16 01:05:00,0.0002456,0.0002459,0.0002455,0.0002459,2995780.0
1765840200000,2025-12-16 01:10:00,0.0002459,0.0002463,0.0002458,0.0002461,1217820.0
1765840500000,2025-12-16 01:15:00,0.0002461,0.0002463,0.0002461,0.0002461,802130.0
1765840800000,2025-12-16 01:20:00,0.0002461,0.0002461,0.0002459,0.0002459,635540.0
1765841100000,2025-12-16 01:25:00,0.0002459,0.0002459,0.0002458,0.0002458,32500.0
1765841400000,2025-12-16 01:30:00,0.0002458,0.0002458,0.0002456,0.0002457,87920.0
1765841700000,2025-12-16 01:35:00,0.0002457,0.0002463,0.0002457,0.0002463,1539860.0
1765842000000,2025-12-16 01:40:00,0.0002463,0.0002466,0.0002463,0.0002466,2742230.0
1765842300000,2025-12-16 01:45:00,0.0002466,0.0002466,0.0002464,0.0002464,95790.0
1765842600000,2025-12-16 01:50:00,0.0002464,0.0002466,0.0002464,0.0002465,769050.0
1765842900000,2025-12-16 01:55:00,0.0002465,0.0002465,0.0002465,0.0002465,24860.0
1765843200000,2025-12-16 02:00:00,0.0002465,0.0002465,0.0002462,0.0002465,1527910.0
1765843500000,2025-12-16 02:05:00,0.0002465,0.0002467,0.0002464,0.0002466,1766710.0
1765843800000,2025-12-16 02:10:00,0.0002466,0.0002467,0.0002463,0.0002465,630390.0
1765844100000,2025-12-16 02:15:00,0.0002465,0.0002468,0.0002465,0.0002468,1006900.0
1765844400000,2025-12-16 02:20:00,0.0002468,0.000247,0.0002467,0.000247,808100.0
1765844700000,2025-12-16 02:25:00,0.000247,0.000247,0.0002469,0.0002469,101240.0
1765845000000,2025-12-16 02:30:00,0.0002469,0.0002469,0.0002456,0.0002456,4889360.0
1765845300000,2025-12-16 02:35:00,0.0002456,0.0002457,0.0002454,0.0002455,5086530.0
1765845600000,2025-12-16 02:40:00,0.0002455,0.0002456,0.0002453,0.0002453,62150.0
1765845900000,2025-12-16 02:45:00,0.0002453,0.0002453,0.0002445,0.0002447,3541980.0
1765846200000,2025-12-16 02:50:00,0.0002447,0.0002447,0.0002443,0.0002443,247660.0
1765846500000,2025-12-16 02:55:00,0.0002443,0.0002443,0.0002439,0.0002439,166560.0
1765846800000,2025-12-16 03:00:00,0.0002439,0.0002448,0.0002439,0.0002442,5144430.0
1765847100000,2025-12-16 03:05:00,0.0002442,0.0002443,0.000244,0.0002443,1523510.0
1765847400000,2025-12-16 03:10:00,0.0002443,0.0002455,0.0002443,0.0002448,30233150.0
1765847700000,2025-12-16 03:15:00,0.0002448,0.0002448,0.0002445,0.0002445,1638460.0
1765848000000,2025-12-16 03:20:00,0.0002445,0.0002445,0.0002442,0.0002442,4167890.0
1765848300000,2025-12-16 03:25:00,0.0002442,0.0002442,0.0002434,0.0002434,1202850.0
1765848600000,2025-12-16 03:30:00,0.0002434,0.0002439,0.0002434,0.0002438,3053000.0
1765848900000,2025-12-16 03:35:00,0.0002438,0.0002438,0.0002429,0.000243,4303110.0
1765849200000,2025-12-16 03:40:00,0.000243,0.0002435,0.000243,0.0002435,724580.0
1765849500000,2025-12-16 03:45:00,0.0002435,0.0002439,0.0002433,0.0002434,2459360.0
1765849800000,2025-12-16 03:50:00,0.0002434,0.0002439,0.0002434,0.0002435,3802420.0
1765850100000,2025-12-16 03:55:00,0.0002435,0.0002438,0.0002435,0.0002438,1621650.0
1765850400000,2025-12-16 04:00:00,0.0002438,0.000244,0.0002436,0.0002438,2158690.0
1765850700000,2025-12-16 04:05:00,0.0002438,0.0002438,0.0002434,0.0002435,2379840.0
1765851000000,2025-12-16 04:10:00,0.0002435,0.0002443,0.0002435,0.0002443,944570.0
1765851300000,2025-12-16 04:15:00,0.0002443,0.0002449,0.0002443,0.0002449,4381870.0
1765851600000,2025-12-16 04:20:00,0.0002449,0.0002456,0.0002448,0.0002456,2200970.0
1765851900000,2025-12-16 04:25:00,0.0002456,0.0002461,0.000245,0.0002459,5478580.0
1765852200000,2025-12-16 04:30:00,0.0002459,0.000246,0.0002455,0.0002459,2311840.0
1765852500000,2025-12-16 04:35:00,0.0002459,0.0002459,0.0002454,0.0002455,839850.0
1765852800000,2025-12-16 04:40:00,0.0002455,0.0002459,0.0002455,0.0002459,3947510.0
1765853100000,2025-12-16 04:45:00,0.0002459,0.000246,0.0002459,0.0002459,1418530.0
1765853400000,2025-12-16 04:50:00,0.0002459,0.0002459,0.0002454,0.0002454,6577980.0
1765853700000,2025-12-16 04:55:00,0.0002454,0.0002454,0.0002451,0.0002453,3051260.0
1765854000000,2025-12-16 05:00:00,0.0002453,0.000246,0.0002453,0.0002459,3088020.0
1765854300000,2025-12-16 05:05:00,0.0002459,0.0002459,0.0002455,0.0002458,749170.0
1765854600000,2025-12-16 05:10:00,0.0002458,0.0002458,0.0002454,0.0002454,3674950.0
1765854900000,2025-12-16 05:15:00,0.0002454,0.0002456,0.0002453,0.0002455,527870.0
1765855200000,2025-12-16 05:20:00,0.0002455,0.0002456,0.0002455,0.0002456,638770.0
1765855500000,2025-12-16 05:25:00,0.0002456,0.0002457,0.0002456,0.0002456,703930.0
1765855800000,2025-12-16 05:30:00,0.0002456,0.0002458,0.0002445,0.000245,4842190.0
1765856100000,2025-12-16 05:35:00,0.000245,0.0002458,0.000245,0.0002453,1777160.0
1765856400000,2025-12-16 05:40:00,0.0002453,0.0002458,0.0002453,0.0002458,278390.0
1765856700000,2025-12-16 05:45:00,0.0002458,0.0002458,0.0002457,0.0002457,315620.0
1765857000000,2025-12-16 05:50:00,0.0002457,0.0002459,0.0002457,0.0002459,94880.0
1765857300000,2025-12-16 05:55:00,0.0002459,0.0002462,0.0002459,0.000246,2116580.0
1765857600000,2025-12-16 06:00:00,0.000246,0.0002462,0.0002459,0.0002459,6131580.0
1765857900000,2025-12-16 06:05:00,0.0002459,0.0002459,0.0002457,0.0002458,404470.0
1765858200000,2025-12-16 06:10:00,0.0002458,0.0002461,0.0002458,0.0002461,478370.0
1765858500000,2025-12-16 06:15:00,0.0002461,0.0002461,0.0002456,0.0002456,634710.0
1765858800000,2025-12-16 06:20:00,0.0002456,0.0002456,0.000245,0.0002452,1242720.0
1765859100000,2025-12-16 06:25:00,0.0002452,0.0002453,0.0002447,0.0002448,415190.0
1765859400000,2025-12-16 06:30:00,0.0002448,0.0002449,0.0002448,0.0002449,34290.0
1765859700000,2025-12-16 06:35:00,0.0002449,0.0002449,0.0002446,0.0002446,2795430.0
1765860000000,2025-12-16 06:40:00,0.0002446,0.0002446,0.0002446,0.0002446,4720.0
1765860300000,2025-12-16 06:45:00,0.0002446,0.0002446,0.0002414,0.0002429,34843370.0
1765860600000,2025-12-16 06:50:00,0.0002429,0.0002444,0.0002429,0.0002442,13754210.0
1765860900000,2025-12-16 06:55:00,0.0002442,0.0002446,0.0002441,0.0002446,898530.0
1765861200000,2025-12-16 07:00:00,0.0002446,0.0002452,0.0002443,0.000245,26902130.0
1765861500000,2025-12-16 07:05:00,0.000245,0.0002453,0.000245,0.0002453,1399830.0
1765861800000,2025-12-16 07:10:00,0.0002453,0.0002456,0.000245,0.000245,3228460.0
1765862100000,2025-12-16 07:15:00,0.000245,0.0002453,0.000245,0.0002453,4351340.0
1765862400000,2025-12-16 07:20:00,0.0002453,0.0002453,0.0002451,0.0002452,3094630.0
1765862700000,2025-12-16 07:25:00,0.0002452,0.0002458,0.0002452,0.0002458,1525480.0
1765863000000,2025-12-16 07:30:00,0.0002458,0.0002458,0.0002453,0.0002453,955760.0
1765863300000,2025-12-16 07:35:00,0.0002453,0.0002453,0.0002452,0.0002452,246350.0
1765863600000,2025-12-16 07:40:00,0.0002452,0.0002458,0.0002452,0.0002456,3472060.0
1765863900000,2025-12-16 07:45:00,0.0002456,0.0002458,0.0002453,0.0002455,1342580.0
1765864200000,2025-12-16 07:50:00,0.0002455,0.0002455,0.000245,0.0002451,1176930.0
1765864500000,2025-12-16 07:55:00,0.0002451,0.0002454,0.0002451,0.0002452,1191630.0
1765864800000,2025-12-16 08:00:00,0.0002452,0.000246,0.0002451,0.000246,1084110.0
1765865100000,2025-12-16 08:05:00,0.000246,0.000246,0.0002459,0.000246,700820.0
1765865400000,2025-12-16 08:10:00,0.000246,0.0002461,0.000246,0.0002461,47620.0
1765865700000,2025-12-16 08:15:00,0.0002461,0.0002466,0.0002461,0.0002466,1046270.0
1765866000000,2025-12-16 08:20:00,0.0002466,0.0002467,0.0002466,0.0002467,131750.0
1765866300000,2025-12-16 08:25:00,0.0002467,0.0002471,0.0002467,0.0002468,845290.0
1765866600000,2025-12-16 08:30:00,0.0002468,0.0002471,0.0002468,0.0002468,323830.0
1765866900000,2025-12-16 08:35:00,0.0002468,0.000247,0.0002468,0.000247,262460.0
1765867200000,2025-12-16 08:40:00,0.000247,0.000247,0.0002468,0.0002468,443760.0
1765867500000,2025-12-16 08:45:00,0.0002468,0.0002472,0.0002468,0.0002468,1565800.0
1765867800000,2025-12-16 08:50:00,0.0002468,0.000247,0.0002468,0.000247,110030.0
1765868100000,2025-12-16 08:55:00,0.000247,0.0002474,0.000247,0.0002472,742780.0
1765868400000,2025-12-16 09:00:00,0.0002472,0.0002476,0.000247,0.0002473,2621290.0
1765868700000,2025-12-16 09:05:00,0.0002473,0.0002475,0.0002472,0.0002472,6262380.0
1765869000000,2025-12-16 09:10:00,0.0002472,0.0002474,0.0002464,0.0002464,3822940.0
1765869300000,2025-12-16 09:15:00,0.0002464,0.0002464,0.0002458,0.000246,3947410.0
1765869600000,2025-12-16 09:20:00,0.000246,0.000246,0.0002455,0.0002457,1205720.0
1765869900000,2025-12-16 09:25:00,0.0002457,0.0002457,0.0002456,0.0002457,166070.0
1765870200000,2025-12-16 09:30:00,0.0002457,0.000246,0.0002453,0.0002453,1534890.0
1765870500000,2025-12-16 09:35:00,0.0002453,0.0002453,0.0002451,0.0002451,1492790.0
1765870800000,2025-12-16 09:40:00,0.0002451,0.0002451,0.0002442,0.0002442,998980.0
1765871100000,2025-12-16 09:45:00,0.0002442,0.0002449,0.0002442,0.0002449,1663370.0
1765871400000,2025-12-16 09:50:00,0.0002449,0.0002449,0.0002445,0.0002449,1001380.0
1765871700000,2025-12-16 09:55:00,0.0002449,0.0002449,0.0002447,0.0002447,541720.0
1765872000000,2025-12-16 10:00:00,0.0002447,0.0002452,0.0002444,0.0002451,1984850.0
1765872300000,2025-12-16 10:05:00,0.0002451,0.0002455,0.0002451,0.0002454,1077680.0
1765872600000,2025-12-16 10:10:00,0.0002454,0.0002457,0.0002454,0.0002457,616320.0
1765872900000,2025-12-16 10:15:00,0.0002457,0.0002457,0.0002451,0.0002451,1086260.0
1765873200000,2025-12-16 10:20:00,0.0002451,0.0002453,0.0002451,0.0002453,1469960.0
1765873500000,2025-12-16 10:25:00,0.0002453,0.0002456,0.0002453,0.0002456,2467480.0
1765873800000,2025-12-16 10:30:00,0.0002456,0.0002458,0.0002456,0.0002458,59300.0
1765874100000,2025-12-16 10:35:00,0.0002458,0.0002458,0.0002449,0.0002449,2832530.0
1765874400000,2025-12-16 10:40:00,0.0002449,0.0002456,0.0002449,0.0002456,1126370.0
1765874700000,2025-12-16 10:45:00,0.0002456,0.0002459,0.0002454,0.0002454,868630.0
1765875000000,2025-12-16 10:50:00,0.0002454,0.0002454,0.0002442,0.0002447,27210670.0
1765875300000,2025-12-16 10:55:00,0.0002447,0.0002451,0.0002446,0.0002448,4494480.0
1765875600000,2025-12-16 11:00:00,0.0002448,0.0002455,0.0002448,0.0002455,6319940.0
1765875900000,2025-12-16 11:05:00,0.0002455,0.0002455,0.0002452,0.0002452,2631670.0
1765876200000,2025-12-16 11:10:00,0.0002452,0.0002454,0.0002452,0.0002454,2126970.0
1765876500000,2025-12-16 11:15:00,0.0002454,0.0002454,0.0002454,0.0002454,703350.0
1765876800000,2025-12-16 11:20:00,0.0002454,0.0002454,0.0002454,0.0002454,0.0
1765877100000,2025-12-16 11:25:00,0.0002454,0.0002454,0.0002449,0.000245,4080080.0
1765877400000,2025-12-16 11:30:00,0.000245,0.0002454,0.000245,0.0002453,1346520.0
1765877700000,2025-12-16 11:35:00,0.0002453,0.0002453,0.0002448,0.0002452,798670.0
1765878000000,2025-12-16 11:40:00,0.0002452,0.0002452,0.0002452,0.0002452,0.0
1765878300000,2025-12-16 11:45:00,0.0002452,0.0002453,0.0002452,0.0002453,407830.0
1765878600000,2025-12-16 11:50:00,0.0002453,0.0002453,0.0002451,0.0002452,1530600.0
1765878900000,2025-12-16 11:55:00,0.0002452,0.0002456,0.0002452,0.0002456,439640.0
1765879200000,2025-12-16 12:00:00,0.0002456,0.0002457,0.0002454,0.0002456,12933370.0
1765879500000,2025-12-16 12:05:00,0.0002456,0.0002456,0.0002456,0.0002456,0.0
1765879800000,2025-12-16 12:10:00,0.0002456,0.0002461,0.0002456,0.0002461,784860.0
1765880100000,2025-12-16 12:15:00,0.0002461,0.0002466,0.0002461,0.0002466,565480.0
1765880400000,2025-12-16 12:20:00,0.0002466,0.0002466,0.0002461,0.0002463,1635390.0
1765880700000,2025-12-16 12:25:00,0.0002463,0.0002466,0.0002463,0.0002463,1097970.0
1765881000000,2025-12-16 12:30:00,0.0002463,0.0002463,0.0002463,0.0002463,0.0
1765881300000,2025-12-16 12:35:00,0.0002463,0.000248,0.0002463,0.0002478,8377960.0
1765881600000,2025-12-16 12:40:00,0.0002478,0.0002489,0.0002477,0.0002484,14836110.0
1765881900000,2025-12-16 12:45:00,0.0002484,0.0002492,0.0002481,0.0002481,4909540.0
1765882200000,2025-12-16 12:50:00,0.0002481,0.0002483,0.0002479,0.0002483,408890.0
1765882500000,2025-12-16 12:55:00,0.0002483,0.0002483,0.000248,0.000248,804260.0
1765882800000,2025-12-16 13:00:00,0.000248,0.000248,0.0002471,0.0002476,3021900.0
1765883100000,2025-12-16 13:05:00,0.0002476,0.0002478,0.0002473,0.0002475,2415400.0
1765883400000,2025-12-16 13:10:00,0.0002475,0.0002476,0.0002474,0.0002476,481420.0
1765883700000,2025-12-16 13:15:00,0.0002476,0.0002481,0.0002476,0.0002477,2102800.0
1765884000000,2025-12-16 13:20:00,0.0002477,0.0002484,0.0002477,0.0002484,125490.0
1765884300000,2025-12-16 13:25:00,0.0002484,0.0002486,0.0002482,0.0002486,1060060.0
1765884600000,2025-12-16 13:30:00,0.0002486,0.0002489,0.0002486,0.0002486,1823950.0
1765884900000,2025-12-16 13:35:00,0.0002486,0.0002487,0.0002484,0.0002484,1366720.0
1765885200000,2025-12-16 13:40:00,0.0002484,0.0002485,0.0002484,0.0002484,878100.0
1765885500000,2025-12-16 13:45:00,0.0002484,0.0002485,0.0002484,0.0002484,1650.0
1765885800000,2025-12-16 13:50:00,0.0002484,0.0002488,0.0002484,0.0002488,900600.0
1765886100000,2025-12-16 13:55:00,0.0002488,0.0002488,0.0002488,0.0002488,247560.0
1765886400000,2025-12-16 14:00:00,0.0002488,0.0002489,0.0002488,0.0002489,451610.0
1765886700000,2025-12-16 14:05:00,0.0002489,0.0002489,0.0002488,0.0002488,408830.0
1765887000000,2025-12-16 14:10:00,0.0002488,0.000249,0.0002488,0.000249,1439400.0
1765887300000,2025-12-16 14:15:00,0.000249,0.0002492,0.000249,0.0002492,3148270.0
1765887600000,2025-12-16 14:20:00,0.0002492,0.0002492,0.0002487,0.0002487,1128160.0
1765887900000,2025-12-16 14:25:00,0.0002487,0.0002487,0.0002487,0.0002487,0.0
1765888200000,2025-12-16 14:30:00,0.0002487,0.0002487,0.0002482,0.0002484,8838050.0
1765888500000,2025-12-16 14:35:00,0.0002484,0.0002484,0.0002484,0.0002484,1183420.0
1765888800000,2025-12-16 14:40:00,0.0002484,0.0002484,0.0002484,0.0002484,104860.0
1765889100000,2025-12-16 14:45:00,0.0002484,0.000249,0.0002484,0.000249,1670020.0
1765889400000,2025-12-16 14:50:00,0.000249,0.0002494,0.0002486,0.0002494,3673320.0
1765889700000,2025-12-16 14:55:00,0.0002494,0.0002494,0.0002494,0.0002494,28070.0
1765890000000,2025-12-16 15:00:00,0.0002494,0.0002494,0.0002492,0.0002494,2761450.0
1765890300000,2025-12-16 15:05:00,0.0002494,0.0002494,0.0002491,0.0002492,2539610.0
1765890600000,2025-12-16 15:10:00,0.0002492,0.0002492,0.000249,0.0002491,1360330.0
1765890900000,2025-12-16 15:15:00,0.0002491,0.0002496,0.0002491,0.0002496,1014130.0
1765891200000,2025-12-16 15:20:00,0.0002496,0.0002499,0.0002495,0.0002499,1067600.0
1765891500000,2025-12-16 15:25:00,0.0002499,0.0002499,0.0002494,0.0002496,4756700.0
1765891800000,2025-12-16 15:30:00,0.0002496,0.0002518,0.0002471,0.0002474,31563260.0
1765892100000,2025-12-16 15:35:00,0.0002474,0.0002481,0.000247,0.0002476,12580670.0
1765892400000,2025-12-16 15:40:00,0.0002476,0.0002489,0.0002476,0.000248,9829320.0
1765892700000,2025-12-16 15:45:00,0.000248,0.0002487,0.000248,0.0002487,5846450.0
1765893000000,2025-12-16 15:50:00,0.0002487,0.0002487,0.0002483,0.0002483,1335130.0
1765893300000,2025-12-16 15:55:00,0.0002483,0.0002484,0.0002475,0.0002475,8923800.0
1765893600000,2025-12-16 16:00:00,0.0002475,0.0002478,0.0002462,0.0002474,17823610.0
1765893900000,2025-12-16 16:05:00,0.0002474,0.0002494,0.0002474,0.000249,9441130.0
1765894200000,2025-12-16 16:10:00,0.000249,0.000249,0.0002485,0.0002485,1467990.0
1765894500000,2025-12-16 16:15:00,0.0002485,0.0002486,0.0002482,0.0002482,2539110.0
1765894800000,2025-12-16 16:20:00,0.0002482,0.0002492,0.0002482,0.0002486,3232860.0
1765895100000,2025-12-16 16:25:00,0.0002486,0.0002486,0.0002482,0.0002485,5038640.0
1765895400000,2025-12-16 16:30:00,0.0002485,0.0002498,0.0002477,0.000248,23160220.0
1765895700000,2025-12-16 16:35:00,0.000248,0.0002489,0.000248,0.0002485,10439440.0
1765896000000,2025-12-16 16:40:00,0.0002485,0.0002486,0.0002477,0.000248,8470640.0
1765896300000,2025-12-16 16:45:00,0.000248,0.0002486,0.0002471,0.0002483,15703810.0
1765896600000,2025-12-16 16:50:00,0.0002483,0.0002504,0.0002482,0.000249,15945680.0
1765896900000,2025-12-16 16:55:00,0.000249,0.000249,0.0002485,0.000249,2853230.0
1765897200000,2025-12-16 17:00:00,0.000249,0.0002495,0.0002482,0.0002485,4305720.0
1765897500000,2025-12-16 17:05:00,0.0002485,0.0002502,0.0002485,0.000249,11548130.0
1765897800000,2025-12-16 17:10:00,0.000249,0.0002496,0.0002488,0.0002496,3765360.0
1765898100000,2025-12-16 17:15:00,0.0002496,0.0002496,0.0002483,0.0002487,3765060.0
1765898400000,2025-12-16 17:20:00,0.0002487,0.0002492,0.0002485,0.000249,5377980.0
1765898700000,2025-12-16 17:25:00,0.000249,0.0002494,0.0002486,0.0002493,4536730.0
1765899000000,2025-12-16 17:30:00,0.0002493,0.0002498,0.0002491,0.0002494,4619650.0
1765899300000,2025-12-16 17:35:00,0.0002494,0.0002496,0.000249,0.000249,3665840.0
1765899600000,2025-12-16 17:40:00,0.000249,0.0002498,0.000249,0.0002496,5048760.0
1765899900000,2025-12-16 17:45:00,0.0002496,0.0002508,0.0002496,0.0002505,12374680.0
1765900200000,2025-12-16 17:50:00,0.0002505,0.0002513,0.0002502,0.0002511,4763390.0
1765900500000,2025-12-16 17:55:00,0.0002511,0.0002512,0.0002508,0.0002508,5135410.0
1765900800000,2025-12-16 18:00:00,0.0002508,0.0002512,0.0002501,0.0002501,10857990.0
1765901100000,2025-12-16 18:05:00,0.0002501,0.0002505,0.0002501,0.0002503,8431950.0
1765901400000,2025-12-16 18:10:00,0.0002503,0.0002505,0.0002502,0.0002502,577240.0
1765901700000,2025-12-16 18:15:00,0.0002502,0.0002505,0.0002502,0.0002505,3684970.0
1765902000000,2025-12-16 18:20:00,0.0002505,0.000251,0.0002503,0.0002505,4484140.0
1765902300000,2025-12-16 18:25:00,0.0002505,0.0002512,0.0002505,0.0002512,1509310.0
1765902600000,2025-12-16 18:30:00,0.0002512,0.0002512,0.0002504,0.0002504,1495190.0
1765902900000,2025-12-16 18:35:00,0.0002504,0.0002504,0.0002486,0.0002491,25852660.0
1765903200000,2025-12-16 18:40:00,0.0002491,0.0002492,0.0002486,0.0002492,3062000.0
1765903500000,2025-12-16 18:45:00,0.0002492,0.0002492,0.0002488,0.0002491,1825970.0
1765903800000,2025-12-16 18:50:00,0.0002491,0.0002495,0.0002491,0.0002491,2002630.0
1765904100000,2025-12-16 18:55:00,0.0002491,0.0002492,0.000249,0.000249,1867740.0
1765904400000,2025-12-16 19:00:00,0.000249,0.0002492,0.0002486,0.0002492,2685270.0
1765904700000,2025-12-16 19:05:00,0.0002492,0.0002495,0.0002492,0.0002495,3706420.0
1765905000000,2025-12-16 19:10:00,0.0002495,0.0002497,0.0002494,0.0002494,657500.0
1765905300000,2025-12-16 19:15:00,0.0002494,0.0002496,0.0002493,0.0002493,1185950.0
1765905600000,2025-12-16 19:20:00,0.0002493,0.0002493,0.0002484,0.0002484,1708110.0
1765905900000,2025-12-16 19:25:00,0.0002484,0.0002484,0.0002479,0.000248,10947080.0
1765906200000,2025-12-16 19:30:00,0.000248,0.000248,0.000248,0.000248,936020.0
1765906500000,2025-12-16 19:35:00,0.000248,0.0002485,0.0002477,0.0002478,7559220.0
1765906800000,2025-12-16 19:40:00,0.0002478,0.0002478,0.0002473,0.0002474,3088860.0
1765907100000,2025-12-16 19:45:00,0.0002474,0.0002474,0.0002474,0.0002474,0.0
1765907400000,2025-12-16 19:50:00,0.0002474,0.0002474,0.0002473,0.0002473,1908700.0
1765907700000,2025-12-16 19:55:00,0.0002473,0.0002474,0.0002472,0.0002472,1675350.0
1765908000000,2025-12-16 20:00:00,0.0002472,0.0002481,0.000247,0.0002481,7322120.0
1765908300000,2025-12-16 20:05:00,0.0002481,0.0002487,0.000248,0.0002483,2014590.0
1765908600000,2025-12-16 20:10:00,0.0002483,0.0002484,0.000248,0.000248,737970.0
1765908900000,2025-12-16 20:15:00,0.000248,0.000248,0.0002476,0.0002476,694610.0
1765909200000,2025-12-16 20:20:00,0.0002476,0.0002479,0.0002475,0.0002479,2592480.0
1765909500000,2025-12-16 20:25:00,0.0002479,0.0002479,0.0002475,0.0002475,198590.0
1765909800000,2025-12-16 20:30:00,0.0002475,0.0002484,0.0002475,0.0002484,7351640.0
1765910100000,2025-12-16 20:35:00,0.0002484,0.0002486,0.0002484,0.0002486,1193570.0
1765910400000,2025-12-16 20:40:00,0.0002486,0.0002492,0.0002486,0.0002492,11679550.0
1765910700000,2025-12-16 20:45:00,0.0002492,0.00025,0.0002492,0.0002498,7566140.0
1765911000000,2025-12-16 20:50:00,0.0002498,0.0002506,0.0002498,0.0002503,11486020.0
1765911300000,2025-12-16 20:55:00,0.0002503,0.0002505,0.0002498,0.0002503,19212900.0
1765911600000,2025-12-16 21:00:00,0.0002503,0.0002512,0.0002502,0.0002506,13493060.0
1765911900000,2025-12-16 21:05:00,0.0002506,0.0002507,0.0002503,0.0002503,1405650.0
1765912200000,2025-12-16 21:10:00,0.0002503,0.0002503,0.0002497,0.0002498,1331010.0
1765912500000,2025-12-16 21:15:00,0.0002498,0.0002498,0.0002492,0.0002492,43080.0
1765912800000,2025-12-16 21:20:00,0.0002492,0.0002493,0.0002492,0.0002492,2559240.0
1765913100000,2025-12-16 21:25:00,0.0002492,0.0002493,0.0002486,0.000249,5440920.0
1765913400000,2025-12-16 21:30:00,0.000249,0.0002497,0.000249,0.0002497,4984770.0
1765913700000,2025-12-16 21:35:00,0.0002497,0.0002501,0.0002497,0.00025,847010.0
1765914000000,2025-12-16 21:40:00,0.00025,0.0002591,0.00025,0.0002578,161761570.0
1765914300000,2025-12-16 21:45:00,0.0002578,0.0002613,0.0002522,0.0002535,295141040.0
1765914600000,2025-12-16 21:50:00,0.0002535,0.0002537,0.0002509,0.0002509,51863280.0
1765914900000,2025-12-16 21:55:00,0.0002509,0.0002514,0.0002497,0.0002509,37237320.0
1765915200000,2025-12-16 22:00:00,0.0002509,0.0002518,0.0002502,0.0002505,22399120.0
1765915500000,2025-12-16 22:05:00,0.0002505,0.0002506,0.0002502,0.0002502,16902110.0
1765915800000,2025-12-16 22:10:00,0.0002502,0.0002515,0.0002502,0.0002513,25206460.0
1765916100000,2025-12-16 22:15:00,0.0002513,0.0002515,0.0002506,0.0002508,33472720.0
1765916400000,2025-12-16 22:20:00,0.0002508,0.0002511,0.0002504,0.0002511,10838880.0
1765916700000,2025-12-16 22:25:00,0.0002511,0.0002511,0.0002505,0.0002507,6265890.0
1765917000000,2025-12-16 22:30:00,0.0002507,0.0002508,0.0002502,0.0002505,8611700.0
1765917300000,2025-12-16 22:35:00,0.0002505,0.0002507,0.0002504,0.0002504,1482100.0
1765917600000,2025-12-16 22:40:00,0.0002504,0.0002504,0.0002502,0.0002502,2196490.0
1765917900000,2025-12-16 22:45:00,0.0002502,0.0002508,0.0002495,0.0002495,13425570.0
1765918200000,2025-12-16 22:50:00,0.0002495,0.0002498,0.0002493,0.0002498,7172840.0
1765918500000,2025-12-16 22:55:00,0.0002498,0.00025,0.0002498,0.0002498,3623210.0
1765918800000,2025-12-16 23:00:00,0.0002498,0.00025,0.0002496,0.0002499,4315080.0
1765919100000,2025-12-16 23:05:00,0.0002499,0.00025,0.0002498,0.0002498,4226780.0
1765919400000,2025-12-16 23:10:00,0.0002498,0.0002498,0.0002493,0.0002493,1952340.0
1765919700000,2025-12-16 23:15:00,0.0002493,0.0002493,0.0002493,0.0002493,120330.0
